band_size,coverage,npv,subscribers_routed,leakage_rate,threshold,feasible,binding
51,0.0015477996965098633,0.9411764705882353,3,0.0008081896551724138,0.16142261129990224,False,"support,npv"
92,0.0027921092564491654,0.9347826086956522,6,0.0016163793103448276,0.16393374360583127,False,"support,npv"
137,0.004157814871016692,0.9416058394160584,8,0.0021551724137931034,0.16753324543014514,False,npv
189,0.005735963581183612,0.9523809523809523,9,0.0024245689655172415,0.1687015695026562,True,
201,0.0061001517450682856,0.9502487562189055,10,0.0026939655172413795,0.16914752459133545,True,
211,0.006403641881638847,0.943127962085308,12,0.003232758620689655,0.17444074813825491,False,npv
263,0.007981790591805767,0.9543726235741445,12,0.003232758620689655,0.1767791684965078,True,
283,0.00858877086494689,0.9540636042402827,13,0.003502155172413793,0.17904824239139938,True,
342,0.010379362670713202,0.9590643274853801,14,0.003771551724137931,0.1790962821992217,True,
522,0.01584218512898331,0.9540229885057471,24,0.00646551724137931,0.17967991924506257,True,
559,0.016965098634294386,0.9516994633273703,27,0.007273706896551724,0.18162876034161915,True,
570,0.017298937784522003,0.9526315789473684,27,0.007273706896551724,0.18200648696155483,True,
618,0.018755690440060698,0.9546925566343042,28,0.007543103448275862,0.18245328825024612,True,
798,0.024218512898330803,0.9536340852130326,37,0.009967672413793104,0.18292128170368097,True,
864,0.026221547799696508,0.9571759259259259,37,0.009967672413793104,0.18295206069342884,True,
890,0.027010622154779968,0.9550561797752809,40,0.010775862068965518,0.18350924740642124,True,
903,0.0274051593323217,0.955703211517165,40,0.010775862068965518,0.18375096664407004,True,
956,0.029013657056145677,0.9581589958158996,40,0.010775862068965518,0.184486947807753,True,
1135,0.034446130500758725,0.958590308370044,47,0.012661637931034482,0.18528236390960712,True,
1152,0.03496206373292868,0.9592013888888888,47,0.012661637931034482,0.1860605458506303,True,
1164,0.035326251896813356,0.9596219931271478,47,0.012661637931034482,0.18621175901009845,True,
1181,0.03584218512898331,0.9602032176121931,47,0.012661637931034482,0.18790007863414865,True,
1356,0.041153262518968135,0.9609144542772862,53,0.014278017241379311,0.1889850111687881,True,
1515,0.04597875569044006,0.9617161716171617,58,0.015625,0.1919886648205729,True,
1683,0.05107738998482549,0.9625668449197861,63,0.01697198275862069,0.1923053938444428,True,
1851,0.05617602427921092,0.9632631010264722,68,0.018318965517241378,0.19343844970012267,True,
1901,0.057693474962063736,0.96422935297212,68,0.018318965517241378,0.19390229601771392,True,
1983,0.06018209408194234,0.9631870902672718,73,0.01966594827586207,0.19451977565647866,True,
2079,0.06309559939301973,0.9615199615199616,80,0.021551724137931036,0.1945962659988359,True,
2164,0.0656752655538695,0.960720887245841,85,0.022898706896551723,0.19677830837582588,True,
2190,0.06646433990895297,0.960730593607306,86,0.023168103448275863,0.19809036394019663,True,
2431,0.07377845220030349,0.960510078157137,96,0.02586206896551724,0.1987571665497932,True,
2681,0.08136570561456753,0.9604625139873182,106,0.028556034482758622,0.199649674710108,True,
2701,0.08197268588770865,0.960755275823769,106,0.028556034482758622,0.20057664274858467,True,
2730,0.08285280728376328,0.9608058608058608,107,0.02882543103448276,0.20150955712418867,True,
2921,0.088649468892261,0.9626840123245464,109,0.029364224137931036,0.20173102195695522,True,
3091,0.09380880121396054,0.9644128113879004,110,0.029633620689655173,0.20244210336909182,True,
3343,0.10145675265553869,0.9644032306311696,119,0.03205818965517242,0.20248792980487157,True,
3362,0.10203338391502276,0.9646044021415824,119,0.03205818965517242,0.20330943520416528,True,
3404,0.10330804248861912,0.9647473560517039,120,0.032327586206896554,0.20399298626751855,True,
3642,0.11053110773899848,0.9648544755628775,128,0.034482758620689655,0.20410559008470036,True,
3894,0.11817905918057663,0.9650744735490498,136,0.036637931034482756,0.2043591507387293,True,
4153,0.12603945371775419,0.9643631110040934,148,0.03987068965517242,0.204410079304537,True,
4252,0.12904400606980274,0.9642521166509878,152,0.040948275862068964,0.20463514715039563,True,
4445,0.13490136570561456,0.9655793025871766,153,0.0412176724137931,0.20652733591860703,True,
4537,0.13769347496206374,0.9658364558078025,155,0.04175646551724138,0.20697334233861786,True,
4790,0.14537177541729893,0.9665970772442589,160,0.04310344827586207,0.20743871279437087,True,
5029,0.15262518968133534,0.966593756213959,168,0.04525862068965517,0.20745704644142038,True,
5116,0.15526555386949925,0.9667709147771697,170,0.045797413793103446,0.20836762585515814,True,
5138,0.15593323216995447,0.9669131957960296,170,0.045797413793103446,0.2100696626943583,True,
5175,0.15705614567526555,0.9671497584541063,170,0.045797413793103446,0.2113351320557957,True,
5257,0.15954476479514415,0.9674719421723417,171,0.04606681034482758,0.21157209198448843,True,
5525,0.1676783004552352,0.9679638009049774,177,0.04768318965517242,0.211748173345247,True,
5551,0.16846737481031868,0.968113853359755,177,0.04768318965517242,0.21176300910283408,True,
5653,0.17156297420333838,0.9681584999115513,180,0.04849137931034483,0.2126308501292377,True,
5678,0.17232169954476478,0.9682986967241987,180,0.04849137931034483,0.2131422191891487,True,
5705,0.1731411229135053,0.9684487291849255,180,0.04849137931034483,0.21490055086084886,True,
5795,0.17587253414264037,0.9687661777394305,181,0.048760775862068964,0.21520276477050468,True,
6078,0.18446130500758726,0.9695623560381704,185,0.04983836206896552,0.21591066469460157,True,
6175,0.18740515933232169,0.9700404858299595,185,0.04983836206896552,0.2542160589057527,True,
6179,0.18752655538694993,0.9698980417543291,186,0.050107758620689655,0.25441869047686116,True,
6195,0.1880121396054628,0.9698143664245359,187,0.05037715517241379,0.2552314437478685,True,
6229,0.18904400606980273,0.9698185904639589,188,0.05064655172413793,0.2564980801023381,True,
6235,0.18922610015174507,0.9696872493985565,189,0.05091594827586207,0.25670491803753503,True,
6255,0.1898330804248862,0.9697841726618706,189,0.05091594827586207,0.25750916112502403,True,
6276,0.19047040971168436,0.9697259400892289,190,0.05118534482758621,0.2575400135870921,True,
6317,0.19171471927162367,0.969922431533956,190,0.05118534482758621,0.25769813685825227,True,
6334,0.19223065250379362,0.9696874013261761,192,0.05172413793103448,0.2592463612664459,True,
6346,0.1925948406676783,0.9695871415064607,193,0.05199353448275862,0.25969012550789433,True,
6363,0.19311077389984826,0.9691969196919692,196,0.052801724137931036,0.26012259741732974,True,
6374,0.19344461305007588,0.9690931910887982,197,0.05307112068965517,0.2614155810431582,True,
6383,0.19371775417298936,0.9688234372552091,199,0.053609913793103446,0.26228663878167363,True,
6399,0.19420333839150228,0.9689013908423191,199,0.053609913793103446,0.26305157395430184,True,
6434,0.19526555386949923,0.9690705626359962,199,0.053609913793103446,0.26306741467614575,True,
6436,0.19532625189681335,0.9690801740211311,199,0.053609913793103446,0.26329807860886034,True,
6452,0.19581183611532627,0.9691568505889646,199,0.053609913793103446,0.26394302439163275,True,
6454,0.19587253414264036,0.9691664084288814,199,0.053609913793103446,0.26412341771452963,True,
6476,0.1965402124430956,0.9688079061148858,202,0.05441810344827586,0.26470930483827754,True,
6482,0.19672230652503794,0.9688367787719839,202,0.05441810344827586,0.26475498853699425,True,
6529,0.19814871016691957,0.9686016235258079,205,0.05522629310344827,0.2662796157845953,True,
6536,0.19836115326251896,0.9684822521419829,206,0.05549568965517242,0.2664042594376328,True,
6554,0.19890743550834597,0.9685688129386634,206,0.05549568965517242,0.26643207051969325,True,
6591,0.20003034901365704,0.9684418145956607,208,0.05603448275862069,0.2665867987211452,True,
6602,0.20036418816388468,0.9683429263859437,209,0.05630387931034483,0.2672298692474882,True,
6609,0.20057663125948408,0.9683764563474051,209,0.05630387931034483,0.2676086931066173,True,
6610,0.2006069802731411,0.9683812405446294,209,0.05630387931034483,0.2678600393005749,True,
6626,0.20109256449165402,0.9684575913069725,209,0.05630387931034483,0.2684860348244114,True,
6662,0.20218512898330804,0.9683278294806364,211,0.0568426724137931,0.26874540061721425,True,
6678,0.20267071320182095,0.9682539682539683,212,0.057112068965517244,0.2691100490734397,True,
6697,0.20324734446130502,0.9683440346423772,212,0.057112068965517244,0.26924084956595384,True,
6731,0.2042792109256449,0.9683553706730055,213,0.05738146551724138,0.2694294059878762,True,
6761,0.2051896813353566,0.9683478775329093,214,0.05765086206896552,0.26946279639092985,True,
6783,0.20585735963581184,0.9681556833259619,216,0.05818965517241379,0.26956756342143157,True,
6791,0.2061001517450683,0.9681931968782211,216,0.05818965517241379,0.26962490307186815,True,
6792,0.20613050075872535,0.9681978798586572,216,0.05818965517241379,0.26976806643419526,True,
6798,0.2063125948406677,0.9682259488084731,216,0.05818965517241379,0.2709277229955797,True,
6800,0.20637329286798178,0.9682352941176471,216,0.05818965517241379,0.2709650637278702,True,
6815,0.20682852807283764,0.9683052090975789,216,0.05818965517241379,0.27096580867677356,True,
6840,0.20758725341426404,0.968421052631579,216,0.05818965517241379,0.27097522741620633,True,
6863,0.20828528072837632,0.9685268832871922,216,0.05818965517241379,0.2709980657519938,True,
6876,0.20867981790591805,0.9684409540430483,217,0.05845905172413793,0.2711308331486755,True,
6894,0.20922610015174506,0.9683782999709892,218,0.05872844827586207,0.271208686551883,True,
6917,0.20992412746585737,0.9684834465808877,218,0.05872844827586207,0.2712368528313776,True,
6930,0.2103186646433991,0.9685425685425686,218,0.05872844827586207,0.27131163668789177,True,
6931,0.21034901365705613,0.9685471071995383,218,0.05872844827586207,0.2715786236031704,True,
6940,0.21062215477996965,0.9685878962536023,218,0.05872844827586207,0.2715809264131695,True,
6946,0.21080424886191199,0.9686150302332277,218,0.05872844827586207,0.2716282358050805,True,
6966,0.2114112291350531,0.9685615848406546,219,0.05899784482758621,0.27167172350169555,True,
6968,0.21147192716236723,0.9685706084959816,219,0.05899784482758621,0.2717070469811428,True,
6996,0.2123216995447648,0.9686963979416809,219,0.05899784482758621,0.2720678284799625,True,
6998,0.2123823975720789,0.9687053443841097,219,0.05899784482758621,0.2722145146516158,True,
6999,0.21241274658573597,0.9687098156879554,219,0.05899784482758621,0.2722429275316393,True,
7011,0.21277693474962064,0.9686207388389674,220,0.059267241379310345,0.27230459473894797,True,
7023,0.21314112291350532,0.9682471878114766,223,0.060075431034482756,0.27256700898279607,True,
7033,0.21344461305007587,0.9682923361296744,223,0.060075431034482756,0.2728819915902438,True,
7046,0.2138391502276176,0.9682089128583593,224,0.0603448275862069,0.27295030738902354,True,
7079,0.21484066767830046,0.9679333239158073,227,0.06115301724137931,0.27312126226420186,True,
7080,0.21487101669195752,0.9679378531073446,227,0.06115301724137931,0.2734707017344642,True,
7103,0.2155690440060698,0.9679008869491764,228,0.061422413793103446,0.27357408619138546,True,
7109,0.21575113808801213,0.9677873118582079,229,0.06169181034482758,0.2735843258448874,True,
7111,0.21581183611532626,0.9677963718183097,229,0.06169181034482758,0.2736250529647823,True,
7129,0.21635811836115326,0.9678776827044466,229,0.06169181034482758,0.2738956403257272,True,
7131,0.21641881638846738,0.9678866919085682,229,0.06169181034482758,0.2739446141797979,True,
7132,0.21644916540212444,0.9678911946158161,229,0.06169181034482758,0.2740526098782559,True,
7138,0.21663125948406678,0.9679181843653685,229,0.06169181034482758,0.2740567536125404,True,
7142,0.216752655538695,0.9679361523382806,229,0.06169181034482758,0.27423725682545613,True,
7263,0.2204248861911988,0.9677819083023544,234,0.06303879310344827,0.27467033558522314,True,
7307,0.22176024279210926,0.9675653482961544,237,0.06384698275862069,0.27485179736323717,True,
7319,0.22212443095599393,0.9676185271211915,237,0.06384698275862069,0.2751781495198613,True,
7332,0.22251896813353567,0.9676759410801964,237,0.06384698275862069,0.27525009296269776,True,
7342,0.22282245827010622,0.9677199673113593,237,0.06384698275862069,0.2753473680652738,True,
7354,0.2231866464339909,0.9676366603209138,238,0.06411637931034483,0.275572289542822,True,
7365,0.22352048558421853,0.9675492192803802,239,0.06438577586206896,0.2758180524282168,True,
7370,0.2236722306525038,0.9675712347354138,239,0.06438577586206896,0.27593212460022837,True,
7394,0.22440060698027314,0.9676764944549635,239,0.06438577586206896,0.27599693639645145,True,
7412,0.22494688922610015,0.967620075553157,240,0.06465517241379311,0.2761840643784038,True,
7431,0.22552352048558422,0.9677028663706096,240,0.06465517241379311,0.2763235012060762,True,
7448,0.22603945371775416,0.9677765843179377,240,0.06465517241379311,0.27633303058370084,True,
7464,0.22652503793626708,0.9678456591639871,240,0.06465517241379311,0.27640689366097276,True,
7563,0.22952959028831563,0.9673410022477853,247,0.06654094827586207,0.27642790452275967,True,
7571,0.22977238239757208,0.9673755118214239,247,0.06654094827586207,0.27650477882781177,True,
7617,0.23116843702579667,0.967047393987134,251,0.06761853448275862,0.2767414427436242,True,
7665,0.23262518968133536,0.9666014350945857,256,0.06896551724137931,0.2768318346801506,True,
7688,0.23332321699544764,0.9665712799167534,257,0.06923491379310345,0.2771281275423356,True,
7702,0.23374810318664643,0.9663723708127759,259,0.06977370689655173,0.27714796298198724,True,
7736,0.23477996965098635,0.9662616339193382,261,0.0703125,0.2772448489506522,True,
7747,0.23511380880121396,0.9663095391764555,261,0.0703125,0.2773832312531189,True,
7754,0.23532625189681336,0.9663399535723498,261,0.0703125,0.2774271280993885,True,
7800,0.23672230652503792,0.9661538461538461,264,0.07112068965517242,0.277476049281846,True,
7851,0.2382701062215478,0.9662463380461088,265,0.07139008620689655,0.2775459077121055,True,
7964,0.24169954476479513,0.9663485685585133,268,0.07219827586206896,0.277624477280393,True,
8086,0.245402124430956,0.9661142715805096,274,0.0738146551724138,0.27765899683494455,True,
8092,0.24558421851289833,0.9661393969352446,274,0.0738146551724138,0.277699194983396,True,
8137,0.24694992412746586,0.9657121789357257,279,0.07516163793103449,0.27781958935937423,True,
8264,0.250804248861912,0.9653920619554696,286,0.07704741379310345,0.2779268170899968,True,
8387,0.2545371775417299,0.965661142243949,288,0.07758620689655173,0.27799902816196104,True,
8413,0.25532625189681335,0.9657672649471056,288,0.07758620689655173,0.2780531388600401,True,
8438,0.25608497723823975,0.9658686892628585,288,0.07758620689655173,0.2782814614682358,True,
8454,0.25657056145675267,0.9659332860184529,288,0.07758620689655173,0.27835886796557036,True,
8482,0.25742033383915025,0.9656920537609055,291,0.07839439655172414,0.2785033476010239,True,
8485,0.2575113808801214,0.9657041838538597,291,0.07839439655172414,0.278534941523217,True,
8537,0.2590895295902883,0.9652102612158838,297,0.08001077586206896,0.2785665210757777,True,
8541,0.25921092564491655,0.9652265542676501,297,0.08001077586206896,0.27874571955680116,True,
8542,0.2592412746585736,0.9652306251463357,297,0.08001077586206896,0.2788094073688678,True,
8578,0.2603338391502276,0.9653765446491024,297,0.08001077586206896,0.27892191079732775,True,
8581,0.2604248861911988,0.9653886493415685,297,0.08001077586206896,0.2789670599169965,True,
8585,0.260546282245827,0.9654047757716948,297,0.08001077586206896,0.27922404748613666,True,
8612,0.2613657056145675,0.9653971202972597,298,0.08028017241379311,0.2794874666602534,True,
8647,0.26242792109256446,0.9650745923441656,302,0.08135775862068965,0.27958953849617635,True,
8650,0.26251896813353565,0.9650867052023121,302,0.08135775862068965,0.2798788342146995,True,
8658,0.26276176024279213,0.9651189651189651,302,0.08135775862068965,0.2799346794270957,True,
8659,0.2627921092564492,0.9651229934172537,302,0.08135775862068965,0.28031412685909723,True,
8694,0.26385432473444614,0.9652634000460087,302,0.08135775862068965,0.2804858255977349,True,
8713,0.2644309559939302,0.9652243773671525,303,0.0816271551724138,0.2805516243531657,True,
8714,0.26446130500758724,0.9652283681432178,303,0.0816271551724138,0.2806493964887019,True,
8737,0.2651593323216995,0.9650909923314639,305,0.08216594827586207,0.281017058008754,True,
8763,0.265948406676783,0.9649663357297729,307,0.08270474137931035,0.2813601053027397,True,
8767,0.26606980273141123,0.9648682559598495,308,0.08297413793103449,0.28160043621440084,True,
8852,0.268649468892261,0.9640759150474469,318,0.08566810344827586,0.2817292346352864,True,
8856,0.26877086494688923,0.9639792231255646,319,0.0859375,0.2818556660970621,True,
8885,0.2696509863429439,0.9635340461451886,324,0.08728448275862069,0.2818908664187753,True,
8886,0.26968133535660094,0.9635381498987171,324,0.08728448275862069,0.28201171168626255,True,
8910,0.2704097116843703,0.9636363636363636,324,0.08728448275862069,0.28202693419211067,True,
8912,0.27047040971168435,0.9636445242369839,324,0.08728448275862069,0.28212955467405043,True,
8942,0.27138088012139605,0.9637664951912324,324,0.08728448275862069,0.2826061520135271,True,
9063,0.2750531107738998,0.9639192320423701,327,0.08809267241379311,0.28262826474993374,True,
9148,0.27763277693474964,0.9632706602536073,336,0.09051724137931035,0.2826408434046093,True,
9157,0.2779059180576631,0.963306759855848,336,0.09051724137931035,0.28274268641006656,True,
9161,0.27802731411229137,0.9633227813557472,336,0.09051724137931035,0.28282374077629086,True,
9182,0.27866464339908953,0.9632977564800697,337,0.09078663793103449,0.2828290102940655,True,
9187,0.27881638846737483,0.9633177315772287,337,0.09078663793103449,0.2828568494709733,True,
9188,0.2788467374810319,0.9633217239878102,337,0.09078663793103449,0.2831065779793151,True,
9205,0.2793626707132018,0.9633894622487779,337,0.09078663793103449,0.28323655062748954,True,
9219,0.2797875569044006,0.9633365874823734,338,0.09105603448275862,0.2832737241715006,True,
9242,0.2804855842185129,0.9632114260982472,340,0.09159482758620689,0.28330333190925516,True,
9283,0.2817298937784522,0.9633739092965636,340,0.09159482758620689,0.2833321566524406,True,
9297,0.282154779969651,0.9634290631386468,340,0.09159482758620689,0.28354549797067646,True,
9310,0.2825493171471927,0.9634801288936627,340,0.09159482758620689,0.28362026983023264,True,
9352,0.2838239757207891,0.9635372112917023,341,0.09186422413793104,0.2837580903366307,True,
9378,0.2846130500758725,0.963531669865643,342,0.09213362068965517,0.28376553441476143,True,
9392,0.2850379362670713,0.9635860306643952,342,0.09213362068965517,0.2838560425701155,True,
9393,0.28506828528072836,0.9635899073778346,342,0.09213362068965517,0.2841388426767107,True,
9395,0.2851289833080425,0.9635976583288983,342,0.09213362068965517,0.28443868545289913,True,
9415,0.28573596358118364,0.9635687732342008,343,0.09240301724137931,0.28445203934101815,True,
9424,0.28600910470409713,0.9636035653650254,343,0.09240301724137931,0.2844653946697643,True,
9464,0.2872230652503794,0.9634404057480981,346,0.09321120689655173,0.28450191494009025,True,
9492,0.2880728376327769,0.9635482511588707,346,0.09321120689655173,0.28465758333649127,True,
9500,0.2883156297420334,0.9634736842105264,347,0.09348060344827586,0.2846604536300703,True,
9509,0.2885887708649469,0.9635082553370491,347,0.09348060344827586,0.2847682353651443,True,
9540,0.28952959028831565,0.9634171907756813,349,0.09401939655172414,0.2848404715811575,True,
9573,0.2905311077389985,0.9629165360910895,355,0.09563577586206896,0.2848740956529508,True,
9575,0.2905918057663126,0.9629242819843342,355,0.09563577586206896,0.2849920844572188,True,
9595,0.2911987860394537,0.9628973423658155,356,0.09590517241379311,0.28525066647677383,True,
9600,0.291350531107739,0.9629166666666666,356,0.09590517241379311,0.285259984047836,True,
9673,0.2935660091047041,0.962886384782384,359,0.09671336206896551,0.28555330468032986,True,
9696,0.2942640364188164,0.9629744224422442,359,0.09671336206896551,0.2856946392359687,True,
9775,0.2966616084977238,0.9629667519181586,362,0.09752155172413793,0.285783172279179,True,
9785,0.2969650986342944,0.9630045988758303,362,0.09752155172413793,0.2858184528750522,True,
9789,0.2970864946889226,0.9630197160077638,362,0.09752155172413793,0.2858948302978072,True,
9877,0.29975720789074356,0.9628429685127062,367,0.09886853448275862,0.2859600739745432,True,
9967,0.3024886191198786,0.9628774957359285,370,0.09967672413793104,0.28626249525858233,True,
9970,0.30257966616084975,0.9628886659979939,370,0.09967672413793104,0.2864761619409358,True,
10015,0.3039453717754173,0.9628557164253619,372,0.10021551724137931,0.28654022577681904,True,
10023,0.30418816388467373,0.9628853636635738,372,0.10021551724137931,0.2865562288685737,True,
10053,0.30509863429438544,0.9626977021784542,375,0.10102370689655173,0.2866358623118158,True,
10069,0.30558421851289835,0.9625583474029199,377,0.1015625,0.2866699548293436,True,
10076,0.3057966616084977,0.962485113140135,378,0.10183189655172414,0.28695335030456365,True,
10086,0.30610015174506827,0.962423160816974,379,0.10210129310344827,0.2869888431448491,True,
10089,0.30619119878603945,0.9624343344236297,379,0.10210129310344827,0.28707627779074824,True,
10218,0.3101062215477997,0.962517126639264,383,0.10317887931034483,0.28718608941225354,True,
10237,0.31068285280728375,0.9622936407150532,386,0.10398706896551724,0.28720831281929743,True,
10241,0.310804248861912,0.9623083683234059,386,0.10398706896551724,0.2872377158847436,True,
10274,0.3118057663125948,0.9622347673739536,388,0.10452586206896551,0.28746877073116656,True,
10281,0.31201820940819425,0.9621632136951659,389,0.10479525862068965,0.28757938596766747,True,
10282,0.3120485584218513,0.9621668936004668,389,0.10479525862068965,0.2876729863154941,True,
10296,0.3124734446130501,0.962024087024087,391,0.10533405172413793,0.287707984005417,True,
10339,0.3137784522003035,0.9617951445981237,395,0.10641163793103449,0.2877113573121583,True,
10340,0.31380880121396054,0.9617988394584139,395,0.10641163793103449,0.2877308256620793,True,
10346,0.3139908952959029,0.9618209936207229,395,0.10641163793103449,0.2877763467410156,True,
10348,0.31405159332321697,0.9618283726323927,395,0.10641163793103449,0.2877966964370309,True,
10350,0.3141122913505311,0.9618357487922705,395,0.10641163793103449,0.2879012489639319,True,
10354,0.31423368740515933,0.9618504925632606,395,0.10641163793103449,0.2881113628525162,True,
10360,0.31441578148710164,0.9618725868725869,395,0.10641163793103449,0.28835675271193634,True,
10366,0.314597875569044,0.9617981863785452,396,0.10668103448275862,0.2884850565437957,True,
10401,0.31566009104704096,0.9618305932121911,397,0.10695043103448276,0.288538135535401,True,
10404,0.31575113808801214,0.9617454825067282,398,0.10721982758620689,0.2886505206364737,True,
10440,0.31684370257966615,0.9613984674329502,403,0.10856681034482758,0.2886602453121038,True,
10444,0.3169650986342944,0.9614132516277288,403,0.10856681034482758,0.2886916621432124,True,
10458,0.3173899848254932,0.9614649072480398,403,0.10856681034482758,0.28873710701611893,True,
10461,0.3174810318664643,0.9613803651658541,404,0.10883620689655173,0.2887934916362061,True,
10586,0.3212746585735964,0.9616474589079916,406,0.109375,0.28884439412718943,True,
10637,0.3228224582701062,0.9617373319544984,407,0.10964439655172414,0.288845112724909,True,
10657,0.32342943854324735,0.9617153044946983,408,0.10991379310344827,0.28887909568776765,True,
10684,0.3242488619119879,0.9617184575065518,409,0.11018318965517242,0.28888474323806496,True,
10693,0.32452200303490136,0.9617506780136538,409,0.11018318965517242,0.28898813837840626,True,
10778,0.3271016691957511,0.9612172944887735,418,0.11260775862068965,0.28900819324470745,True,
10805,0.32792109256449165,0.9613142063859325,418,0.11260775862068965,0.2890290626483373,True,
10806,0.3279514415781487,0.9613177864149547,418,0.11260775862068965,0.28938379723254143,True,
10835,0.32883156297420335,0.9614213197969543,418,0.11260775862068965,0.28938733556936236,True,
10838,0.32892261001517453,0.9614319985237129,418,0.11260775862068965,0.28954445794608535,True,
10847,0.329195751138088,0.9614639992624688,418,0.11260775862068965,0.2895765143054442,True,
10853,0.32937784522003033,0.9613931631806873,419,0.1128771551724138,0.28976270360253703,True,
10886,0.3303793626707132,0.9613264743707515,421,0.11341594827586207,0.28976796998551485,True,
10921,0.33144157814871017,0.9611757165094772,424,0.11422413793103449,0.28982463041019174,True,
10955,0.33247344461305006,0.9611136467366499,426,0.11476293103448276,0.2901393084908043,True,
11000,0.3338391502276176,0.9611818181818181,427,0.11503232758620689,0.29028314010965933,True,
11022,0.33450682852807284,0.9612592995826529,427,0.11503232758620689,0.2904251828296516,True,
11030,0.33474962063732927,0.9612873980054397,427,0.11503232758620689,0.2905153294716752,True,
11033,0.33484066767830045,0.9612979244085924,427,0.11503232758620689,0.29077770049405766,True,
11041,0.3350834597875569,0.9613259668508287,427,0.11503232758620689,0.2908732705188362,True,
11045,0.3352048558421851,0.9613399728383885,427,0.11503232758620689,0.2909591278515966,True,
11046,0.3352352048558422,0.9613434727503168,427,0.11503232758620689,0.29099584609665413,True,
11138,0.33802731411229137,0.9613036451786676,431,0.11610991379310345,0.2912779551826972,True,
11182,0.3393626707132018,0.9614559112859954,431,0.11610991379310345,0.29144921612962577,True,
11208,0.34015174506828527,0.961366880799429,433,0.11664870689655173,0.291502993577261,True,
11238,0.341062215477997,0.9613810286527852,434,0.11691810344827586,0.29156523884268803,True,
11266,0.34191198786039456,0.9613882478253151,435,0.1171875,0.29159067323534477,True,
11382,0.34543247344461303,0.9616939026533122,436,0.11745689655172414,0.2916253984268292,True,
11410,0.3462822458270106,0.9617879053461875,436,0.11745689655172414,0.2916471748157442,True,
11414,0.34640364188163886,0.9618012966532329,436,0.11745689655172414,0.2916790914858753,True,
11424,0.3467071320182094,0.9618347338935574,436,0.11745689655172414,0.2916930335645304,True,
11428,0.34682852807283765,0.9617605880294015,437,0.11772629310344827,0.2916975442422724,True,
11430,0.34688922610015177,0.9617672790901137,437,0.11772629310344827,0.29176681140945665,True,
11432,0.34694992412746584,0.9617739678096571,437,0.11772629310344827,0.2918562444711799,True,
11472,0.3481638846737481,0.9618200836820083,438,0.11799568965517242,0.29210133045318254,True,
11473,0.34819423368740515,0.961823411487841,438,0.11799568965517242,0.292185630300892,True,
11494,0.3488315629742033,0.9618061597355142,439,0.11826508620689655,0.2924966321117399,True,
11506,0.34919575113808804,0.9616721710411958,441,0.11880387931034483,0.2925555687620826,True,
11536,0.3501062215477997,0.9615984743411928,443,0.11934267241379311,0.2927559185586338,True,
11542,0.35028831562974205,0.9616184370126495,443,0.11934267241379311,0.2927560428253303,True,
11629,0.35292867981790593,0.9613036374580789,450,0.12122844827586207,0.2927620620822499,True,
11634,0.3530804248861912,0.9613202681794739,450,0.12122844827586207,0.2928619131818507,True,
11639,0.3532321699544765,0.9613368846120801,450,0.12122844827586207,0.2930364034619033,True,
11640,0.35326251896813354,0.961340206185567,450,0.12122844827586207,0.29316583839048443,True,
11642,0.35332321699544766,0.9613468476206838,450,0.12122844827586207,0.2932263479064088,True,
11654,0.35368740515933234,0.9613866483610778,450,0.12122844827586207,0.29338154351998286,True,
11661,0.3538998482549317,0.9614098276305634,450,0.12122844827586207,0.29350358387718345,True,
11663,0.3539605462822458,0.9614164451684816,450,0.12122844827586207,0.29353144759649197,True,
11688,0.3547192716236722,0.961413415468857,451,0.1214978448275862,0.29362890313195583,True,
11731,0.35602427921092566,0.9614696104338931,452,0.12176724137931035,0.29369255789590054,True,
11732,0.3560546282245827,0.9614728946471189,452,0.12176724137931035,0.2937642859215074,True,
11753,0.3566919575113809,0.9615417340253553,452,0.12176724137931035,0.2939568277041802,True,
11782,0.35757207890743553,0.9616363945000849,452,0.12176724137931035,0.2939908247492411,True,
11787,0.3577238239757208,0.9616526681937728,452,0.12176724137931035,0.294001780236394,True,
11792,0.3578755690440061,0.9616689280868386,452,0.12176724137931035,0.2941898786196228,True,
11824,0.35884673748103185,0.961518944519621,455,0.12257543103448276,0.2942119006421419,True,
11829,0.35899848254931715,0.9615352100769295,455,0.12257543103448276,0.2942469932773558,True,
11833,0.3591198786039454,0.9615482126257078,455,0.12257543103448276,0.29425161365343766,True,
11841,0.3593626707132018,0.9615741913689723,455,0.12257543103448276,0.2942898091853905,True,
11847,0.35954476479514413,0.9615936524014519,455,0.12257543103448276,0.2943097390010228,True,
11850,0.3596358118361153,0.9616033755274261,455,0.12257543103448276,0.29435098732175474,True,
11854,0.35975720789074356,0.9616163320398178,455,0.12257543103448276,0.29441108604155997,True,
11936,0.36224582701062213,0.9615449061662198,459,0.12365301724137931,0.29441315743814145,True,
11937,0.3622761760242792,0.9615481276702689,459,0.12365301724137931,0.2945569938607589,True,
11942,0.3624279210925645,0.9615642270976386,459,0.12365301724137931,0.2945995341609968,True,
12089,0.36688922610015173,0.9608735213830755,473,0.12742456896551724,0.29464041730723123,True,
12090,0.3669195751138088,0.9608767576509512,473,0.12742456896551724,0.29474117560537233,True,
12095,0.3670713201820941,0.9608102521703183,474,0.12769396551724138,0.29498339467561635,True,
12096,0.36710166919575116,0.9607308201058201,475,0.12796336206896552,0.2950040168953807,True,
12139,0.36840667678300454,0.9606227860614548,478,0.12877155172413793,0.29500905850734943,True,
12150,0.36874051593323215,0.9606584362139917,478,0.12877155172413793,0.2950957034065877,True,
12183,0.36974203338391504,0.9606829188213084,479,0.12904094827586207,0.2953697038680115,True,
12215,0.3707132018209408,0.9607859189521081,479,0.12904094827586207,0.2954400421136802,True,
12238,0.3714112291350531,0.9608596175845726,479,0.12904094827586207,0.29551889703492745,True,
12243,0.3715629742033384,0.9608756023850363,479,0.12904094827586207,0.29563034634227314,True,
12249,0.37174506828528076,0.9608131276022532,480,0.12931034482758622,0.29563909117171316,True,
12255,0.37192716236722306,0.9608323133414932,480,0.12931034482758622,0.29571164714829146,True,
12268,0.3723216995447648,0.9607107923051842,482,0.12984913793103448,0.29575144231070605,True,
12276,0.3725644916540212,0.9607363962202672,482,0.12984913793103448,0.2957808901439833,True,
12293,0.3730804248861912,0.9607093467827219,483,0.13011853448275862,0.2957832623572943,True,
12297,0.37320182094081944,0.9607221273481337,483,0.13011853448275862,0.295882513014792,True,
12302,0.3733535660091047,0.9607380913672574,483,0.13011853448275862,0.295893115767655,True,
12339,0.37447647951441576,0.9606126914660832,486,0.13092672413793102,0.2959370251388972,True,
12344,0.37462822458270106,0.9605476344782891,487,0.13119612068965517,0.29597969622237025,True,
12345,0.3746585735963581,0.9605508302956662,487,0.13119612068965517,0.2960011660321505,True,
12346,0.3746889226100152,0.9605540255953345,487,0.13119612068965517,0.2961417953168106,True,
12351,0.37484066767830043,0.9604890292284025,488,0.1314655172413793,0.29623504303891285,True,
12357,0.3750227617602428,0.9605082139677915,488,0.1314655172413793,0.2962762435057621,True,
12362,0.3751745068285281,0.9605241870247533,488,0.1314655172413793,0.29639866583181623,True,
12401,0.37635811836115324,0.9606483348117087,488,0.1314655172413793,0.2964226046958552,True,
12430,0.3772382397572079,0.9605792437650845,490,0.1320043103448276,0.29651491831019955,True,
12441,0.3775720789074355,0.9604533397636846,492,0.13254310344827586,0.29653962308425896,True,
12448,0.3777845220030349,0.9604755784061697,492,0.13254310344827586,0.29662390240510134,True,
12463,0.37823975720789077,0.9605231485196181,492,0.13254310344827586,0.2966630356057383,True,
12494,0.3791805766312595,0.9606210981271011,492,0.13254310344827586,0.29677203814649383,True,
12520,0.37996965098634294,0.9606230031948881,493,0.1328125,0.29678530249296287,True,
12523,0.3800606980273141,0.9606324363171764,493,0.1328125,0.2968444429078373,True,
12530,0.3802731411229135,0.9604948124501197,495,0.1333512931034483,0.2969039240199834,True,
12656,0.38409711684370257,0.9597029077117573,510,0.13739224137931033,0.2969372188065062,True,
12658,0.3841578148710167,0.9597092747669458,510,0.13739224137931033,0.2969383083845756,True,
12669,0.3844916540212443,0.9596653248085879,511,0.13766163793103448,0.2969520690066335,True,
12678,0.3847647951441578,0.9596150812430982,512,0.13793103448275862,0.2969550654603019,True,
12685,0.3849772382397572,0.9596373669688608,512,0.13793103448275862,0.2971010009250497,True,
12701,0.3854628224582701,0.9594520116526257,515,0.13873922413793102,0.29718853334396517,True,
12706,0.3856145675265554,0.9594679678891862,515,0.13873922413793102,0.2972575530528915,True,
12712,0.38579666160849774,0.9594870988042794,515,0.13873922413793102,0.2972717214172674,True,
12721,0.3860698027314112,0.9595157613395173,515,0.13873922413793102,0.2973798258123244,True,
12748,0.38688922610015175,0.9595230624411673,516,0.13900862068965517,0.29744664184003533,True,
12752,0.38701062215478,0.9595357590966123,516,0.13900862068965517,0.29745215257111224,True,
12772,0.3876176024279211,0.9593642342624491,519,0.1398168103448276,0.29745974577808776,True,
12776,0.38773899848254934,0.9593769567939887,519,0.1398168103448276,0.29750806773718863,True,
12780,0.3878603945371775,0.9593896713615023,519,0.1398168103448276,0.29759271236686374,True,
12782,0.38792109256449164,0.959396025661086,519,0.1398168103448276,0.2976616478262475,True,
12793,0.38825493171471925,0.9594309387946534,519,0.1398168103448276,0.2978422933196735,True,
12796,0.38834597875569044,0.9594404501406689,519,0.1398168103448276,0.2979682895987779,True,
12801,0.38849772382397574,0.9594562924771503,519,0.1398168103448276,0.29809430212635435,True,
12807,0.38867981790591805,0.9594752869524479,519,0.1398168103448276,0.29815556597558185,True,
12823,0.38916540212443096,0.959525851984715,519,0.1398168103448276,0.2981760389471003,True,
12828,0.38931714719271626,0.9595416276894294,519,0.1398168103448276,0.29830600488690073,True,
12830,0.3893778452200303,0.959547934528449,519,0.1398168103448276,0.2984037307292662,True,
12831,0.3894081942336874,0.9595510872106616,519,0.1398168103448276,0.29841710880889144,True,
12837,0.38959028831562975,0.9595699929890161,519,0.1398168103448276,0.2984194632120653,True,
12839,0.3896509863429439,0.9595762909883947,519,0.1398168103448276,0.2985192943675261,True,
12847,0.3898937784522003,0.9595236241924184,520,0.1400862068965517,0.2989143550259303,True,
12911,0.3918361153262519,0.9589497327859965,530,0.1427801724137931,0.29893463711827883,True,
12938,0.3926555386949924,0.9590353995980831,530,0.1427801724137931,0.29903545294136913,True,
12956,0.3932018209408194,0.9589379438098179,532,0.14331896551724138,0.29903837874617906,True,
12969,0.39359635811836113,0.958901997069936,533,0.14358836206896552,0.2990644849633556,True,
12975,0.3937784522003035,0.9589210019267823,533,0.14358836206896552,0.2992162952772917,True,
12989,0.3942033383915023,0.958888290091616,534,0.14385775862068967,0.29923263349025325,True,
12997,0.3944461305007587,0.9588366546126029,535,0.14412715517241378,0.29926531353806995,True,
12998,0.3944764795144158,0.9587628865979382,536,0.14439655172413793,0.2992961565548943,True,
13001,0.39456752655538696,0.9587724021229136,536,0.14439655172413793,0.2993405848861085,True,
13027,0.3953566009104704,0.9588546864205112,536,0.14439655172413793,0.2995456549883547,True,
13056,0.396236722306525,0.9588694852941176,537,0.14466594827586207,0.2997033417925401,True,
13059,0.3963277693474962,0.9588789340684586,537,0.14466594827586207,0.29970780757473264,True,
13060,0.39635811836115326,0.9588820826952527,537,0.14466594827586207,0.29979998539401165,True,
13065,0.39650986342943856,0.9588212782242633,538,0.14493534482758622,0.29982402676092196,True,
13093,0.39735963581183614,0.9587565874894982,540,0.14547413793103448,0.2998407805141585,True,
13102,0.39763277693474963,0.9587849183330789,540,0.14547413793103448,0.29985001459937094,True,
13127,0.39839150227617603,0.9587872324217263,541,0.14574353448275862,0.29992617096794466,True,
13154,0.39921092564491656,0.9588718260605139,541,0.14574353448275862,0.2999843408413215,True,
13162,0.399453717754173,0.9588208478954566,542,0.14601293103448276,0.30000614025672945,True,
13293,0.40342943854324737,0.9583991574512901,553,0.1489762931034483,0.30003999287742555,True,
13297,0.40355083459787555,0.9584116718056704,553,0.1489762931034483,0.30004655099962163,True,
13298,0.4035811836115326,0.9584147992179275,553,0.1489762931034483,0.30012745995159285,True,
13299,0.4036115326251897,0.9584179261598617,553,0.1489762931034483,0.30013051533586993,True,
13328,0.4044916540212443,0.9585084033613446,553,0.1489762931034483,0.3001592582119942,True,
13331,0.4045827010622155,0.9585177406046058,553,0.1489762931034483,0.3003561103897412,True,
13336,0.40473444613050075,0.9585332933413317,553,0.1489762931034483,0.3004334697853808,True,
13374,0.4058877086494689,0.9584267982652909,556,0.1497844827586207,0.30044417246911653,True,
13389,0.40634294385432473,0.9583986854880873,557,0.15005387931034483,0.3004777115169242,True,
13398,0.4066160849772382,0.9582773548290789,559,0.1505926724137931,0.30048329229201287,True,
13432,0.40764795144157817,0.9583085169743896,560,0.15086206896551724,0.30052354416413496,True,
13453,0.40828528072837633,0.9582249312421022,562,0.15140086206896552,0.3005911010857925,True,
13471,0.4088315629742033,0.958206517704699,563,0.15167025862068967,0.30059132542474415,True,
13475,0.40895295902883155,0.9582189239332096,563,0.15167025862068967,0.3007101602506925,True,
13505,0.40986342943854326,0.958237689744539,564,0.15193965517241378,0.3008224835410722,True,
13511,0.41004552352048557,0.9582562356598328,564,0.15193965517241378,0.30085663665723295,True,
13537,0.41083459787556903,0.958262539705991,565,0.15220905172413793,0.3008943253386736,True,
13538,0.4108649468892261,0.9582656226916827,565,0.15220905172413793,0.30104488090728665,True,
13557,0.4114415781487102,0.9582503503725013,566,0.15247844827586207,0.30135961471902206,True,
13566,0.4117147192716237,0.958204334365325,567,0.15274784482758622,0.301378986295174,True,
13591,0.4124734446130501,0.9581340593039511,569,0.15328663793103448,0.3014235322391415,True,
13597,0.4126555386949924,0.958152533647128,569,0.15328663793103448,0.30160022047849183,True,
13632,0.4137177541729894,0.9582599765258216,569,0.15328663793103448,0.3016347948367724,True,
13651,0.41429438543247343,0.958244817229507,570,0.15355603448275862,0.30166395445444516,True,
13655,0.4144157814871017,0.9582570487001099,570,0.15355603448275862,0.301669820298048,True,
13679,0.415144157814871,0.9582571825425835,571,0.15382543103448276,0.30175403238065596,True,
13692,0.41553869499241275,0.958150744960561,573,0.15436422413793102,0.3017570011077701,True,
13725,0.4165402124430956,0.9581056466302368,575,0.1549030172413793,0.3017933817578784,True,
13729,0.4166616084977238,0.9581178527205186,575,0.1549030172413793,0.3018689867413189,True,
13742,0.41705614567526555,0.9580847038276815,576,0.15517241379310345,0.30203631829561733,True,
13783,0.41830045523520487,0.9579917289414496,579,0.15598060344827586,0.3022297753832549,True,
13786,0.418391502276176,0.9580008704482809,579,0.15598060344827586,0.30239892726919543,True,
13832,0.4197875569044006,0.957995951417004,581,0.15651939655172414,0.3024835216301248,True,
13837,0.41993930197268586,0.9580111295801113,581,0.15651939655172414,0.30250021269332594,True,
13839,0.42,0.9580171977744056,581,0.15651939655172414,0.3026334027571812,True,
13856,0.42051593323216996,0.9579243648960739,583,0.1570581896551724,0.30271187450191184,True,
13877,0.4211532625189681,0.9578439143907185,585,0.1575969827586207,0.30275049647260144,True,
13883,0.4213353566009105,0.9577901030036735,586,0.15786637931034483,0.30295419492380854,True,
13904,0.42197268588770864,0.9577100115074798,588,0.1584051724137931,0.3031598311739744,True,
13910,0.422154779969651,0.9577282530553558,588,0.1584051724137931,0.3032209986143997,True,
13914,0.4222761760242792,0.9577404053471323,588,0.1584051724137931,0.3032392710398153,True,
13929,0.42273141122913505,0.9577859142795606,588,0.1584051724137931,0.30331307985129147,True,
13939,0.4230349013657056,0.9577444579955521,589,0.15867456896551724,0.3034645917900394,True,
13948,0.42330804248861914,0.9577717235445942,589,0.15867456896551724,0.30378685699021457,True,
13968,0.42391502276176024,0.9578321878579611,589,0.15867456896551724,0.3039534037883661,True,
13970,0.42397572078907436,0.9578382247673586,589,0.15867456896551724,0.30406962734847115,True,
14003,0.4249772382397572,0.9579375848032564,589,0.15867456896551724,0.3043702668047616,True,
14010,0.4251896813353566,0.9579586009992862,589,0.15867456896551724,0.3043747317825626,True,
14012,0.42525037936267074,0.9579646017699115,589,0.15867456896551724,0.304453392740163,True,
14044,0.4262215477996965,0.9578467673027627,592,0.15948275862068967,0.30451441051786343,True,
14045,0.42625189681335357,0.9578497686009256,592,0.15948275862068967,0.3046366650178943,True,
14047,0.4263125948406677,0.9578557699152844,592,0.15948275862068967,0.30470953343183504,True,
14051,0.4264339908952959,0.9578677674186891,592,0.15948275862068967,0.30481265701469634,True,
14053,0.42649468892261,0.9578737636091937,592,0.15948275862068967,0.30481313090515255,True,
14065,0.42685887708649467,0.9579097049413438,592,0.15948275862068967,0.30485049591532637,True,
14109,0.42819423368740517,0.9578992132681268,594,0.16002155172413793,0.30498132528215155,True,
14125,0.4286798179059181,0.9578053097345133,596,0.16056034482758622,0.305227919186382,True,
14256,0.4326555386949924,0.9575617283950617,605,0.16298491379310345,0.3053952047834372,True,
14388,0.43666160849772384,0.957464553794829,612,0.1648706896551724,0.3054570749150006,True,
14391,0.43675265553869497,0.957473420888055,612,0.1648706896551724,0.30553472927162245,True,
14433,0.43802731411229134,0.9574586018152844,614,0.1654094827586207,0.30568251849897354,True,
14577,0.44239757207890745,0.957192838032517,624,0.16810344827586207,0.3058838076290946,True,
14584,0.4426100151745068,0.9572133845309929,624,0.16810344827586207,0.3061267355026425,True,
14598,0.4430349013657056,0.9570489108097,627,0.16891163793103448,0.3064071065459832,True,
14625,0.44385432473444614,0.9569914529914529,629,0.16945043103448276,0.30645159546646833,True,
14651,0.4446433990895296,0.9570677769435534,629,0.16945043103448276,0.306694836031254,True,
14657,0.4448254931714719,0.9570853517090809,629,0.16945043103448276,0.3067373572096004,True,
14658,0.44485584218512897,0.9570200573065902,630,0.1697198275862069,0.30679510173189084,True,
14664,0.44503793626707133,0.9569012547735952,632,0.17025862068965517,0.3068004019322241,True,
14669,0.4451896813353566,0.9569159451905379,632,0.17025862068965517,0.3069082414137696,True,
14674,0.4453414264036419,0.9569306255962927,632,0.17025862068965517,0.3070602563973272,True,
14682,0.4455842185128983,0.9569540934477592,632,0.17025862068965517,0.30706127476965306,True,
14793,0.4489529590288316,0.9567362941931995,640,0.1724137931034483,0.30715437408006974,True,
14799,0.4491350531107739,0.956753834718562,640,0.1724137931034483,0.3073793195911481,True,
14813,0.4495599393019727,0.9567271990818875,641,0.1726831896551724,0.3075036615203022,True,
14828,0.45001517450682854,0.95663609387645,643,0.1732219827586207,0.3075353224667912,True,
14891,0.4519271623672231,0.9562151635215902,652,0.17564655172413793,0.3081719889660168,True,
14896,0.4520789074355083,0.9562298603651987,652,0.17564655172413793,0.30846801968547566,True,
14916,0.4526858877086495,0.9562215071064628,653,0.17591594827586207,0.30847477618980906,True,
14929,0.4530804248861912,0.9561926451872195,654,0.17618534482758622,0.30873287331424,True,
14946,0.45359635811836113,0.9561086578348722,656,0.17672413793103448,0.30873587416027104,True,
14962,0.45408194233687404,0.9560887581874081,657,0.17699353448275862,0.30886850291486034,True,
14963,0.4541122913505311,0.9560916928423444,657,0.17699353448275862,0.3088890705838848,True,
14974,0.4544461305007587,0.9561239481768399,657,0.17699353448275862,0.30908238676149763,True,
14990,0.45493171471927163,0.9559039359573048,661,0.17807112068965517,0.30910248284519803,True,
15036,0.4563277693474962,0.9559723330673051,662,0.1783405172413793,0.3091420217508271,True,
15054,0.4568740515933232,0.9559585492227979,663,0.17860991379310345,0.3091457508779556,True,
15060,0.45705614567526553,0.9559760956175298,663,0.17860991379310345,0.3093083161295265,True,
15208,0.4615477996965099,0.9560099947396107,669,0.1802262931034483,0.3093181044210387,True,
15218,0.46185128983308044,0.9559731896438428,670,0.1804956896551724,0.3094583817573841,True,
15222,0.4619726858877086,0.9559190645118907,671,0.18076508620689655,0.3095374117009642,True,
15252,0.46288315629742033,0.9558746393915553,673,0.18130387931034483,0.3095783596701524,True,
15273,0.4635204855842185,0.9558698356576966,674,0.18157327586206898,0.309594991938244,True,
15399,0.46734446130500756,0.9558412883953503,680,0.18318965517241378,0.309770282891815,True,
15405,0.4675265553869499,0.9557935735150925,681,0.18345905172413793,0.309792255491714,True,
15416,0.46786039453717754,0.9558251167618059,681,0.18345905172413793,0.30984124868042373,True,
15468,0.46943854324734446,0.9559736229635376,681,0.18345905172413793,0.3098629843668702,True,
15471,0.46952959028831565,0.9559821601706419,681,0.18345905172413793,0.31013509490010255,True,
15511,0.4707435508345979,0.9560312036619173,682,0.18372844827586207,0.31015060588030635,True,
15513,0.47080424886191197,0.9559724102365758,683,0.18399784482758622,0.310306242246801,True,
15575,0.47268588770864944,0.9557624398073836,689,0.18561422413793102,0.31040702628386424,True,
15576,0.4727162367223065,0.9557652799178223,689,0.18561422413793102,0.3106618254444878,True,
15580,0.47283763277693475,0.9557766367137356,689,0.18561422413793102,0.31073214570760754,True,
15583,0.47292867981790593,0.9557851504845023,689,0.18561422413793102,0.3107507247246144,True,
15602,0.47350531107738997,0.9556467119600052,692,0.18642241379310345,0.31088367601281186,True,
15605,0.47359635811836115,0.9556552387055431,692,0.18642241379310345,0.31095703816064424,True,
15620,0.474051593323217,0.9556338028169014,693,0.1866918103448276,0.3109820844526826,True,
15622,0.4741122913505311,0.9555754704903341,694,0.1869612068965517,0.3110412223799458,True,
15625,0.47420333839150225,0.955584,694,0.1869612068965517,0.31109928550451965,True,
15765,0.4784522003034901,0.9555978433238186,700,0.18857758620689655,0.31111576158657916,True,
15798,0.479453717754173,0.9555639954424611,702,0.18911637931034483,0.31112210336039187,True,
15818,0.4800606980273141,0.9556201795422936,702,0.18911637931034483,0.3113625759808033,True,
15841,0.4807587253414264,0.95562148854239,703,0.18938577586206898,0.31156168771683274,True,
15843,0.4808194233687405,0.9555639714700499,704,0.1896551724137931,0.3115959128917682,True,
15844,0.48084977238239757,0.9555667760666499,704,0.1896551724137931,0.3116247915369153,True,
15859,0.4813050075872534,0.9556088025726717,704,0.1896551724137931,0.31173717063170875,True,
15862,0.4813960546282246,0.955617198335645,704,0.1896551724137931,0.31193228861655986,True,
15874,0.4817602427921093,0.9556507496535215,704,0.1896551724137931,0.3119557457504178,True,
15878,0.48188163884673746,0.9556619221564429,704,0.1896551724137931,0.3120140002045305,True,
15881,0.48197268588770864,0.9556702978401864,704,0.1896551724137931,0.31211665277139783,True,
15891,0.4822761760242792,0.9556352652444781,705,0.18992456896551724,0.3127471651616522,True,
15905,0.482701062215478,0.9556743162527507,705,0.18992456896551724,0.3128628363073387,True,
15913,0.48294385432473447,0.9556337585621819,706,0.19019396551724138,0.3129322255176485,True,
15969,0.4846433990895296,0.9556014778633602,709,0.19100215517241378,0.3129427535540633,True,
15987,0.4851896813353566,0.9556514668167886,709,0.19100215517241378,0.31308955484104023,True,
16009,0.48585735963581184,0.9557124117683803,709,0.19100215517241378,0.3133692579099994,True,
16019,0.4861608497723824,0.9556776328110369,710,0.19127155172413793,0.31346884630599625,True,
16037,0.4867071320182094,0.9557273804327493,710,0.19127155172413793,0.3134839336900989,True,
16038,0.4867374810318665,0.9557301409153262,710,0.19127155172413793,0.31348781764324024,True,
16061,0.48743550834597876,0.9557935371396551,710,0.19127155172413793,0.31356849587894386,True,
16192,0.4914112291350531,0.9557188735177866,717,0.1931573275862069,0.31418775487536665,True,
16194,0.4914719271623672,0.9557243423490182,717,0.1931573275862069,0.31444853317898025,True,
16310,0.49499241274658573,0.9557326793378296,722,0.1945043103448276,0.31456685618384883,True,
16343,0.49599393019726856,0.9558220644924432,722,0.1945043103448276,0.3146044852578882,True,
16449,0.49921092564491654,0.9559851662715059,724,0.19504310344827586,0.3146237436673982,True,
16451,0.49927162367223066,0.9559905172937815,724,0.19504310344827586,0.31479558081520553,True,
16478,0.5000910470409712,0.9560626289598252,724,0.19504310344827586,0.31480260363755724,True,
16619,0.504370257966616,0.9559540285215717,732,0.19719827586206898,0.3153513529605735,True,
16659,0.5055842185128984,0.9560597875022511,732,0.19719827586206898,0.31537344413162716,True,
16675,0.5060698027314112,0.9559820089955022,734,0.19773706896551724,0.31546380534190777,True,
16678,0.5061608497723824,0.9559899268497422,734,0.19773706896551724,0.31550311513450435,True,
16681,0.5062518968133536,0.9559978418560038,734,0.19773706896551724,0.31591803217407427,True,
16740,0.5080424886191198,0.955973715651135,737,0.19854525862068967,0.3160320345060922,True,
16766,0.5088315629742033,0.9560419897411427,737,0.19854525862068967,0.31608837251852717,True,
16896,0.5127769347496206,0.9558475378787878,746,0.2009698275862069,0.31623176910194367,True,
16902,0.512959028831563,0.9558632114542658,746,0.2009698275862069,0.31626263894110795,True,
16906,0.5130804248861912,0.9558145037264877,747,0.20123922413793102,0.31626377835527003,True,
16911,0.5132321699544765,0.9557684347466147,748,0.20150862068965517,0.3164550731303537,True,
16942,0.5141729893778452,0.9557903435249675,749,0.2017780172413793,0.3168774797082997,True,
17050,0.5174506828528073,0.9558357771260997,753,0.20285560344827586,0.31703604728190427,True,
17190,0.5216995447647952,0.9557882489819662,760,0.20474137931034483,0.3171068899301449,True,
17206,0.522185128983308,0.9558293618505173,760,0.20474137931034483,0.31737169764730444,True,
17209,0.5222761760242792,0.9558370620024406,760,0.20474137931034483,0.3176252367339245,True,
17210,0.5223065250379363,0.9558396281231842,760,0.20474137931034483,0.31794198458899015,True,
17220,0.5226100151745068,0.9558072009291522,761,0.20501077586206898,0.31795039164216554,True,
17231,0.5229438543247344,0.955835412918577,761,0.20501077586206898,0.318096086665299,True,
17234,0.5230349013657056,0.9558431008471626,761,0.20501077586206898,0.31809616805688384,True,
17248,0.5234597875569044,0.9558789424860853,761,0.20501077586206898,0.3181566506744915,True,
17318,0.5255842185128984,0.955999538052893,762,0.2052801724137931,0.31835060942491555,True,
17320,0.5256449165402124,0.9560046189376443,762,0.2052801724137931,0.31851261495782446,True,
17340,0.5262518968133536,0.955997693194925,763,0.20554956896551724,0.3187410432551004,True,
17352,0.5266160849772382,0.9559128630705395,765,0.20608836206896552,0.3187666267564127,True,
17353,0.5266464339908953,0.9559154036765977,765,0.20608836206896552,0.31887670077313085,True,
17356,0.5267374810318665,0.9559230237381885,765,0.20608836206896552,0.3189232724147268,True,
17365,0.52701062215478,0.9559458681255398,765,0.20608836206896552,0.31899254994503085,True,
17386,0.5276479514415782,0.9559415621764639,766,0.20635775862068967,0.3191740039461256,True,
17390,0.5277693474962064,0.9558941920644048,767,0.20662715517241378,0.3191796540781771,True,
17395,0.5279210925644916,0.9559068697901696,767,0.20662715517241378,0.319237035514882,True,
17449,0.5295599393019726,0.9557567768926586,772,0.20797413793103448,0.31927827333600484,True,
17451,0.5296206373292868,0.9557618474585984,772,0.20797413793103448,0.3195601527102351,True,
17461,0.5299241274658574,0.9557299123761526,773,0.20824353448275862,0.31980236265858525,True,
17466,0.5300758725341427,0.9556853315012024,774,0.20851293103448276,0.31997759856067115,True,
17467,0.5301062215477997,0.9556878685521268,774,0.20851293103448276,0.3200075602479348,True,
17468,0.5301365705614568,0.9556904053125715,774,0.20851293103448276,0.3203142410302008,True,
17470,0.5301972685887709,0.955695477962221,774,0.20851293103448276,0.3203238967414351,True,
17477,0.5304097116843702,0.9557132230932082,774,0.20851293103448276,0.3205302556287017,True,
17481,0.5305311077389985,0.9557233567873692,774,0.20851293103448276,0.320532715197085,True,
17486,0.5306828528072838,0.9556788287773076,775,0.2087823275862069,0.32079347204114766,True,
17623,0.5348406676783004,0.9557964024286444,779,0.20985991379310345,0.32096133755745837,True,
17625,0.5349013657056145,0.9558014184397163,779,0.20985991379310345,0.32118053635669497,True,
17627,0.5349620637329286,0.9558064333125319,779,0.20985991379310345,0.3213410746776228,True,
17630,0.5350531107738998,0.9557572319909245,780,0.2101293103448276,0.321836568361897,True,
17632,0.535113808801214,0.9557622504537205,780,0.2101293103448276,0.32213666602382224,True,
17696,0.5370561456752656,0.9559222423146474,780,0.2101293103448276,0.3222092828069913,True,
17715,0.5376327769347496,0.9558566186847305,782,0.21066810344827586,0.32244063774159987,True,
17717,0.5376934749620638,0.9558616018513292,782,0.21066810344827586,0.3224845938024129,True,
17723,0.537875569044006,0.9558201207470518,783,0.2109375,0.32263004636831,True,
17778,0.5395447647951441,0.9557880526493419,786,0.2117456896551724,0.32285080845847436,True,
17923,0.5439453717754174,0.9558109691457903,792,0.21336206896551724,0.3233565868165584,True,
17939,0.5444309559939302,0.9557946373822398,793,0.21363146551724138,0.32348557546500545,True,
17948,0.5447040971168438,0.9558168041007354,793,0.21363146551724138,0.32353821175705955,True,
17949,0.5447344461305007,0.9558192656972533,793,0.21363146551724138,0.32380446053058637,True,
17952,0.5448254931714719,0.9558266488413547,793,0.21363146551724138,0.32410614897373746,True,
17981,0.5457056145675265,0.9558978922195651,793,0.21363146551724138,0.3245120907331294,True,
17982,0.5457359635811836,0.9559003447892337,793,0.21363146551724138,0.32453823072889015,True,
17987,0.5458877086494689,0.9559126035470061,793,0.21363146551724138,0.3245613065969696,True,
17998,0.5462215477996966,0.9558839871096788,794,0.21390086206896552,0.32471871901598615,True,
18008,0.546525037936267,0.9558529542425589,795,0.21417025862068967,0.324847614726242,True,
18019,0.5468588770864947,0.9558799045452023,795,0.21417025862068967,0.32493536824843694,True,
18026,0.547071320182094,0.9558970376123377,795,0.21417025862068967,0.32509437540227987,True,
18027,0.5471016691957511,0.9558994841071726,795,0.21417025862068967,0.325293829211502,True,
18028,0.5471320182094082,0.9559019303305969,795,0.21417025862068967,0.3260213893573154,True,
18100,0.5493171471927162,0.9558563535911602,799,0.21524784482758622,0.32656156779205725,True,
18102,0.5493778452200303,0.9558612308032262,799,0.21524784482758622,0.32663325619560746,True,
18104,0.5494385432473444,0.9558661069376934,799,0.21524784482758622,0.3272387731185905,True,
18106,0.5494992412746585,0.9558709819949188,799,0.21524784482758622,0.3273066470400787,True,
18118,0.5498634294385433,0.9558450160061817,800,0.21551724137931033,0.32755102543469566,True,
18249,0.5538391502276176,0.9559975889089813,803,0.21632543103448276,0.32769119733342206,True,
18251,0.5538998482549317,0.956002410826804,803,0.21632543103448276,0.32777561696381374,True,
18266,0.5543550834597876,0.9559837950290156,804,0.2165948275862069,0.32795197931757525,True,
18267,0.5543854324734446,0.9559862046313023,804,0.2165948275862069,0.3279998160233618,True,
18280,0.5547799696509863,0.9559628008752735,805,0.21686422413793102,0.3280693449596457,True,
18293,0.5551745068285281,0.9559394303832067,806,0.21713362068965517,0.32814840075864404,True,
18296,0.5552655538694993,0.9559466550065588,806,0.21713362068965517,0.32837532583172635,True,
18298,0.5553262518968134,0.9559514701060225,806,0.21713362068965517,0.3287062587958329,True,
18320,0.5559939301972686,0.9559497816593886,807,0.2174030172413793,0.32884855048778877,True,
18322,0.5560546282245827,0.95595459011025,807,0.2174030172413793,0.3289775324172263,True,
18325,0.5561456752655539,0.9559618008185539,807,0.2174030172413793,0.32922477874898093,True,
18341,0.5566312594840668,0.9559456954364538,808,0.21767241379310345,0.32943746452038586,True,
18343,0.5566919575113809,0.9559504988278907,808,0.21767241379310345,0.3294707635366872,True,
18344,0.556722306525038,0.955952900130833,808,0.21767241379310345,0.3295505842978733,True,
18360,0.5572078907435508,0.9559912854030501,808,0.21767241379310345,0.329622810522598,True,
18361,0.5572382397572079,0.9559392189967867,809,0.2179418103448276,0.32978849799501986,True,
18363,0.557298937784522,0.9559440178620051,809,0.2179418103448276,0.3299975591298261,True,
18364,0.5573292867981791,0.9559464169026356,809,0.2179418103448276,0.33013266417548287,True,
18378,0.5577541729893778,0.9559255631733594,810,0.2182112068965517,0.33019523547362983,True,
18388,0.5580576631259484,0.9559495323036763,810,0.2182112068965517,0.33027887385435506,True,
18401,0.5584522003034902,0.9559806532253682,810,0.2182112068965517,0.33032144885316844,True,
18404,0.5585432473444613,0.9559878287328841,810,0.2182112068965517,0.3305339787273749,True,
18409,0.5586949924127466,0.9559997827149763,810,0.2182112068965517,0.3307730490288069,True,
18413,0.5588163884673748,0.9560093412263075,810,0.2182112068965517,0.3307998458953736,True,
18414,0.5588467374810319,0.9560117302052786,810,0.2182112068965517,0.33089638600233123,True,
18415,0.5588770864946889,0.9560141189247896,810,0.2182112068965517,0.3309017768661283,True,
18420,0.5590288315629742,0.955971769815418,811,0.21848060344827586,0.3310920398049419,True,
18421,0.5590591805766313,0.9559741599261712,811,0.21848060344827586,0.3317386713183716,True,
18433,0.5594233687405159,0.956002821027505,811,0.21848060344827586,0.3318372371465074,True,
18435,0.55948406676783,0.9560075942500678,811,0.21848060344827586,0.33223668421561414,True,
18438,0.5595751138088012,0.955960516324981,812,0.21875,0.33236044621836175,True,
18440,0.5596358118361153,0.9559652928416486,812,0.21875,0.33244504888458426,True,
18441,0.5596661608497724,0.9559676807114582,812,0.21875,0.33250334132890674,True,
18449,0.5599089529590289,0.9559867743509133,812,0.21875,0.3328730330755771,True,
18468,0.5604855842185129,0.9559779077322937,813,0.21901939655172414,0.3332171330414718,True,
18470,0.560546282245827,0.9559826746074715,813,0.21901939655172414,0.3332270825678977,True,
18480,0.5608497723823975,0.9560064935064935,813,0.21901939655172414,0.3333601904892064,True,
18493,0.5612443095599393,0.9560374195641594,813,0.21901939655172414,0.33363388681795814,True,
18500,0.5614567526555387,0.9560540540540541,813,0.21901939655172414,0.33412812385275836,True,
18503,0.5615477996965098,0.9560611792682268,813,0.21901939655172414,0.3346458707299648,True,
18508,0.5616995447647951,0.9560190188026799,814,0.2192887931034483,0.33486867553202043,True,
18510,0.5617602427921092,0.95602377093463,814,0.2192887931034483,0.3352922582366853,True,
18513,0.5618512898330804,0.9560308972073678,814,0.2192887931034483,0.33533744477422467,True,
18517,0.5619726858877087,0.9560403953124156,814,0.2192887931034483,0.3354523192455824,True,
18520,0.5620637329286798,0.9559935205183585,815,0.2195581896551724,0.33554589764152054,True,
18525,0.5622154779969651,0.9560053981106613,815,0.2195581896551724,0.3356505687104096,True,
18543,0.5627617602427921,0.9560481044059753,815,0.2195581896551724,0.3358138509885834,True,
18557,0.5631866464339909,0.9560273751145121,816,0.21982758620689655,0.33583952241505644,True,
18559,0.563247344461305,0.9560321137992349,816,0.21982758620689655,0.33585579152580514,True,
18569,0.5635508345978756,0.9560557919112499,816,0.21982758620689655,0.3359878170812035,True,
18571,0.5636115326251897,0.9560066770771634,817,0.2200969827586207,0.33614573120034713,True,
18580,0.5638846737481031,0.9560279870828848,817,0.2200969827586207,0.3365474282310436,True,
18584,0.5640060698027314,0.9560374515712441,817,0.2200969827586207,0.3369194292856996,True,
18587,0.5640971168437026,0.956044547264217,817,0.2200969827586207,0.33746117209782867,True,
18590,0.5641881638846737,0.9560516406670253,817,0.2200969827586207,0.33764071058918477,True,
18607,0.5647040971168437,0.9560917934110819,817,0.2200969827586207,0.3380919284131633,True,
18614,0.5649165402124431,0.9561083055764479,817,0.2200969827586207,0.33811824602935436,True,
18630,0.5654021244309559,0.9560386473429952,819,0.22063577586206898,0.33813098875725894,True,
18631,0.565432473444613,0.9559873329397242,820,0.2209051724137931,0.3381321768062013,True,
18636,0.5655842185128983,0.9559454818630607,821,0.22117456896551724,0.33820148816521267,True,
18642,0.5657663125948407,0.9559596609805815,821,0.22117456896551724,0.3382551707818761,True,
18646,0.5658877086494689,0.955969108656012,821,0.22117456896551724,0.3383076789188741,True,
18649,0.5659787556904401,0.955976191752909,821,0.22117456896551724,0.3386147817945119,True,
18651,0.5660394537177542,0.9559809125516058,821,0.22117456896551724,0.33873518069828606,True,
18663,0.5664036418816388,0.9560092160960189,821,0.22117456896551724,0.33920537467898326,True,
18664,0.5664339908952959,0.9560115730818688,821,0.22117456896551724,0.3392830132896207,True,
18669,0.5665857359635812,0.9560233542235792,821,0.22117456896551724,0.3393955357340922,True,
18680,0.5669195751138087,0.9560492505353319,821,0.22117456896551724,0.33945040269967874,True,
18687,0.5671320182094082,0.9560122009953443,822,0.22144396551724138,0.3395381495588222,True,
18693,0.5673141122913505,0.956026320012839,822,0.22144396551724138,0.33960448804411014,True,
18696,0.5674051593323217,0.9560333761232349,822,0.22144396551724138,0.34010853508952665,True,
18704,0.5676479514415782,0.9560521813515825,822,0.22144396551724138,0.34038512113160885,True,
18707,0.5677389984825493,0.9560057732399636,823,0.22171336206896552,0.34055955980242497,True,
18722,0.5681942336874052,0.9560410212584126,823,0.22171336206896552,0.3405615603991276,True,
18725,0.5682852807283764,0.9560480640854473,823,0.22171336206896552,0.34081548873368367,True,
18726,0.5683156297420334,0.9560504111929937,823,0.22171336206896552,0.3410170201081697,True,
18737,0.568649468892261,0.9560228425041362,824,0.22198275862068967,0.34109197158328686,True,
18738,0.568679817905918,0.9560251894545843,824,0.22198275862068967,0.34165032112863924,True,
18743,0.5688315629742033,0.9560369204503014,824,0.22198275862068967,0.34176443481269103,True,
18748,0.5689833080424886,0.9560486451888202,824,0.22198275862068967,0.3418590468624322,True,
18750,0.5690440060698028,0.9560533333333333,824,0.22198275862068967,0.34191965782149647,True,
18751,0.5690743550834598,0.9560556770305584,824,0.22198275862068967,0.3419655348881323,True,
18762,0.5694081942336874,0.9560814412109583,824,0.22198275862068967,0.3420699867810039,True,
18764,0.5694688922610015,0.9560861223619698,824,0.22198275862068967,0.3422412482804159,True,
18766,0.5695295902883156,0.9560908025151871,824,0.22198275862068967,0.34225028524305245,True,
18781,0.5699848254931714,0.9560726265907034,825,0.22225215517241378,0.3424676976792243,True,
18783,0.5700455235204855,0.9560773039450567,825,0.22225215517241378,0.34263144029980674,True,
18785,0.5701062215477997,0.9560819803034336,825,0.22225215517241378,0.342665825385255,True,
18788,0.5701972685887708,0.9560889929742389,825,0.22225215517241378,0.34286032960951757,True,
18791,0.570288315629742,0.9560960034058857,825,0.22225215517241378,0.3429480994526227,True,
18792,0.5703186646433991,0.9560983397190294,825,0.22225215517241378,0.3430229710130455,True,
18793,0.5703490136570561,0.9560474644814558,826,0.22252155172413793,0.34312656245694906,True,
18796,0.5704400606980273,0.9560544796765269,826,0.22252155172413793,0.34372689757219943,True,
18809,0.570834597875569,0.9560848529959062,826,0.22252155172413793,0.34376037561237793,True,
18820,0.5711684370257967,0.9561105207226355,826,0.22252155172413793,0.34378275302699546,True,
18829,0.5714415781487102,0.9560783897179882,827,0.22279094827586207,0.3439323712692713,True,
18832,0.5715326251896813,0.9560853865760408,827,0.22279094827586207,0.3439691511473316,True,
18836,0.5716540212443095,0.9560947122531323,827,0.22279094827586207,0.3440914785880593,True,
18838,0.5717147192716237,0.95609937360654,827,0.22279094827586207,0.34413558446456893,True,
18852,0.5721396054628225,0.9561319753872268,827,0.22279094827586207,0.3446930741904216,True,
18853,0.5721699544764796,0.9561343022330664,827,0.22279094827586207,0.34488088976384373,True,
18855,0.5722306525037937,0.9560859188544153,828,0.22306034482758622,0.3450210111914208,True,
18858,0.5723216995447648,0.956039876975289,829,0.22332974137931033,0.34507327165946516,True,
18859,0.5723520485584218,0.9560422079643671,829,0.22332974137931033,0.3450951897964837,True,
18865,0.5725341426403642,0.9560561887092499,829,0.22332974137931033,0.3452498382699056,True,
18874,0.5728072837632777,0.9560771431599026,829,0.22332974137931033,0.3453055377847103,True,
18911,0.5739301972685887,0.9558986833060124,834,0.22467672413793102,0.3454988268876581,True,
18915,0.574051593323217,0.955908009516257,834,0.22467672413793102,0.34557463380640946,True,
18918,0.5741426403641882,0.9559150015857913,834,0.22467672413793102,0.3456305953404833,True,
18936,0.5746889226100151,0.95595690747782,834,0.22467672413793102,0.3458548682964229,True,
18942,0.5748710166919575,0.9559708584098828,834,0.22467672413793102,0.34653653509483523,True,
18944,0.5749317147192716,0.9559755067567568,834,0.22467672413793102,0.3465591796374219,True,
18948,0.5750531107738999,0.9559848005066498,834,0.22467672413793102,0.34673810590256904,True,
18955,0.5752655538694993,0.9558427855447111,837,0.22548491379310345,0.3469232131576138,True,
18957,0.5753262518968133,0.955847444215857,837,0.22548491379310345,0.3470309678896543,True,
18973,0.5758118361153263,0.955831971749328,838,0.2257543103448276,0.34727135419506255,True,
18975,0.5758725341426404,0.955836627140975,838,0.2257543103448276,0.34730139958423756,True,
18986,0.576206373292868,0.9556515327083114,842,0.22683189655172414,0.34735750820318606,True,
18995,0.5764795144157815,0.9556198999736772,843,0.2271012931034483,0.347540211655724,True,
18998,0.5765705614567527,0.955626908095589,843,0.2271012931034483,0.34760676981682176,True,
18999,0.5766009104704097,0.9556292436444024,843,0.2271012931034483,0.34763526636318254,True,
19004,0.576752655538695,0.9555882972005894,844,0.2273706896551724,0.34764377895009096,True,
19011,0.5769650986342943,0.9556046499395087,844,0.2273706896551724,0.34774810002486756,True,
19013,0.5770257966616085,0.9555567243464997,845,0.22764008620689655,0.34784319882170567,True,
19014,0.5770561456752655,0.9555590617439781,845,0.22764008620689655,0.3479699730236547,True,
19020,0.5772382397572079,0.9555730809674028,845,0.22764008620689655,0.34806228582082616,True,
19027,0.5774506828528073,0.9555894255531613,845,0.22764008620689655,0.3480802584361889,True,
19035,0.5776934749620637,0.9556080903598634,845,0.22764008620689655,0.34812780419443123,True,
19041,0.577875569044006,0.9556220786723386,845,0.22764008620689655,0.3483734205166281,True,
19044,0.5779666160849772,0.9556290695232094,845,0.22764008620689655,0.34840621077512834,True,
19046,0.5780273141122914,0.9556337288669536,845,0.22764008620689655,0.34844052160420297,True,
19050,0.5781487101669196,0.9556430446194226,845,0.22764008620689655,0.34850138942057146,True,
19051,0.5781790591805767,0.955645372946302,845,0.22764008620689655,0.3485303807121371,True,
19060,0.5784522003034901,0.955613850996852,846,0.2279094827586207,0.3487145790427038,True,
19070,0.5787556904400607,0.9555846879916099,847,0.22817887931034483,0.3489168567771004,True,
19077,0.5789681335356601,0.955548566336426,848,0.22844827586206898,0.3491145800138933,True,
19080,0.5790591805766313,0.9555555555555556,848,0.22844827586206898,0.34919223671996014,True,
19083,0.5791502276176024,0.9555625425771629,848,0.22844827586206898,0.3493116787833771,True,
19086,0.5792412746585736,0.9555695274022844,848,0.22844827586206898,0.3493272625036341,True,
19096,0.5795447647951442,0.9555404273146209,849,0.2287176724137931,0.3494699299141365,True,
19102,0.5797268588770865,0.9555020416710293,850,0.22898706896551724,0.34974739991003634,True,
19123,0.5803641881638847,0.9555509072844219,850,0.22898706896551724,0.3499003165087132,True,
19124,0.5803945371775417,0.9555532315415185,850,0.22898706896551724,0.34994545992885634,True,
19125,0.5804248861911988,0.9555555555555556,850,0.22898706896551724,0.3500437029027281,True,
19126,0.5804552352048559,0.9555578793265712,850,0.22898706896551724,0.35071673625952343,True,
19127,0.5804855842185129,0.9555602028546034,850,0.22898706896551724,0.351273055104751,True,
19136,0.5807587253414264,0.9555811036789298,850,0.22898706896551724,0.35160586754405504,True,
19144,0.5810015174506828,0.9555996656916005,850,0.22898706896551724,0.35162359876886584,True,
19149,0.5811532625189682,0.9556112590735809,850,0.22898706896551724,0.3517037760498477,True,
19152,0.5812443095599393,0.9556182121971596,850,0.22898706896551724,0.3517041883229295,True,
19154,0.5813050075872535,0.9556228464028401,850,0.22898706896551724,0.3518122047458667,True,
19158,0.5814264036418816,0.955632111911473,850,0.22898706896551724,0.3518976748131827,True,
19159,0.5814567526555386,0.9556344276841171,850,0.22898706896551724,0.35205045284501313,True,
19164,0.581608497723824,0.9555416405760802,852,0.22952586206896552,0.35205077821989744,True,
19165,0.581638846737481,0.9555439603443777,852,0.22952586206896552,0.35207693842970517,True,
19196,0.5825796661608498,0.9554594707230674,855,0.23033405172413793,0.3520888466338622,True,
19197,0.5826100151745068,0.9554617909048289,855,0.23033405172413793,0.3522011513378716,True,
19232,0.5836722306525038,0.9553868552412645,858,0.23114224137931033,0.3522439129660501,True,
19234,0.5837329286798179,0.9553914942289695,858,0.23114224137931033,0.35227378688716904,True,
19255,0.5843702579666161,0.9552843417294209,861,0.23195043103448276,0.3523864625517123,True,
19261,0.5845523520485584,0.9552982711178029,861,0.23195043103448276,0.35249313160170953,True,
19280,0.5851289833080425,0.9553423236514523,861,0.23195043103448276,0.3525612942930541,True,
19285,0.5852807283763277,0.9553539019963703,861,0.23195043103448276,0.3526157402757265,True,
19296,0.5856145675265554,0.9553275290215588,862,0.2322198275862069,0.35264955670461356,True,
19305,0.5858877086494689,0.9552965552965553,863,0.23248922413793102,0.3528027954293651,True,
19309,0.5860091047040972,0.955254026619711,864,0.23275862068965517,0.3528507309706054,True,
19330,0.5866464339908953,0.9550957061562338,868,0.2338362068965517,0.35293575905084884,True,
19335,0.5867981790591805,0.9550555986552883,869,0.23410560344827586,0.3530658569589074,True,
19344,0.5870713201820941,0.9550248138957816,870,0.234375,0.3530845929110354,True,
19351,0.5872837632776935,0.9550410831481577,870,0.234375,0.3530849829657835,True,
19363,0.5876479514415781,0.9550689459278005,870,0.234375,0.35330023898512797,True,
19380,0.5881638846737481,0.9550051599587204,872,0.2349137931034483,0.35331660559960637,True,
19387,0.5883763277693475,0.9549698251405581,873,0.2351831896551724,0.353340953209251,True,
19395,0.5886191198786039,0.9549368393915958,874,0.23545258620689655,0.35353082483217063,True,
19398,0.5887101669195751,0.954943808640066,874,0.23545258620689655,0.35363571263644156,True,
19403,0.5888619119878604,0.9549554192650621,874,0.23545258620689655,0.3537171096134946,True,
19409,0.5890440060698028,0.9549178216291411,875,0.2357219827586207,0.3537988288999124,True,
19410,0.5890743550834597,0.9549201442555384,875,0.2357219827586207,0.3540659854383426,True,
19411,0.5891047040971168,0.9549224666426254,875,0.2357219827586207,0.35407211468548594,True,
19418,0.5893171471927162,0.9549387166546504,875,0.2357219827586207,0.35414805525911347,True,
19439,0.5899544764795144,0.9549359534955502,876,0.23599137931034483,0.35439028926353355,True,
19462,0.5906525037936267,0.9548350632000822,879,0.23679956896551724,0.3547078837954203,True,
19463,0.5906828528072837,0.9548373837537892,879,0.23679956896551724,0.3547329642725606,True,
19471,0.5909256449165402,0.9548559396024857,879,0.23679956896551724,0.35481304866413366,True,
19492,0.5915629742033384,0.954699363841576,883,0.23787715517241378,0.35482978894257905,True,
19493,0.5915933232169954,0.9547016877853588,883,0.23787715517241378,0.35498383824876584,True,
19499,0.5917754172989378,0.9546643417611159,884,0.23814655172413793,0.35526303055323044,True,
19502,0.591866464339909,0.9546713157624859,884,0.23814655172413793,0.35526616768251784,True,
19504,0.5919271623672231,0.95467596390484,884,0.23814655172413793,0.3554055609281041,True,
19507,0.5920182094081943,0.9546316706823191,885,0.23841594827586207,0.355573280434921,True,
19540,0.593019726858877,0.9544012282497442,891,0.2400323275862069,0.35586672999769026,True,
19544,0.5931411229135053,0.9544105607859189,891,0.2400323275862069,0.35594364029579173,True,
19551,0.5933535660091047,0.9544268835353691,891,0.2400323275862069,0.35619239703923056,True,
19554,0.5934446130500759,0.9544338754219086,891,0.2400323275862069,0.35628186192793754,True,
19566,0.5938088012139605,0.9544107124603904,892,0.24030172413793102,0.35640336479764956,True,
19580,0.5942336874051594,0.9544433094994893,892,0.24030172413793102,0.356608362470505,True,
19586,0.5944157814871017,0.9544572653936485,892,0.24030172413793102,0.35660947609541965,True,
19620,0.5954476479514416,0.9543832823649337,895,0.24110991379310345,0.35683690211064073,True,
19622,0.5955083459787557,0.9543879319131587,895,0.24110991379310345,0.3568530770712486,True,
19627,0.595660091047041,0.9543486014164162,896,0.2413793103448276,0.35690146809119205,True,
19653,0.5964491654021244,0.9543072304482776,898,0.24191810344827586,0.35693014452493044,True,
19655,0.5965098634294386,0.9543118799287713,898,0.24191810344827586,0.3578014249796387,True,
19668,0.5969044006069802,0.9543420785031523,898,0.24191810344827586,0.35791729476971396,True,
19672,0.5970257966616085,0.9543513623424156,898,0.24191810344827586,0.358014844221653,True,
19675,0.5971168437025797,0.9543074968233799,899,0.2421875,0.3584119659735928,True,
19705,0.5980273141122914,0.9543263131184978,900,0.24245689655172414,0.3584122117776992,True,
19753,0.5994840667678301,0.954234799777249,904,0.2435344827586207,0.35851476700022983,True,
19797,0.6008194233687405,0.9542354902257918,906,0.24407327586206898,0.3586456893937168,True,
19798,0.6008497723823976,0.9542378017981614,906,0.24407327586206898,0.35887678109562954,True,
19859,0.602701062215478,0.9540258824714235,913,0.24595905172413793,0.3589850748893569,True,
19873,0.6031259484066768,0.9540582700145926,913,0.24595905172413793,0.3590214718861518,True,
19891,0.6036722306525037,0.953949022170831,916,0.24676724137931033,0.35940883267624013,True,
19892,0.6037025796661608,0.9539513372209933,916,0.24676724137931033,0.3597877279170204,True,
19896,0.603823975720789,0.9539605950944914,916,0.24676724137931033,0.3598366663606664,True,
19919,0.6045220030349013,0.953963552387168,917,0.24703663793103448,0.3598946837053272,True,
19937,0.6050682852807284,0.9540051161157647,917,0.24703663793103448,0.3599856032218854,True,
19997,0.6068892261001517,0.9538430764614693,923,0.2486530172413793,0.3601180922974062,True,
20056,0.6086798179059181,0.9537794176306342,927,0.24973060344827586,0.36063306335883605,True,
20058,0.6087405159332322,0.9537840263236613,927,0.24973060344827586,0.3607463153733968,True,
20110,0.6103186646433991,0.9535554450522128,934,0.2516163793103448,0.36074743709364504,False,leak_rate
20182,0.6125037936267071,0.9535724903379249,937,0.25242456896551724,0.3607637651000802,False,leak_rate
20194,0.6128679817905918,0.9536000792314548,937,0.25242456896551724,0.3608169427247566,False,leak_rate
20197,0.612959028831563,0.953606971332376,937,0.25242456896551724,0.3610726062410055,False,leak_rate
20200,0.6130500758725341,0.9536138613861386,937,0.25242456896551724,0.36123515342555623,False,leak_rate
20231,0.6139908952959029,0.9536355098611042,938,0.2526939655172414,0.36123880075149517,False,leak_rate
20240,0.6142640364188164,0.9536561264822134,938,0.2526939655172414,0.361342940050469,False,leak_rate
20241,0.6142943854324735,0.9536584160861618,938,0.2526939655172414,0.36148026500779856,False,leak_rate
20249,0.6145371775417299,0.9536767247765322,938,0.2526939655172414,0.361515121613923,False,leak_rate
20257,0.6147799696509864,0.9536950190057758,938,0.2526939655172414,0.3615812886298145,False,leak_rate
20258,0.6148103186646434,0.9536973047684866,938,0.2526939655172414,0.3616698409781307,False,leak_rate
20280,0.6154779969650986,0.9537475345167653,938,0.2526939655172414,0.3617787118298767,False,leak_rate
20281,0.6155083459787557,0.9537498150978748,938,0.2526939655172414,0.3618745980887608,False,leak_rate
20283,0.6155690440060698,0.9537543755854656,938,0.2526939655172414,0.3619887114008533,False,leak_rate
20287,0.6156904400606981,0.953763493863065,938,0.2526939655172414,0.36206909760550293,False,leak_rate
20297,0.6159939301972686,0.9537862738335715,938,0.2526939655172414,0.36212510182936064,False,leak_rate
20298,0.6160242792109256,0.9537885505961179,938,0.2526939655172414,0.3621456681335631,False,leak_rate
20300,0.6160849772382397,0.9537931034482758,938,0.2526939655172414,0.36217178812151074,False,leak_rate
20339,0.617268588770865,0.9538817050985791,938,0.2526939655172414,0.3621859150205027,False,leak_rate
20340,0.617298937784522,0.9538839724680432,938,0.2526939655172414,0.3622106030780192,False,leak_rate
20370,0.6182094081942336,0.9539518900343643,938,0.2526939655172414,0.36222779234536845,False,leak_rate
20375,0.618361153262519,0.9539631901840491,938,0.2526939655172414,0.36233973503424,False,leak_rate
20401,0.6191502276176024,0.9539238272633694,940,0.25323275862068967,0.3623474486076956,False,leak_rate
20403,0.6192109256449165,0.9539283438709993,940,0.25323275862068967,0.3623822254766788,False,leak_rate
20422,0.6197875569044006,0.9539222407207913,941,0.2535021551724138,0.36254206867242705,False,leak_rate
20424,0.6198482549317147,0.9539267528397963,941,0.2535021551724138,0.36263671941931686,False,leak_rate
20429,0.62,0.9539380292721131,941,0.2535021551724138,0.3627420574428706,False,leak_rate
20432,0.6200910470409712,0.9539447924823806,941,0.2535021551724138,0.3627902277560853,False,leak_rate
20437,0.6202427921092565,0.9539071292264031,942,0.25377155172413796,0.3630051700711908,False,leak_rate
20447,0.620546282245827,0.953929671834499,942,0.25377155172413796,0.3630235085649025,False,leak_rate
20448,0.620576631259484,0.9539319248826291,942,0.25377155172413796,0.36302853924210976,False,leak_rate
20462,0.6210015174506829,0.9539145733554882,943,0.25404094827586204,0.3630308084398442,False,leak_rate
20478,0.6214871016691957,0.9539505811114367,943,0.25404094827586204,0.36305307705483114,False,leak_rate
20532,0.6231259484066768,0.9539742840444184,945,0.25457974137931033,0.36316183004999497,False,leak_rate
20594,0.6250075872534142,0.9538215014081771,951,0.2561961206896552,0.36323823034199954,False,"leak_rate,leak_abs"
20622,0.6258573596358118,0.9537872175346717,953,0.2567349137931034,0.3633424985170554,False,"leak_rate,leak_abs"
20625,0.625948406676783,0.9537939393939394,953,0.2567349137931034,0.36367821550135626,False,"leak_rate,leak_abs"
20688,0.6278603945371776,0.953692962103635,958,0.25808189655172414,0.36370805126690336,False,"leak_rate,leak_abs"
20709,0.6284977238239757,0.9536916316577334,959,0.2583512931034483,0.3637491789372237,False,"leak_rate,leak_abs"
20758,0.6299848254931715,0.9536564216205801,962,0.25915948275862066,0.36380219735283675,False,"leak_rate,leak_abs"
20763,0.6301365705614568,0.9536194191590811,963,0.2594288793103448,0.3638595973765239,False,"leak_rate,leak_abs"
20795,0.6311077389984826,0.9535465256071171,966,0.26023706896551724,0.36397702452450964,False,"leak_rate,leak_abs"
20863,0.6331714719271624,0.9534582754158079,971,0.26158405172413796,0.3641612346215622,False,"leak_rate,leak_abs"
20875,0.633535660091047,0.953437125748503,972,0.26185344827586204,0.364196639088071,False,"leak_rate,leak_abs"
20926,0.6350834597875569,0.9535028194590461,973,0.2621228448275862,0.36448201348059167,False,"leak_rate,leak_abs"
20950,0.6358118361153262,0.9534606205250596,975,0.2626616379310345,0.3646610713742368,False,"leak_rate,leak_abs"
20979,0.6366919575113809,0.9532389532389532,981,0.26427801724137934,0.36475806033173913,False,"leak_rate,leak_abs"
20980,0.6367223065250379,0.9532411820781697,981,0.26427801724137934,0.36488268313167455,False,"leak_rate,leak_abs"
21056,0.6390288315629742,0.9529350303951368,991,0.26697198275862066,0.36503909400140133,False,"leak_rate,leak_abs"
21116,0.6408497723823976,0.9528793332070468,995,0.26804956896551724,0.36509813755861026,False,"leak_rate,leak_abs"
21117,0.6408801213960547,0.952834209404745,996,0.2683189655172414,0.36516268732776813,False,"leak_rate,leak_abs"
21123,0.6410622154779969,0.9528476068740236,996,0.2683189655172414,0.36543895563567197,False,"leak_rate,leak_abs"
21130,0.6412746585735963,0.9528159015617605,997,0.2685883620689655,0.36565061236174873,False,"leak_rate,leak_abs"
21132,0.6413353566009105,0.9528203672155972,997,0.2685883620689655,0.36573137468623046,False,"leak_rate,leak_abs"
21188,0.6430349013657056,0.952709080611667,1002,0.2699353448275862,0.3657349585627921,False,"leak_rate,leak_abs"
21232,0.6443702579666161,0.9527128862094951,1004,0.2704741379310345,0.3657403207805065,False,"leak_rate,leak_abs"
21273,0.6456145675265554,0.9527570159356932,1005,0.2707435344827586,0.36574531798270216,False,"leak_rate,leak_abs"
21275,0.6456752655538694,0.9527614571092832,1005,0.2707435344827586,0.3657564496163922,False,"leak_rate,leak_abs"
21307,0.6466464339908953,0.952785469563993,1006,0.27101293103448276,0.36578415925649815,False,"leak_rate,leak_abs"
21315,0.6468892261001518,0.9528031902416139,1006,0.27101293103448276,0.3658237253841551,False,"leak_rate,leak_abs"
21320,0.6470409711684371,0.9528142589118199,1006,0.27101293103448276,0.36585771053454125,False,"leak_rate,leak_abs"
21328,0.6472837632776934,0.952785071267817,1007,0.2712823275862069,0.3659171767807412,False,"leak_rate,leak_abs"
21329,0.6473141122913505,0.9527872849172488,1007,0.2712823275862069,0.3659978748642143,False,"leak_rate,leak_abs"
21330,0.6473444613050076,0.9527894983591186,1007,0.2712823275862069,0.36605696612679967,False,"leak_rate,leak_abs"
21387,0.6490743550834598,0.9527282928882032,1011,0.2723599137931034,0.3660625876316982,False,"leak_rate,leak_abs"
21393,0.6492564491654021,0.9526948067124761,1012,0.27262931034482757,0.366113955241463,False,"leak_rate,leak_abs"
21455,0.6511380880121396,0.9525052435329759,1019,0.2745150862068966,0.36632618360522917,False,"leak_rate,leak_abs"
21475,0.6517450682852808,0.9525029103608847,1020,0.27478448275862066,0.3663679724121867,False,"leak_rate,leak_abs"
21477,0.6518057663125948,0.9525073334264562,1020,0.27478448275862066,0.36637783774464777,False,"leak_rate,leak_abs"
21537,0.6536267071320182,0.9524539165157636,1024,0.27586206896551724,0.366446276231327,False,"leak_rate,leak_abs"
21542,0.6537784522003035,0.9524649521864265,1024,0.27586206896551724,0.3664739652766925,False,"leak_rate,leak_abs"
21559,0.6542943854324734,0.9524560508372374,1025,0.2761314655172414,0.36656174637947175,False,"leak_rate,leak_abs"
21571,0.6546585735963582,0.952482499652311,1025,0.2761314655172414,0.3666398555057374,False,"leak_rate,leak_abs"
21574,0.6547496206373293,0.9524891072587374,1025,0.2761314655172414,0.3667438921491771,False,"leak_rate,leak_abs"
21592,0.6552959028831563,0.9524360874397925,1027,0.27667025862068967,0.36706936331914286,False,"leak_rate,leak_abs"
21603,0.6556297420333839,0.9524140165717725,1028,0.2769396551724138,0.3670852159013766,False,"leak_rate,leak_abs"
21610,0.6558421851289833,0.9524294308190653,1028,0.2769396551724138,0.36709325310636964,False,"leak_rate,leak_abs"
21619,0.6561153262518968,0.9524492344696794,1028,0.2769396551724138,0.3672627413123255,False,"leak_rate,leak_abs"
21690,0.6582701062215478,0.9523282618718303,1034,0.2785560344827586,0.36729552624284495,False,"leak_rate,leak_abs"
21706,0.6587556904400607,0.9523634018243804,1034,0.2785560344827586,0.36771187988691917,False,"leak_rate,leak_abs"
21737,0.6596965098634294,0.9524313382711506,1034,0.2785560344827586,0.36803299562755903,False,"leak_rate,leak_abs"
21741,0.6598179059180577,0.9523940941079068,1035,0.27882543103448276,0.3681565465580981,False,"leak_rate,leak_abs"
21752,0.6601517450682853,0.952418168444281,1035,0.27882543103448276,0.36841177118025187,False,"leak_rate,leak_abs"
21821,0.6622458270106222,0.9523853168965676,1039,0.27990301724137934,0.3687501688768953,False,"leak_rate,leak_abs"
21823,0.6623065250379363,0.9523896806121981,1039,0.27990301724137934,0.36905067657395313,False,"leak_rate,leak_abs"
21851,0.6631562974203339,0.9523591597638552,1041,0.28044181034482757,0.3691499965839584,False,"leak_rate,leak_abs"
21860,0.6634294385432473,0.9523330283623056,1042,0.2807112068965517,0.3693485727611715,False,"leak_rate,leak_abs"
21918,0.6651896813353566,0.9524135413815129,1043,0.28098060344827586,0.3696019727994499,False,"leak_rate,leak_abs"
21936,0.6657359635811836,0.9524070021881839,1044,0.28125,0.36962851550158554,False,"leak_rate,leak_abs"
21941,0.6658877086494689,0.9524178478647282,1044,0.28125,0.36981239486750617,False,"leak_rate,leak_abs"
21959,0.6664339908952959,0.9523657725761646,1046,0.2817887931034483,0.3701569403337874,False,"leak_rate,leak_abs"
22015,0.668133535660091,0.9521689756983874,1053,0.28367456896551724,0.37034581486546075,False,"leak_rate,leak_abs"
22016,0.6681638846737481,0.952171148255814,1053,0.28367456896551724,0.3704399712842713,False,"leak_rate,leak_abs"
22026,0.6684673748103187,0.9521928629801144,1053,0.28367456896551724,0.37055030950848533,False,"leak_rate,leak_abs"
22082,0.6701669195751138,0.9520423874649036,1059,0.28529094827586204,0.37068797367666917,False,"leak_rate,leak_abs"
22090,0.6704097116843702,0.9520597555454957,1059,0.28529094827586204,0.37070720885864644,False,"leak_rate,leak_abs"
22091,0.6704400606980273,0.9520619256710878,1059,0.28529094827586204,0.3707195339868091,False,"leak_rate,leak_abs"
22160,0.6725341426403642,0.951985559566787,1064,0.28663793103448276,0.3710517076241529,False,"leak_rate,leak_abs"
22176,0.6730197268588771,0.952020202020202,1064,0.28663793103448276,0.37123546127053864,False,"leak_rate,leak_abs"
22194,0.6735660091047041,0.9520140578534739,1065,0.2869073275862069,0.3717165089491194,False,"leak_rate,leak_abs"
22211,0.674081942336874,0.9520057629102697,1066,0.28717672413793105,0.372323240487052,False,"leak_rate,leak_abs"
22233,0.6747496206373292,0.9519632978005668,1068,0.28771551724137934,0.3724784235091801,False,"leak_rate,leak_abs"
22236,0.6748406676783004,0.9519697787371829,1068,0.28771551724137934,0.3725479746059957,False,"leak_rate,leak_abs"
22239,0.6749317147192716,0.9519762579252664,1068,0.28771551724137934,0.3725925386403801,False,"leak_rate,leak_abs"
22289,0.6764491654021244,0.9520391224370766,1069,0.2879849137931034,0.37271291066666135,False,"leak_rate,leak_abs"
22301,0.6768133535660091,0.9520649298237747,1069,0.2879849137931034,0.37283453026042224,False,"leak_rate,leak_abs"
22356,0.6784825493171472,0.9520486670245124,1072,0.28879310344827586,0.3729358410555192,False,"leak_rate,leak_abs"
22367,0.6788163884673748,0.9520275405731659,1073,0.2890625,0.3736100095945238,False,"leak_rate,leak_abs"
22379,0.6791805766312595,0.9520532642209214,1073,0.2890625,0.3738957768429215,False,"leak_rate,leak_abs"
22383,0.6793019726858877,0.9520618326408435,1073,0.2890625,0.3742514664877581,False,"leak_rate,leak_abs"
22388,0.679453717754173,0.9520725388601037,1073,0.2890625,0.375142407612118,False,"leak_rate,leak_abs"
22389,0.67948406676783,0.9520746795301264,1073,0.2890625,0.3755516865395994,False,"leak_rate,leak_abs"
22391,0.6795447647951441,0.9520789602965477,1073,0.2890625,0.3761891147352126,False,"leak_rate,leak_abs"
22394,0.6796358118361153,0.9520853800125033,1073,0.2890625,0.3765125493925655,False,"leak_rate,leak_abs"
22408,0.6800606980273141,0.9521153159585862,1073,0.2890625,0.3767343661061288,False,"leak_rate,leak_abs"
22418,0.6803641881638847,0.9521366758854491,1073,0.2890625,0.37679593851124316,False,"leak_rate,leak_abs"
22420,0.6804248861911988,0.9521409455842997,1073,0.2890625,0.3773403994518689,False,"leak_rate,leak_abs"
22482,0.6823065250379363,0.9521839693977404,1075,0.2896012931034483,0.3778113639657097,False,"leak_rate,leak_abs"
22553,0.6844613050075873,0.9522014809559703,1078,0.29040948275862066,0.37836188367348167,False,"leak_rate,leak_abs"
22556,0.6845523520485585,0.9522078382691966,1078,0.29040948275862066,0.3783663667481884,False,"leak_rate,leak_abs"
22560,0.6846737481031866,0.9522163120567376,1078,0.29040948275862066,0.37858176113289393,False,"leak_rate,leak_abs"
22568,0.6849165402124431,0.9521446295639844,1080,0.29094827586206895,0.3786280245435404,False,"leak_rate,leak_abs"
22569,0.6849468892261001,0.952102441401923,1081,0.2912176724137931,0.3786852356718489,False,"leak_rate,leak_abs"
22574,0.6850986342943854,0.9520244529104279,1083,0.2917564655172414,0.37905787926277484,False,"leak_rate,leak_abs"
22577,0.6851896813353566,0.952030827833636,1083,0.2917564655172414,0.3794090937604329,False,"leak_rate,leak_abs"
22584,0.6854021244309559,0.9520014169323415,1084,0.2920258620689655,0.37945491539331144,False,"leak_rate,leak_abs"
22588,0.6855235204855842,0.9520099167699664,1084,0.2920258620689655,0.3797538540770012,False,"leak_rate,leak_abs"
22595,0.6857359635811836,0.9520247842443018,1084,0.2920258620689655,0.3800851313425069,False,"leak_rate,leak_abs"
22605,0.6860394537177542,0.9519132935191329,1087,0.29283405172413796,0.3809674862132527,False,"leak_rate,leak_abs"
22609,0.6861608497723825,0.9519218010526781,1087,0.29283405172413796,0.3810353017042284,False,"leak_rate,leak_abs"
22610,0.6861911987860394,0.9519239274657232,1087,0.29283405172413796,0.3813132605160786,False,"leak_rate,leak_abs"
22617,0.6864036418816388,0.9518945925631163,1088,0.29310344827586204,0.38189236197389065,False,"leak_rate,leak_abs"
22621,0.6865250379362671,0.9519030988904116,1088,0.29310344827586204,0.3826261744686322,False,"leak_rate,leak_abs"
22633,0.6868892261001518,0.9519285998321035,1088,0.29310344827586204,0.382883020261593,False,"leak_rate,leak_abs"
22640,0.6871016691957511,0.9519434628975265,1088,0.29310344827586204,0.3834597508047628,False,"leak_rate,leak_abs"
22642,0.6871623672230652,0.9519477077996643,1088,0.29310344827586204,0.38346118824893954,False,"leak_rate,leak_abs"
22643,0.6871927162367223,0.951949829969527,1088,0.29310344827586204,0.3834933741125728,False,"leak_rate,leak_abs"
22644,0.6872230652503794,0.9519519519519519,1088,0.29310344827586204,0.3840135866373979,False,"leak_rate,leak_abs"
22649,0.6873748103186647,0.9519625590533798,1088,0.29310344827586204,0.3844182498732107,False,"leak_rate,leak_abs"
22652,0.6874658573596358,0.9519689210665725,1088,0.29310344827586204,0.384835250494882,False,"leak_rate,leak_abs"
22653,0.6874962063732929,0.9519710413631749,1088,0.29310344827586204,0.3850367354298935,False,"leak_rate,leak_abs"
22656,0.6875872534142641,0.9519774011299436,1088,0.29310344827586204,0.3851044461355883,False,"leak_rate,leak_abs"
22657,0.6876176024279211,0.9519795206779362,1088,0.29310344827586204,0.38555086012723466,False,"leak_rate,leak_abs"
22661,0.6877389984825493,0.9519438683200212,1089,0.2933728448275862,0.38603070834711156,False,"leak_rate,leak_abs"
22669,0.6879817905918058,0.9519167144558648,1090,0.29364224137931033,0.3863052773676616,False,"leak_rate,leak_abs"
22673,0.688103186646434,0.9519251973713228,1090,0.29364224137931033,0.3863976852151689,False,"leak_rate,leak_abs"
22677,0.6882245827010622,0.9518895797504079,1091,0.2939116379310345,0.3868195995044673,False,"leak_rate,leak_abs"
22685,0.6884673748103186,0.951818382190875,1093,0.29445043103448276,0.38702754206670076,False,"leak_rate,leak_abs"
22696,0.6888012139605463,0.9517536129714487,1095,0.29498922413793105,0.3872039726775929,False,"leak_rate,leak_abs"
22697,0.6888315629742033,0.9517557386438736,1095,0.29498922413793105,0.3873836286052343,False,"leak_rate,leak_abs"
22701,0.6889529590288316,0.9517642394608167,1095,0.29498922413793105,0.3874941474007831,False,"leak_rate,leak_abs"
22702,0.6889833080424886,0.951766364196987,1095,0.29498922413793105,0.38761970253671024,False,"leak_rate,leak_abs"
22710,0.689226100151745,0.9516952884191986,1097,0.29552801724137934,0.38791839789100135,False,"leak_rate,leak_abs"
22715,0.6893778452200303,0.9517059211974466,1097,0.29552801724137934,0.388219611271728,False,"leak_rate,leak_abs"
22721,0.6895599393019727,0.9517186743541217,1097,0.29552801724137934,0.38866395195338105,False,"leak_rate,leak_abs"
22733,0.6899241274658574,0.9517441604715612,1097,0.29552801724137934,0.3896982649411408,False,"leak_rate,leak_abs"
22734,0.6899544764795145,0.9517462831002024,1097,0.29552801724137934,0.3904498786912727,False,"leak_rate,leak_abs"
22741,0.6901669195751138,0.9517611362736907,1097,0.29552801724137934,0.39125406247365047,False,"leak_rate,leak_abs"
22747,0.6903490136570561,0.9517738602892689,1097,0.29552801724137934,0.39183791834437603,False,"leak_rate,leak_abs"
22750,0.6904400606980273,0.9517802197802198,1097,0.29552801724137934,0.3918429475800373,False,"leak_rate,leak_abs"
22751,0.6904704097116844,0.9517823392378357,1097,0.29552801724137934,0.39209951963530904,False,"leak_rate,leak_abs"
22756,0.6906221547799697,0.9517929337317631,1097,0.29552801724137934,0.3923074621975424,False,"leak_rate,leak_abs"
22765,0.6908952959028831,0.9518119920931254,1097,0.29552801724137934,0.39244054777458903,False,"leak_rate,leak_abs"
22766,0.6909256449165402,0.9518141087586752,1097,0.29552801724137934,0.39253299723672475,False,"leak_rate,leak_abs"
22780,0.691350531107739,0.9517559262510975,1099,0.29606681034482757,0.39606831364830547,False,"leak_rate,leak_abs"
22784,0.6914719271623673,0.9517643960674157,1099,0.29606681034482757,0.3987363931020513,False,"leak_rate,leak_abs"
22789,0.6916236722306525,0.9517749791566107,1099,0.29606681034482757,0.39900236813070566,False,"leak_rate,leak_abs"
22792,0.6917147192716236,0.9517813267813268,1099,0.29606681034482757,0.39958053596458504,False,"leak_rate,leak_abs"
22796,0.6918361153262519,0.9517897876820495,1099,0.29606681034482757,0.3998916185231156,False,"leak_rate,leak_abs"
22811,0.6922913505311077,0.9516899741352856,1102,0.296875,0.4002330922200055,False,"leak_rate,leak_abs"
22827,0.6927769347496207,0.9517238358084724,1102,0.296875,0.4003232662694573,False,"leak_rate,leak_abs"
22830,0.6928679817905918,0.951730179588261,1102,0.296875,0.40073652654428654,False,"leak_rate,leak_abs"
22832,0.692928679817906,0.9517344078486335,1102,0.296875,0.4008321880024498,False,"leak_rate,leak_abs"
22837,0.6930804248861911,0.9517449752594473,1102,0.296875,0.4027824843596301,False,"leak_rate,leak_abs"
22838,0.6931107738998482,0.9517470881863561,1102,0.296875,0.4030006054368755,False,"leak_rate,leak_abs"
22854,0.6935963581183612,0.9517371138531548,1103,0.29714439655172414,0.4032935219527852,False,"leak_rate,leak_abs"
22855,0.6936267071320182,0.9517392255523955,1103,0.29714439655172414,0.40330181881760213,False,"leak_rate,leak_abs"
22872,0.6941426403641882,0.9516876530255334,1105,0.29768318965517243,0.4035610709195359,False,"leak_rate,leak_abs"
22873,0.6941729893778452,0.9516897652253749,1105,0.29768318965517243,0.40367887700273875,False,"leak_rate,leak_abs"
22878,0.6943247344461305,0.9517003234548475,1105,0.29768318965517243,0.40374487109334556,False,"leak_rate,leak_abs"
22879,0.6943550834597876,0.9517024345469645,1105,0.29768318965517243,0.40388240540520487,False,"leak_rate,leak_abs"
22880,0.6943854324734446,0.9517045454545454,1105,0.29768318965517243,0.40389972856116757,False,"leak_rate,leak_abs"
22882,0.6944461305007588,0.9517087667161961,1105,0.29768318965517243,0.40420094194189427,False,"leak_rate,leak_abs"
22888,0.694628224582701,0.951721426074799,1105,0.29768318965517243,0.4042267441564951,False,"leak_rate,leak_abs"
22897,0.6949013657056146,0.9516530549853692,1107,0.29822198275862066,0.4049018850448137,False,"leak_rate,leak_abs"
22898,0.6949317147192716,0.9516551663900777,1107,0.29822198275862066,0.40533702409887057,False,"leak_rate,leak_abs"
22901,0.6950227617602428,0.9516614994978385,1107,0.29822198275862066,0.4055751294678776,False,"leak_rate,leak_abs"
22906,0.6951745068285281,0.9516720509910067,1107,0.29822198275862066,0.4064771845184806,False,"leak_rate,leak_abs"
22908,0.6952352048558422,0.9516326174262266,1108,0.2984913793103448,0.4066764469948461,False,"leak_rate,leak_abs"
22921,0.6956297420333839,0.9516164216220933,1109,0.29876077586206895,0.40821753601232347,False,"leak_rate,leak_abs"
22928,0.6958421851289833,0.9516311933007676,1109,0.29876077586206895,0.40911009184571107,False,"leak_rate,leak_abs"
22930,0.6959028831562974,0.9516354121238552,1109,0.29876077586206895,0.40914678045567354,False,"leak_rate,leak_abs"
22931,0.6959332321699545,0.9516375212594305,1109,0.29876077586206895,0.4093512707431369,False,"leak_rate,leak_abs"
22939,0.6961760242792109,0.9516543877239636,1109,0.29876077586206895,0.41007153073037855,False,"leak_rate,leak_abs"
22941,0.696236722306525,0.9516586025020706,1109,0.29876077586206895,0.41043019922132695,False,"leak_rate,leak_abs"
22944,0.6963277693474962,0.9516649232914923,1109,0.29876077586206895,0.41128591418768873,False,"leak_rate,leak_abs"
22953,0.6966009104704097,0.9516838757460898,1109,0.29876077586206895,0.41134556291711727,False,"leak_rate,leak_abs"
22954,0.6966312594840668,0.9516859806569661,1109,0.29876077586206895,0.4117014608021321,False,"leak_rate,leak_abs"
22967,0.6970257966616085,0.9516697870858187,1110,0.2990301724137931,0.4121944914346228,False,"leak_rate,leak_abs"
22972,0.6971775417298938,0.9516803064600383,1110,0.2990301724137931,0.41315121933674837,False,"leak_rate,leak_abs"
22973,0.6972078907435508,0.9516388804248466,1111,0.29929956896551724,0.4134567419808036,False,"leak_rate,leak_abs"
22986,0.6976024279210926,0.9516227268772296,1112,0.2995689655172414,0.4135054109811577,False,"leak_rate,leak_abs"
22997,0.6979362670713202,0.9516458668521981,1112,0.2995689655172414,0.4135426706998137,False,"leak_rate,leak_abs"
23007,0.6982397572078908,0.9516234189594471,1113,0.2998383620689655,0.41370284531519996,False,"leak_rate,leak_abs"
23025,0.6987860394537178,0.9516612377850163,1113,0.2998383620689655,0.41374152656920327,False,"leak_rate,leak_abs"
23028,0.6988770864946889,0.95166753517457,1113,0.2998383620689655,0.4143463642396648,False,"leak_rate,leak_abs"
23042,0.6993019726858877,0.9516535023001476,1114,0.30010775862068967,0.4144191810292034,False,"leak_rate,leak_abs"
23056,0.6997268588770865,0.9516828591256072,1114,0.30010775862068967,0.41517311639417714,False,"leak_rate,leak_abs"
23077,0.7003641881638847,0.9516401611994627,1116,0.30064655172413796,0.41523836355062077,False,"leak_rate,leak_abs"
23090,0.7007587253414264,0.9516673884798614,1116,0.30064655172413796,0.4152425785742023,False,"leak_rate,leak_abs"
23112,0.7014264036418817,0.9515835929387332,1119,0.30145474137931033,0.4156916314762802,False,"leak_rate,leak_abs"
23129,0.7019423368740516,0.951575943620563,1120,0.3017241379310345,0.415812153717377,False,"leak_rate,leak_abs"
23135,0.702124430955994,0.9515885022692889,1120,0.3017241379310345,0.41619332372939616,False,"leak_rate,leak_abs"
23147,0.7024886191198786,0.9516136000345617,1120,0.3017241379310345,0.41663990762211134,False,"leak_rate,leak_abs"
23148,0.7025189681335356,0.9516156903404182,1120,0.3017241379310345,0.4169717874283324,False,"leak_rate,leak_abs"
23155,0.7027314112291351,0.951587130209458,1121,0.3019935344827586,0.41739291522370336,False,"leak_rate,leak_abs"
23164,0.7030045523520485,0.9515195993783457,1123,0.3025323275862069,0.41742189341821945,False,"leak_rate,leak_abs"
23173,0.703277693474962,0.9515384283433306,1123,0.3025323275862069,0.4174480616185013,False,"leak_rate,leak_abs"
23181,0.7035204855842185,0.951555152926966,1123,0.3025323275862069,0.41755406115829147,False,"leak_rate,leak_abs"
23184,0.7036115326251897,0.9515182884748102,1124,0.30280172413793105,0.41759532156954676,False,"leak_rate,leak_abs"
23193,0.7038846737481032,0.9515371017117233,1124,0.30280172413793105,0.41786992312407717,False,"leak_rate,leak_abs"
23196,0.7039757207890743,0.9515433695464736,1124,0.30280172413793105,0.417920480852601,False,"leak_rate,leak_abs"
23211,0.7044309559939302,0.9515316013958899,1125,0.3030711206896552,0.4180216410620759,False,"leak_rate,leak_abs"
23218,0.7046433990895296,0.9515462141441985,1125,0.3030711206896552,0.41818568299574577,False,"leak_rate,leak_abs"
23223,0.7047951441578149,0.9515566464281101,1125,0.3030711206896552,0.4182791953473321,False,"leak_rate,leak_abs"
23226,0.704886191198786,0.9515629036424696,1125,0.3030711206896552,0.4183297530758559,False,"leak_rate,leak_abs"
23233,0.7050986342943855,0.9515774975250721,1125,0.3030711206896552,0.41842259708090856,False,"leak_rate,leak_abs"
23240,0.7053110773899848,0.951592082616179,1125,0.3030711206896552,0.4184639232101101,False,"leak_rate,leak_abs"
23244,0.705432473444613,0.9515573911547066,1126,0.30334051724137934,0.41908242807156554,False,"leak_rate,leak_abs"
23291,0.7068588770864946,0.9513975355287451,1132,0.30495689655172414,0.4192115089600802,False,"leak_rate,leak_abs"
23303,0.7072230652503794,0.9513796506887525,1133,0.3052262931034483,0.41926626361076713,False,"leak_rate,leak_abs"
23310,0.7074355083459788,0.9513942513942514,1133,0.3052262931034483,0.4197522563435704,False,"leak_rate,leak_abs"
23328,0.7079817905918058,0.951431755829904,1133,0.3052262931034483,0.41992221659256146,False,"leak_rate,leak_abs"
23329,0.7080121396054628,0.9514338377127181,1133,0.3052262931034483,0.4205496037442399,False,"leak_rate,leak_abs"
23331,0.708072837632777,0.9514380009429514,1133,0.3052262931034483,0.42075660518713354,False,"leak_rate,leak_abs"
23344,0.7084673748103186,0.9514650445510624,1133,0.3052262931034483,0.42079635888756756,False,"leak_rate,leak_abs"
23351,0.708679817905918,0.9514795940216693,1133,0.3052262931034483,0.42088023937260527,False,"leak_rate,leak_abs"
23363,0.7090440060698028,0.9515045156871977,1133,0.3052262931034483,0.42109305691999366,False,"leak_rate,leak_abs"
23368,0.709195751138088,0.9515148921602191,1133,0.3052262931034483,0.4212140418064342,False,"leak_rate,leak_abs"
23382,0.7096206373292868,0.9513728509109571,1137,0.3063038793103448,0.4213133698831325,False,"leak_rate,leak_abs"
23387,0.7097723823975721,0.9513832471030914,1137,0.3063038793103448,0.42133039535388966,False,"leak_rate,leak_abs"
23389,0.7098330804248862,0.9513446491940656,1138,0.30657327586206895,0.421389077241413,False,"leak_rate,leak_abs"
23397,0.7100758725341426,0.9513612856349105,1138,0.30657327586206895,0.42147472405146436,False,"leak_rate,leak_abs"
23404,0.710288315629742,0.9513758331909076,1138,0.30657327586206895,0.4217728649611341,False,"leak_rate,leak_abs"
23445,0.7115326251896813,0.9512476007677543,1143,0.30792025862068967,0.42179357833568126,False,"leak_rate,leak_abs"
23450,0.7116843702579666,0.9512579957356077,1143,0.30792025862068967,0.42180331480433286,False,"leak_rate,leak_abs"
23504,0.7133232169954477,0.9510296119809394,1151,0.31007543103448276,0.42247185974859736,False,"leak_rate,leak_abs"
23506,0.7133839150227618,0.9509912362800987,1152,0.3103448275862069,0.4226369246813094,False,"leak_rate,leak_abs"
23516,0.7136874051593323,0.9510120768838238,1152,0.3103448275862069,0.4226459954509763,False,"leak_rate,leak_abs"
23533,0.7142033383915023,0.9510474652615476,1152,0.3103448275862069,0.42337610250174484,False,"leak_rate,leak_abs"
23540,0.7144157814871017,0.9510620220900595,1152,0.3103448275862069,0.42348101240203695,False,"leak_rate,leak_abs"
23551,0.7147496206373293,0.951084879622946,1152,0.3103448275862069,0.42349443887263505,False,"leak_rate,leak_abs"
23555,0.7148710166919575,0.9510931861600509,1152,0.3103448275862069,0.42365304194739467,False,"leak_rate,leak_abs"
23564,0.7151441578148711,0.9510694279409269,1153,0.31061422413793105,0.4241481957878557,False,"leak_rate,leak_abs"
23565,0.7151745068285281,0.9510715043496711,1153,0.31061422413793105,0.4252031372076699,False,"leak_rate,leak_abs"
23568,0.7152655538694992,0.9510777325186693,1153,0.31061422413793105,0.42521220797733683,False,"leak_rate,leak_abs"
23576,0.7155083459787557,0.951094333220224,1153,0.31061422413793105,0.4253455970450896,False,"leak_rate,leak_abs"
23577,0.7155386949924127,0.9510964075157993,1153,0.31061422413793105,0.4255779401806347,False,"leak_rate,leak_abs"
23581,0.715660091047041,0.9511047029388067,1153,0.31061422413793105,0.42583246609159536,False,"leak_rate,leak_abs"
23587,0.7158421851289833,0.9510747445626828,1154,0.3108836206896552,0.4263353063282639,False,"leak_rate,leak_abs"
23609,0.7165098634294386,0.9510356220085561,1156,0.3114224137931034,0.42646561567564906,False,"leak_rate,leak_abs"
23619,0.7168133535660091,0.9510563529361954,1156,0.3114224137931034,0.42668598280796827,False,"leak_rate,leak_abs"
23625,0.7169954476479514,0.9510687830687831,1156,0.3114224137931034,0.4270646298138834,False,"leak_rate,leak_abs"
23631,0.7171775417298938,0.9510388895941772,1157,0.31169181034482757,0.4271004943739498,False,"leak_rate,leak_abs"
23643,0.7175417298937784,0.9510637397961341,1157,0.31169181034482757,0.427223232888643,False,"leak_rate,leak_abs"
23686,0.7188467374810319,0.9511103605505362,1158,0.3119612068965517,0.4275483938705443,False,"leak_rate,leak_abs"
23690,0.7189681335356601,0.9510764035457999,1159,0.31223060344827586,0.4278454373064514,False,"leak_rate,leak_abs"
23699,0.7192412746585736,0.9510949829106713,1159,0.31223060344827586,0.4281036142868349,False,"leak_rate,leak_abs"
23717,0.7197875569044007,0.9510899354893114,1160,0.3125,0.42924949819418856,False,"leak_rate,leak_abs"
23718,0.7198179059180576,0.951091997638924,1160,0.3125,0.429949634849342,False,"leak_rate,leak_abs"
23723,0.7199696509863429,0.9511023057792016,1160,0.3125,0.4301981486119789,False,"leak_rate,leak_abs"
23728,0.7201213960546282,0.951070465273095,1161,0.31276939655172414,0.4305071068890264,False,"leak_rate,leak_abs"
23737,0.7203945371775418,0.950962632177613,1164,0.3135775862068966,0.43076990027755657,False,"leak_rate,leak_abs"
23742,0.7205462822458271,0.9509308398618482,1165,0.31384698275862066,0.4309658430829543,False,"leak_rate,leak_abs"
23755,0.7209408194233687,0.9509155967164807,1166,0.3141163793103448,0.4312006413459908,False,"leak_rate,leak_abs"
23774,0.7215174506828528,0.9509127618406663,1167,0.31438577586206895,0.431266585318791,False,"leak_rate,leak_abs"
23784,0.7218209408194234,0.9508913555331315,1168,0.3146551724137931,0.4314016747841905,False,"leak_rate,leak_abs"
23789,0.7219726858877087,0.9509016772457859,1168,0.3146551724137931,0.43141184720807535,False,"leak_rate,leak_abs"
23831,0.723247344461305,0.950736435734967,1174,0.31627155172413796,0.431497684781898,False,"leak_rate,leak_abs"
23883,0.7248254931714719,0.9506762132060461,1178,0.3173491379310345,0.4319437036108042,False,"leak_rate,leak_abs"
23909,0.7256145675265554,0.9506880254297545,1179,0.3176185344827586,0.43197311643550235,False,"leak_rate,leak_abs"
23911,0.7256752655538695,0.9506921500564594,1179,0.3176185344827586,0.4321621871847157,False,"leak_rate,leak_abs"
23921,0.72597875569044,0.950670958571966,1180,0.31788793103448276,0.43218692282833787,False,"leak_rate,leak_abs"
23923,0.7260394537177541,0.9506750825565355,1180,0.31788793103448276,0.4325657617182987,False,"leak_rate,leak_abs"
23933,0.7263429438543247,0.9506539088288137,1181,0.3181573275862069,0.43305571528137937,False,"leak_rate,leak_abs"
23945,0.7267071320182094,0.9506786385466695,1181,0.3181573275862069,0.4334205460142231,False,"leak_rate,leak_abs"
23963,0.7272534142640364,0.9506739556816759,1182,0.31842672413793105,0.4334663107155453,False,"leak_rate,leak_abs"
24006,0.7285584218512898,0.9507206531700408,1183,0.3186961206896552,0.43389496763555974,False,"leak_rate,leak_abs"
24055,0.7300455235204856,0.9507378923300769,1185,0.3192349137931034,0.43415564988058986,False,"leak_rate,leak_abs"
24064,0.7303186646433991,0.9507147606382979,1186,0.31950431034482757,0.43468235320620124,False,"leak_rate,leak_abs"
24066,0.7303793626707132,0.9507188564780188,1186,0.31950431034482757,0.434717452264363,False,"leak_rate,leak_abs"
24069,0.7304704097116844,0.9506834517429058,1187,0.3197737068965517,0.4348897432705261,False,"leak_rate,leak_abs"
24104,0.7315326251896813,0.9506306007301693,1190,0.32058189655172414,0.4349087374017014,False,"leak_rate,leak_abs"
24105,0.7315629742033384,0.950632648828044,1190,0.32058189655172414,0.4353859775657187,False,"leak_rate,leak_abs"
24127,0.7322306525037936,0.9506776640278526,1190,0.32058189655172414,0.43543479695926235,False,"leak_rate,leak_abs"
24133,0.732412746585736,0.9506899266564456,1190,0.32058189655172414,0.435466190098107,False,"leak_rate,leak_abs"
24139,0.7325948406676783,0.9507021831890302,1190,0.32058189655172414,0.4357495533434836,False,"leak_rate,leak_abs"
24145,0.7327769347496207,0.9507144336301512,1190,0.32058189655172414,0.436048711634914,False,"leak_rate,leak_abs"
24182,0.7338998482549317,0.9507484906128525,1191,0.3208512931034483,0.43624614622061736,False,"leak_rate,leak_abs"
24197,0.7343550834597875,0.9507376947555483,1192,0.32112068965517243,0.4362968940554534,False,"leak_rate,leak_abs"
24204,0.7345675265553869,0.9507519418277971,1192,0.32112068965517243,0.43645208344515124,False,"leak_rate,leak_abs"
24218,0.7349924127465858,0.9507804112643489,1192,0.32112068965517243,0.43657493595921176,False,"leak_rate,leak_abs"
24219,0.7350227617602428,0.9507824435360668,1192,0.32112068965517243,0.4366336547874476,False,"leak_rate,leak_abs"
24220,0.7350531107738999,0.9507844756399669,1192,0.32112068965517243,0.4367301270927194,False,"leak_rate,leak_abs"
24244,0.7357814871016692,0.950791948523346,1193,0.3213900862068966,0.436757544948277,False,"leak_rate,leak_abs"
24245,0.7358118361153263,0.9507939781398227,1193,0.3213900862068966,0.4371441704782004,False,"leak_rate,leak_abs"
24248,0.7359028831562974,0.9508000659848235,1193,0.3213900862068966,0.437158533097755,False,"leak_rate,leak_abs"
24250,0.7359635811836115,0.9507628865979382,1194,0.32165948275862066,0.43731264862952657,False,"leak_rate,leak_abs"
24298,0.7374203338391502,0.9506132191949954,1200,0.3232758620689655,0.4383297396738204,False,"leak_rate,leak_abs"
24299,0.7374506828528072,0.9506152516564468,1200,0.3232758620689655,0.43854737942725025,False,"leak_rate,leak_abs"
24309,0.7377541729893778,0.9505532930190465,1202,0.3238146551724138,0.4386583123380566,False,"leak_rate,leak_abs"
24310,0.7377845220030349,0.9505553270259153,1202,0.3238146551724138,0.4392888578424377,False,"leak_rate,leak_abs"
24321,0.7381183611532626,0.9505365733316886,1203,0.32408405172413796,0.43944489280479143,False,"leak_rate,leak_abs"
24343,0.7387860394537178,0.9505812759314792,1203,0.32408405172413796,0.43964217878414685,False,"leak_rate,leak_abs"
24401,0.740546282245827,0.9505348141469612,1207,0.3251616379310345,0.4401015076036096,False,"leak_rate,leak_abs"
24437,0.741638846737481,0.9503621557474322,1213,0.32677801724137934,0.44011399032284293,False,"leak_rate,leak_abs"
24440,0.7417298937784522,0.9503273322422259,1214,0.3270474137931034,0.44040455871584117,False,"leak_rate,leak_abs"
24451,0.7420637329286798,0.95030878082696,1215,0.32731681034482757,0.4405814629289683,False,"leak_rate,leak_abs"
24496,0.7434294385432474,0.9503592423252776,1216,0.3275862068965517,0.4406653973231706,False,"leak_rate,leak_abs"
24502,0.7436115326251896,0.9502897722634887,1218,0.328125,0.4409788429942666,False,"leak_rate,leak_abs"
24556,0.7452503793626707,0.9502361948200032,1222,0.3292025862068966,0.44105774176150186,False,"leak_rate,leak_abs"
24590,0.7462822458270106,0.950101667344449,1227,0.33054956896551724,0.4411029690532593,False,"leak_rate,leak_abs"
24595,0.7464339908952959,0.9500711526733076,1228,0.3308189655172414,0.4413073261899065,False,"leak_rate,leak_abs"
24602,0.7466464339908953,0.9499634176083245,1231,0.3316271551724138,0.4413319387324012,False,"npv,leak_rate,leak_abs"
24604,0.7467071320182094,0.9499674849617948,1231,0.3316271551724138,0.441738859233186,False,"npv,leak_rate,leak_abs"
24626,0.7473748103186646,0.9499715747583855,1232,0.33189655172413796,0.44220319222215215,False,"npv,leak_rate,leak_abs"
24628,0.7474355083459787,0.9499756374857885,1232,0.33189655172413796,0.4423849907539184,False,"npv,leak_rate,leak_abs"
24653,0.7481942336874051,0.9498641139009452,1236,0.3329741379310345,0.4424302180456757,False,"npv,leak_rate,leak_abs"
24670,0.7487101669195751,0.9498175922172679,1238,0.33351293103448276,0.4434112924424425,False,"npv,leak_rate,leak_abs"
24671,0.7487405159332322,0.9498196262818694,1238,0.33351293103448276,0.4438621080871708,False,"npv,leak_rate,leak_abs"
24672,0.7487708649468893,0.9498216601815823,1238,0.33351293103448276,0.44435727715561185,False,"npv,leak_rate,leak_abs"
24674,0.7488315629742034,0.9498257274864229,1238,0.33351293103448276,0.4451934707760995,False,"npv,leak_rate,leak_abs"
24703,0.7497116843702579,0.9496012630044934,1245,0.3353987068965517,0.44596453037505707,False,"npv,leak_rate,leak_abs"
24727,0.7504400606980273,0.9496097383427023,1246,0.33566810344827586,0.44848311764161825,False,"npv,leak_rate,leak_abs"
24734,0.7506525037936267,0.9495027088218646,1249,0.3364762931034483,0.44854211966456625,False,"npv,leak_rate,leak_abs"
24748,0.7510773899848255,0.949531275254566,1249,0.3364762931034483,0.44861995353695366,False,"npv,leak_rate,leak_abs"
24750,0.7511380880121397,0.9495353535353536,1249,0.3364762931034483,0.44865605980984646,False,"npv,leak_rate,leak_abs"
24755,0.7512898330804249,0.9495051504746516,1250,0.33674568965517243,0.44872244436863684,False,"npv,leak_rate,leak_abs"
24773,0.7518361153262519,0.9494611068501998,1252,0.33728448275862066,0.44908813486265525,False,"npv,leak_rate,leak_abs"
24777,0.7519575113808801,0.9494692658513945,1252,0.33728448275862066,0.4494573635816212,False,"npv,leak_rate,leak_abs"
24780,0.7520485584218513,0.9494753833736884,1252,0.33728448275862066,0.4498800736342208,False,"npv,leak_rate,leak_abs"
24784,0.7521699544764795,0.9494835377663008,1252,0.33728448275862066,0.4501885523794297,False,"npv,leak_rate,leak_abs"
24785,0.7522003034901366,0.9494855759531975,1252,0.33728448275862066,0.4502957206105962,False,"npv,leak_rate,leak_abs"
24790,0.7523520485584219,0.9494957644211376,1252,0.33728448275862066,0.4509649705057822,False,"npv,leak_rate,leak_abs"
24804,0.7527769347496206,0.9494839542009353,1253,0.3375538793103448,0.4509711160008225,False,"npv,leak_rate,leak_abs"
24825,0.7534142640364189,0.9494461228600202,1255,0.3380926724137931,0.4511864941160183,False,"npv,leak_rate,leak_abs"
24831,0.7535963581183611,0.9494180661270186,1256,0.33836206896551724,0.45120429723280076,False,"npv,leak_rate,leak_abs"
24869,0.7547496206373293,0.9493747235514094,1259,0.33917025862068967,0.4512910476519641,False,"npv,leak_rate,leak_abs"
24880,0.7550834597875569,0.9493971061093247,1259,0.33917025862068967,0.45145018101617673,False,"npv,leak_rate,leak_abs"
24881,0.7551138088012139,0.9493991399059524,1259,0.33917025862068967,0.45214034693715643,False,"npv,leak_rate,leak_abs"
24903,0.7557814871016691,0.9493635304983336,1261,0.33970905172413796,0.45229456233964427,False,"npv,leak_rate,leak_abs"
24905,0.7558421851289833,0.9493675968680988,1261,0.33970905172413796,0.45241902246973215,False,"npv,leak_rate,leak_abs"
24954,0.757329286798179,0.9493467981085196,1264,0.34051724137931033,0.45248470310872796,False,"npv,leak_rate,leak_abs"
24961,0.7575417298937784,0.9493209406674412,1265,0.3407866379310345,0.45250909360400643,False,"npv,leak_rate,leak_abs"
24964,0.7576327769347496,0.9492869732414677,1266,0.3410560344827586,0.45268121246454773,False,"npv,leak_rate,leak_abs"
24970,0.757814871016692,0.949299158990789,1266,0.3410560344827586,0.45288028006238173,False,"npv,leak_rate,leak_abs"
24979,0.7580880121396054,0.9492373593818808,1268,0.3415948275862069,0.4529010524047011,False,"npv,leak_rate,leak_abs"
24995,0.7585735963581184,0.9492298459691938,1269,0.34186422413793105,0.453287750281874,False,"npv,leak_rate,leak_abs"
25020,0.7593323216995448,0.9491207034372502,1273,0.34294181034482757,0.4534077895590603,False,"npv,leak_rate,leak_abs"
25038,0.7598786039453718,0.9490774023484304,1275,0.34348060344827586,0.45346416228221487,False,"npv,leak_rate,leak_abs"
25099,0.7617298937784522,0.9488027411450656,1285,0.34617456896551724,0.45353929340649624,False,"npv,leak_rate,leak_abs"
25100,0.7617602427921093,0.948804780876494,1285,0.34617456896551724,0.453899425300643,False,"npv,leak_rate,leak_abs"
25121,0.7623975720789075,0.9488475777238168,1285,0.34617456896551724,0.4543470927714047,False,"npv,leak_rate,leak_abs"
25154,0.7633990895295902,0.9487954202114972,1288,0.34698275862068967,0.45437371111952546,False,"npv,leak_rate,leak_abs"
25156,0.7634597875569044,0.9487597392272221,1289,0.3472521551724138,0.4544605338817135,False,"npv,leak_rate,leak_abs"
25188,0.7644309559939302,0.9487454343338098,1291,0.34779094827586204,0.4545205877250439,False,"npv,leak_rate,leak_abs"
25207,0.7650075872534142,0.94870472487801,1293,0.34832974137931033,0.45456456652966,False,"npv,leak_rate,leak_abs"
25243,0.7661001517450683,0.948698649130452,1295,0.3488685344827586,0.4546501438836363,False,"npv,leak_rate,leak_abs"
25259,0.7665857359635811,0.948651965636011,1297,0.3494073275862069,0.45467649350789396,False,"npv,leak_rate,leak_abs"
25261,0.7666464339908953,0.9486560310359843,1297,0.3494073275862069,0.4547729011434317,False,"npv,leak_rate,leak_abs"
25317,0.7683459787556904,0.9484536082474226,1305,0.3515625,0.4548216049710847,False,"npv,leak_rate,leak_abs"
25359,0.7696206373292868,0.9483812453172443,1309,0.3526400862068966,0.4550305575455052,False,"npv,leak_rate,leak_abs"
25370,0.7699544764795144,0.948285376428853,1312,0.35344827586206895,0.4550759522556634,False,"npv,leak_rate,leak_abs"
25405,0.7710166919575114,0.9481598110608148,1317,0.35479525862068967,0.4551489942067989,False,"npv,leak_rate,leak_abs"
25432,0.7718361153262518,0.9480575652720982,1321,0.3558728448275862,0.45531705872340555,False,"npv,leak_rate,leak_abs"
25446,0.7722610015174507,0.9480861432052189,1321,0.3558728448275862,0.45536251567013813,False,"npv,leak_rate,leak_abs"
25450,0.7723823975720789,0.9480943025540275,1321,0.3558728448275862,0.4554686514679254,False,"npv,leak_rate,leak_abs"
25477,0.7732018209408195,0.9481493111433842,1321,0.3558728448275862,0.45557065199965685,False,"npv,leak_rate,leak_abs"
25486,0.7734749620637329,0.9480891469826571,1323,0.3564116379310345,0.45566159780776294,False,"npv,leak_rate,leak_abs"
25489,0.7735660091047041,0.9480560241672878,1324,0.3566810344827586,0.4560640888195575,False,"npv,leak_rate,leak_abs"
25503,0.7739908952959029,0.9480453280006274,1325,0.35695043103448276,0.4560877170261167,False,"npv,leak_rate,leak_abs"
25533,0.7749013657056145,0.94791054713508,1330,0.3582974137931034,0.45613445166111133,False,"npv,leak_rate,leak_abs"
25544,0.7752352048558422,0.9478938302536799,1331,0.35856681034482757,0.45623342553296775,False,"npv,leak_rate,leak_abs"
25557,0.7756297420333839,0.9478812067144031,1332,0.3588362068965517,0.4563413103023681,False,"npv,leak_rate,leak_abs"
25567,0.7759332321699545,0.9478624789768061,1333,0.35910560344827586,0.45636713993178907,False,"npv,leak_rate,leak_abs"
25572,0.7760849772382398,0.9478335679649617,1334,0.359375,0.45640983753330855,False,"npv,leak_rate,leak_abs"
25595,0.776783004552352,0.9476460246141825,1340,0.3609913793103448,0.45659004490972366,False,"npv,leak_rate,leak_abs"
25628,0.7777845220030349,0.9475573591384423,1344,0.3620689655172414,0.4566592913668063,False,"npv,leak_rate,leak_abs"
25680,0.7793626707132019,0.9472741433021807,1354,0.36476293103448276,0.45684363818597507,False,"npv,leak_rate,leak_abs"
25691,0.7796965098634294,0.9472577945584056,1355,0.3650323275862069,0.45686824394122666,False,"npv,leak_rate,leak_abs"
25714,0.7803945371775417,0.9471883020922455,1358,0.36584051724137934,0.4569886968508792,False,"npv,leak_rate,leak_abs"
25747,0.7813960546282246,0.947100633083466,1362,0.36691810344827586,0.4570636538586544,False,"npv,leak_rate,leak_abs"
25787,0.7826100151745068,0.9469112343428859,1369,0.3688038793103448,0.45710372031787677,False,"npv,leak_rate,leak_abs"
25794,0.7828224582701062,0.9469256416220827,1369,0.3688038793103448,0.45726401035972963,False,"npv,leak_rate,leak_abs"
25800,0.7830045523520486,0.9468992248062016,1370,0.36907327586206895,0.45729174796311084,False,"npv,leak_rate,leak_abs"
25818,0.7835508345978756,0.9467813153613758,1374,0.3701508620689655,0.45731951675497806,False,"npv,leak_rate,leak_abs"
25819,0.7835811836115326,0.9467833765831365,1374,0.3701508620689655,0.4575362704976991,False,"npv,leak_rate,leak_abs"
25898,0.7859787556904401,0.9466368059309599,1382,0.3723060344827586,0.4576342299511905,False,"npv,leak_rate,leak_abs"
25943,0.7873444613050076,0.9464980919708592,1388,0.3739224137931034,0.4577602781886938,False,"npv,leak_rate,leak_abs"
25947,0.7874658573596358,0.9464677997456353,1389,0.37419181034482757,0.45777981849884425,False,"npv,leak_rate,leak_abs"
25956,0.7877389984825494,0.9464863615349052,1389,0.37419181034482757,0.4577898637739504,False,"npv,leak_rate,leak_abs"
25973,0.7882549317147193,0.94652138759481,1389,0.37419181034482757,0.4578088785936534,False,"npv,leak_rate,leak_abs"
25975,0.7883156297420334,0.9465255052935515,1389,0.37419181034482757,0.45781631415171975,False,"npv,leak_rate,leak_abs"
25976,0.7883459787556905,0.9465275639051433,1389,0.37419181034482757,0.45792669510436274,False,"npv,leak_rate,leak_abs"
26010,0.7893778452200303,0.9465974625144176,1389,0.37419181034482757,0.45835631277489125,False,"npv,leak_rate,leak_abs"
26013,0.7894688922610015,0.9466036212662899,1389,0.37419181034482757,0.4583999112902629,False,"npv,leak_rate,leak_abs"
26018,0.7896206373292868,0.9465754477669306,1390,0.3744612068965517,0.45843666287630097,False,"npv,leak_rate,leak_abs"
26036,0.7901669195751138,0.9466123828545091,1390,0.3744612068965517,0.45854812394154176,False,"npv,leak_rate,leak_abs"
26068,0.7911380880121396,0.94656283566058,1393,0.37526939655172414,0.45868600614253874,False,"npv,leak_rate,leak_abs"
26082,0.7915629742033384,0.9465531784372364,1394,0.3755387931034483,0.45876291579355966,False,"npv,leak_rate,leak_abs"
26090,0.7918057663125948,0.9465312380222307,1395,0.37580818965517243,0.4588092245178114,False,"npv,leak_rate,leak_abs"
26151,0.7936570561456753,0.9463500439753738,1403,0.3779633620689655,0.45883909496184716,False,"npv,leak_rate,leak_abs"
26162,0.7939908952959028,0.9463343781056495,1404,0.37823275862068967,0.45888588070764685,False,"npv,leak_rate,leak_abs"
26163,0.7940212443095599,0.9462982073921187,1405,0.3785021551724138,0.4590101718307055,False,"npv,leak_rate,leak_abs"
26174,0.7943550834597876,0.946282570489799,1406,0.37877155172413796,0.45905516592129647,False,"npv,leak_rate,leak_abs"
26184,0.7946585735963582,0.9463030858539566,1406,0.37877155172413796,0.4590868706225404,False,"npv,leak_rate,leak_abs"
26198,0.7950834597875569,0.9462172684937782,1409,0.37957974137931033,0.45910729684935153,False,"npv,leak_rate,leak_abs"
26226,0.7959332321699545,0.9461221688400824,1413,0.3806573275862069,0.45921912440512597,False,"npv,leak_rate,leak_abs"
26229,0.7960242792109257,0.9461283312364177,1413,0.3806573275862069,0.45935478406682506,False,"npv,leak_rate,leak_abs"
26230,0.7960546282245827,0.9461303850552802,1413,0.3806573275862069,0.4596080363705469,False,"npv,leak_rate,leak_abs"
26260,0.7969650986342944,0.9461538461538461,1414,0.38092672413793105,0.459652494421477,False,"npv,leak_rate,leak_abs"
26263,0.7970561456752655,0.9461599969538895,1414,0.38092672413793105,0.45971464531968753,False,"npv,leak_rate,leak_abs"
26274,0.7973899848254932,0.9461444774301591,1415,0.3811961206896552,0.4600908742261357,False,"npv,leak_rate,leak_abs"
26276,0.7974506828528073,0.9461105191048866,1416,0.38146551724137934,0.4601004746263637,False,"npv,leak_rate,leak_abs"
26279,0.7975417298937785,0.9461166711062065,1416,0.38146551724137934,0.4601747231167225,False,"npv,leak_rate,leak_abs"
26346,0.7995751138088012,0.9459880057693768,1423,0.3833512931034483,0.4602813320658631,False,"npv,leak_rate,leak_abs"
26371,0.8003338391502276,0.9458875279663267,1427,0.3844288793103448,0.4603791096492628,False,"npv,leak_rate,leak_abs"
26394,0.8010318664643399,0.9458967947260741,1428,0.38469827586206895,0.46051095988415186,False,"npv,leak_rate,leak_abs"
26424,0.8019423368740516,0.9458825310323948,1430,0.38523706896551724,0.4605674888076254,False,"npv,leak_rate,leak_abs"
26426,0.8020030349013657,0.9458866268069326,1430,0.38523706896551724,0.4605709227956661,False,"npv,leak_rate,leak_abs"
26441,0.8024582701062215,0.9458416852615257,1432,0.3857758620689655,0.4605956654269654,False,"npv,leak_rate,leak_abs"
26477,0.8035508345978756,0.9458397854741851,1434,0.3863146551724138,0.46065061122896694,False,"npv,leak_rate,leak_abs"
26510,0.8045523520485585,0.945680875141456,1440,0.3879310344827586,0.46065420815953606,False,"npv,leak_rate,leak_abs"
26517,0.8047647951441578,0.9456575027340951,1441,0.38820043103448276,0.4610403373305092,False,"npv,leak_rate,leak_abs"
26596,0.8071623672230652,0.9455933223041059,1447,0.38981681034482757,0.4610663422239343,False,"npv,leak_rate,leak_abs"
26603,0.8073748103186646,0.9455324587452543,1449,0.39035560344827586,0.46110515727367546,False,"npv,leak_rate,leak_abs"
26617,0.8077996965098634,0.9455611075628357,1449,0.39035560344827586,0.46112563943876117,False,"npv,leak_rate,leak_abs"
26628,0.808133535660091,0.9455084873065945,1451,0.39089439655172414,0.4612117662228161,False,"npv,leak_rate,leak_abs"
26630,0.8081942336874052,0.9455125797972211,1451,0.39089439655172414,0.4612485779428118,False,"npv,leak_rate,leak_abs"
26633,0.8082852807283764,0.9455187173806932,1451,0.39089439655172414,0.4614446320863826,False,"npv,leak_rate,leak_abs"
26666,0.8092867981790591,0.9455111377784444,1453,0.39143318965517243,0.46153629866219265,False,"npv,leak_rate,leak_abs"
26690,0.8100151745068286,0.9454102660172349,1457,0.39251077586206895,0.461653584660803,False,"npv,leak_rate,leak_abs"
26702,0.8103793626707132,0.9453598981349711,1459,0.39304956896551724,0.4617205159635413,False,"npv,leak_rate,leak_abs"
26711,0.8106525037936267,0.9453034330425667,1461,0.3935883620689655,0.4617925769571213,False,"npv,leak_rate,leak_abs"
26738,0.8114719271623673,0.9452838656593612,1463,0.3941271551724138,0.46185952374105055,False,"npv,leak_rate,leak_abs"
26754,0.8119575113808801,0.945241832996935,1465,0.39466594827586204,0.4618991859062619,False,"npv,leak_rate,leak_abs"
26766,0.8123216995447647,0.9451543002316372,1468,0.3954741379310345,0.46191921191586244,False,"npv,leak_rate,leak_abs"
26779,0.8127162367223065,0.945143582658053,1469,0.3957435344827586,0.46194198288937305,False,"npv,leak_rate,leak_abs"
26788,0.8129893778452201,0.9451246826937435,1470,0.39601293103448276,0.46194678066648215,False,"npv,leak_rate,leak_abs"
26858,0.815113808801214,0.945044307096582,1476,0.39762931034482757,0.46226237609708287,False,"npv,leak_rate,leak_abs"
26917,0.8169044006069802,0.9449790095478694,1481,0.3989762931034483,0.46228192189906736,False,"npv,leak_rate,leak_abs"
26920,0.8169954476479514,0.9449851411589896,1481,0.3989762931034483,0.4623074297138314,False,"npv,leak_rate,leak_abs"
26924,0.8171168437025796,0.944993314514931,1481,0.3989762931034483,0.46232860157949957,False,"npv,leak_rate,leak_abs"
26942,0.8176631259484066,0.9449929478138223,1482,0.39924568965517243,0.46267925093941525,False,"npv,leak_rate,leak_abs"
27006,0.8196054628224583,0.9448641042731245,1489,0.4011314655172414,0.4631499277363841,False,"npv,leak_rate,leak_abs"
27024,0.8201517450682853,0.9448268206039077,1491,0.40167025862068967,0.4635527467210677,False,"npv,leak_rate,leak_abs"
27044,0.8207587253414264,0.9448306463540896,1492,0.4019396551724138,0.46375900138599646,False,"npv,leak_rate,leak_abs"
27047,0.8208497723823975,0.9447997929530078,1493,0.40220905172413796,0.4640588459267625,False,"npv,leak_rate,leak_abs"
27077,0.8217602427921092,0.9447870886730435,1495,0.4027478448275862,0.4643953133702216,False,"npv,leak_rate,leak_abs"
27126,0.823247344461305,0.944591904445919,1503,0.40490301724137934,0.4644778801897872,False,"npv,leak_rate,leak_abs"
27128,0.8233080424886191,0.9445591271011501,1504,0.4051724137931034,0.46474610682713224,False,"npv,leak_rate,leak_abs"
27133,0.8234597875569044,0.9445693436037298,1504,0.4051724137931034,0.46478998726991205,False,"npv,leak_rate,leak_abs"
27135,0.8235204855842185,0.9445734291505435,1504,0.4051724137931034,0.4649121668907105,False,"npv,leak_rate,leak_abs"
27136,0.8235508345978756,0.9445754716981132,1504,0.4051724137931034,0.46499420009523357,False,"npv,leak_rate,leak_abs"
27185,0.8250379362670713,0.944565017472871,1507,0.40598060344827586,0.4649942416375932,False,"npv,leak_rate,leak_abs"
27189,0.8251593323216996,0.9445731729743646,1507,0.40598060344827586,0.46501521080135944,False,"npv,leak_rate,leak_abs"
27206,0.8256752655538695,0.9446078071013747,1507,0.40598060344827586,0.4652119237126267,False,"npv,leak_rate,leak_abs"
27217,0.8260091047040972,0.9445934526215233,1508,0.40625,0.46522860378603764,False,"npv,leak_rate,leak_abs"
27249,0.8269802731411229,0.9445484237953686,1511,0.40705818965517243,0.46546677639875744,False,"npv,leak_rate,leak_abs"
27268,0.827556904400607,0.9444036966407511,1516,0.4084051724137931,0.4654858875983282,False,"npv,leak_rate,leak_abs"
27271,0.8276479514415781,0.9444098126214661,1516,0.4084051724137931,0.466670098702563,False,"npv,leak_rate,leak_abs"
27277,0.8278300455235205,0.944422040546981,1516,0.4084051724137931,0.46726324622843696,False,"npv,leak_rate,leak_abs"
27287,0.8281335356600911,0.9444057609850844,1517,0.40867456896551724,0.4673575672559817,False,"npv,leak_rate,leak_abs"
27319,0.8291047040971169,0.944397671949925,1519,0.4092133620689655,0.4675383003326013,False,"npv,leak_rate,leak_abs"
27320,0.8291350531107738,0.9443997071742314,1519,0.4092133620689655,0.46755182112043986,False,"npv,leak_rate,leak_abs"
27332,0.8294992412746586,0.9443509439484853,1521,0.4097521551724138,0.4678282440529506,False,"npv,leak_rate,leak_abs"
27339,0.829711684370258,0.9443651925820257,1521,0.4097521551724138,0.46796640882000623,False,"npv,leak_rate,leak_abs"
27342,0.8298027314112292,0.9443712969058591,1521,0.4097521551724138,0.46807790304479857,False,"npv,leak_rate,leak_abs"
27352,0.8301062215477997,0.9443185141854343,1523,0.41029094827586204,0.46816966064982657,False,"npv,leak_rate,leak_abs"
27364,0.8304704097116844,0.9442332992252594,1526,0.4110991379310345,0.4684330040877121,False,"npv,leak_rate,leak_abs"
27373,0.8307435508345978,0.9441785701238447,1528,0.41163793103448276,0.46863391039263474,False,"npv,leak_rate,leak_abs"
27376,0.830834597875569,0.9441846873173583,1528,0.41163793103448276,0.46877759880795783,False,"npv,leak_rate,leak_abs"
27386,0.8311380880121396,0.9441685532753962,1529,0.4119073275862069,0.4688887898400356,False,"npv,leak_rate,leak_abs"
27398,0.8315022761760242,0.9441200087597635,1531,0.4124461206896552,0.46892278693454903,False,"npv,leak_rate,leak_abs"
27402,0.8316236722306525,0.9441281658273118,1531,0.4124461206896552,0.46920967386076656,False,"npv,leak_rate,leak_abs"
27404,0.8316843702579666,0.9440957524448985,1532,0.41271551724137934,0.4693530395828438,False,"npv,leak_rate,leak_abs"
27406,0.8317450682852807,0.944099832153543,1532,0.41271551724137934,0.4696635776286318,False,"npv,leak_rate,leak_abs"
27409,0.8318361153262519,0.9441059506001678,1532,0.41271551724137934,0.46987449900423756,False,"npv,leak_rate,leak_abs"
27415,0.8320182094081943,0.9440817070946562,1533,0.4129849137931034,0.4706278691007964,False,"npv,leak_rate,leak_abs"
27419,0.8321396054628225,0.9440898646923666,1533,0.4129849137931034,0.4706825818138514,False,"npv,leak_rate,leak_abs"
27425,0.8323216995447648,0.9439927073837739,1536,0.41379310344827586,0.47071015213682116,False,"npv,leak_rate,leak_abs"
27440,0.8327769347496207,0.9440233236151604,1536,0.41379310344827586,0.4712881560744047,False,"npv,leak_rate,leak_abs"
27442,0.8328376327769348,0.944027403250492,1536,0.41379310344827586,0.47166913908024055,False,"npv,leak_rate,leak_abs"
27454,0.8332018209408194,0.9440518685801704,1536,0.41379310344827586,0.47172023112721356,False,"npv,leak_rate,leak_abs"
27456,0.8332625189681335,0.9440195221445221,1537,0.4140625,0.4721054000385067,False,"npv,leak_rate,leak_abs"
27458,0.8333232169954476,0.9439871804210066,1538,0.41433189655172414,0.4728399056332642,False,"npv,leak_rate,leak_abs"
27462,0.8334446130500759,0.9439953390139101,1538,0.41433189655172414,0.4728674759562339,False,"npv,leak_rate,leak_abs"
27469,0.8336570561456753,0.943973206159671,1539,0.4146012931034483,0.47340919798636866,False,"npv,leak_rate,leak_abs"
27482,0.834051593323217,0.9439269339931592,1541,0.4151400862068966,0.47394991629670646,False,"npv,leak_rate,leak_abs"
27491,0.8343247344461305,0.9438361645629478,1544,0.41594827586206895,0.47413613514032443,False,"npv,leak_rate,leak_abs"
27493,0.8343854324734447,0.943840250245517,1544,0.41594827586206895,0.47415220864885294,False,"npv,leak_rate,leak_abs"
27498,0.8345371775417298,0.943850461851771,1544,0.41594827586206895,0.4745603632253759,False,"npv,leak_rate,leak_abs"
27500,0.834597875569044,0.9438545454545455,1544,0.41594827586206895,0.47471655850899186,False,"npv,leak_rate,leak_abs"
27508,0.8348406676783005,0.9437981678057292,1546,0.41648706896551724,0.47475119837349594,False,"npv,leak_rate,leak_abs"
27512,0.8349620637329287,0.94380633905205,1546,0.41648706896551724,0.4749887221716339,False,"npv,leak_rate,leak_abs"
27516,0.8350834597875569,0.943778165431022,1547,0.4167564655172414,0.47518125793760385,False,"npv,leak_rate,leak_abs"
27518,0.8351441578148711,0.9437822516171234,1547,0.4167564655172414,0.47861757225790447,False,"npv,leak_rate,leak_abs"
27529,0.8354779969650986,0.9437683896981365,1548,0.4170258620689655,0.4786268765353983,False,"npv,leak_rate,leak_abs"
27537,0.8357207890743551,0.9437120964520463,1550,0.4175646551724138,0.47885161377989555,False,"npv,leak_rate,leak_abs"
27544,0.8359332321699545,0.9436537902991577,1552,0.41810344827586204,0.47916759484573607,False,"npv,leak_rate,leak_abs"
27549,0.8360849772382397,0.9436640168427166,1552,0.41810344827586204,0.4836172420301597,False,"npv,leak_rate,leak_abs"
27556,0.8362974203338391,0.9436057482943824,1554,0.41864224137931033,0.48385900646312147,False,"npv,leak_rate,leak_abs"
27557,0.8363277693474962,0.9436077947526944,1554,0.41864224137931033,0.48408542865781284,False,"npv,leak_rate,leak_abs"
27570,0.836722306525038,0.9436343852013057,1554,0.41864224137931033,0.4841844811336613,False,"npv,leak_rate,leak_abs"
27587,0.8372382397572079,0.9436328705549716,1555,0.4189116379310345,0.48446887496220414,False,"npv,leak_rate,leak_abs"
27597,0.8375417298937784,0.9436170598253434,1556,0.4191810344827586,0.4847359076456089,False,"npv,leak_rate,leak_abs"
27602,0.8376934749620637,0.9436272733859865,1556,0.4191810344827586,0.48501658752735327,False,"npv,leak_rate,leak_abs"
27604,0.8377541729893778,0.9435951311404144,1557,0.41945043103448276,0.48605839495120634,False,"npv,leak_rate,leak_abs"
27607,0.837845220030349,0.9436012605498605,1557,0.41945043103448276,0.4861080786424124,False,"npv,leak_rate,leak_abs"
27611,0.8379666160849772,0.9436094310238673,1557,0.41945043103448276,0.4861849921817162,False,"npv,leak_rate,leak_abs"
27612,0.8379969650986343,0.9436114732724902,1557,0.41945043103448276,0.4867872640267204,False,"npv,leak_rate,leak_abs"
27620,0.8382397572078908,0.9436278059377263,1557,0.41945043103448276,0.48880397090843164,False,"npv,leak_rate,leak_abs"
27621,0.8382701062215479,0.9436298468556533,1557,0.41945043103448276,0.48949036411445235,False,"npv,leak_rate,leak_abs"
27623,0.8383308042488619,0.9436339282481989,1557,0.41945043103448276,0.4895585351757804,False,"npv,leak_rate,leak_abs"
27630,0.8385432473444613,0.9436482084690554,1557,0.41945043103448276,0.4899585507421055,False,"npv,leak_rate,leak_abs"
27641,0.838877086494689,0.9436706342028146,1557,0.41945043103448276,0.49120736747713495,False,"npv,leak_rate,leak_abs"
27643,0.8389377845220031,0.9436747096914228,1557,0.41945043103448276,0.4920070230284348,False,"npv,leak_rate,leak_abs"
27649,0.8391198786039453,0.943650764946291,1558,0.4197198275862069,0.4945665181005028,False,"npv,leak_rate,leak_abs"
27650,0.8391502276176024,0.943616636528029,1559,0.41998922413793105,0.49479587413019555,False,"npv,leak_rate,leak_abs"
27654,0.8392716236722306,0.9436247920734794,1559,0.41998922413793105,0.49788131061543317,False,"npv,leak_rate,leak_abs"
27656,0.8393323216995447,0.9436288689615273,1559,0.41998922413793105,0.501103667718587,False,"npv,leak_rate,leak_abs"
27660,0.839453717754173,0.9436008676789588,1560,0.4202586206896552,0.5022464521675802,False,"npv,leak_rate,leak_abs"
27661,0.83948406676783,0.943602906619428,1560,0.4202586206896552,0.502736172796438,False,"npv,leak_rate,leak_abs"
27665,0.8396054628224583,0.9435749141514549,1561,0.42052801724137934,0.5027377624977464,False,"npv,leak_rate,leak_abs"
27671,0.8397875569044007,0.9435871490007589,1561,0.42052801724137934,0.5027572828436838,False,"npv,leak_rate,leak_abs"
27673,0.8398482549317147,0.9435912261048676,1561,0.42052801724137934,0.503166133975611,False,"npv,leak_rate,leak_abs"
27674,0.8398786039453717,0.9435932644359326,1561,0.42052801724137934,0.5064498222974326,False,"npv,leak_rate,leak_abs"
27678,0.84,0.943601416287304,1561,0.42052801724137934,0.5067402075243075,False,"npv,leak_rate,leak_abs"
27680,0.8400606980273141,0.9436054913294798,1561,0.42052801724137934,0.5077765970247841,False,"npv,leak_rate,leak_abs"
27688,0.8403034901365706,0.943513435423288,1564,0.4213362068965517,0.5086764075165433,False,"npv,leak_rate,leak_abs"
27689,0.8403338391502276,0.9435154754595688,1564,0.4213362068965517,0.5092960492121438,False,"npv,leak_rate,leak_abs"
27690,0.8403641881638847,0.9435175153485013,1564,0.4213362068965517,0.5175193794865486,False,"npv,leak_rate,leak_abs"
27693,0.8404552352048559,0.943487523923013,1565,0.42160560344827586,0.5197560730184753,False,"npv,leak_rate,leak_abs"
27695,0.84051593323217,0.9434916049828489,1565,0.42160560344827586,0.5216675852269385,False,"npv,leak_rate,leak_abs"
27696,0.8405462822458271,0.9434936452917388,1565,0.42160560344827586,0.5224307531370102,False,"npv,leak_rate,leak_abs"
27699,0.8406373292867981,0.9434636629481209,1566,0.421875,0.5225484835030522,False,"npv,leak_rate,leak_abs"
27700,0.8406676783004552,0.9434657039711192,1566,0.421875,0.525867403698968,False,"npv,leak_rate,leak_abs"
27704,0.8407890743550834,0.9434738665896621,1566,0.421875,0.5268364451498893,False,"npv,leak_rate,leak_abs"
27706,0.8408497723823976,0.943477947015087,1566,0.421875,0.5277148191990313,False,"npv,leak_rate,leak_abs"
27707,0.8408801213960546,0.9434799870068936,1566,0.421875,0.5306175988852136,False,"npv,leak_rate,leak_abs"
27712,0.8410318664643399,0.9434540993071594,1567,0.42214439655172414,0.5324409761533049,False,"npv,leak_rate,leak_abs"
27716,0.8411532625189682,0.9434622600663877,1567,0.42214439655172414,0.5327832548241073,False,"npv,leak_rate,leak_abs"
27717,0.8411836115326252,0.9434642998881553,1567,0.42214439655172414,0.5338417256458827,False,"npv,leak_rate,leak_abs"
27718,0.8412139605462823,0.9434302619236598,1568,0.4224137931034483,0.5340740685548319,False,"npv,leak_rate,leak_abs"
27724,0.8413960546282245,0.9434425046890781,1568,0.4224137931034483,0.5404338891057149,False,"npv,leak_rate,leak_abs"
27726,0.8414567526555387,0.9434105172040684,1569,0.42268318965517243,0.5479612556098397,False,"npv,leak_rate,leak_abs"
27728,0.8415174506828528,0.9433785343335257,1570,0.4229525862068966,0.5639781955531836,False,"npv,leak_rate,leak_abs"
27729,0.8415477996965098,0.9433805762919687,1570,0.4229525862068966,0.564350048855136,False,"npv,leak_rate,leak_abs"
27730,0.8415781487101669,0.9433826181031374,1570,0.4229525862068966,0.5659700405104344,False,"npv,leak_rate,leak_abs"
27731,0.841608497723824,0.9433846597670477,1570,0.4229525862068966,0.5735117401653812,False,"npv,leak_rate,leak_abs"
27732,0.841638846737481,0.9433867012837156,1570,0.4229525862068966,0.5741206340999123,False,"npv,leak_rate,leak_abs"
27738,0.8418209408194234,0.9433628956665946,1571,0.42322198275862066,0.5748007043543479,False,"npv,leak_rate,leak_abs"
27739,0.8418512898330804,0.9433649374526839,1571,0.42322198275862066,0.5761002200953602,False,"npv,leak_rate,leak_abs"
27743,0.8419726858877087,0.9433010128681109,1573,0.42376077586206895,0.5778829114376391,False,"npv,leak_rate,leak_abs"
27744,0.8420030349013657,0.9433030565167243,1573,0.42376077586206895,0.580884111928863,False,"npv,leak_rate,leak_abs"
27745,0.8420333839150228,0.9433051000180213,1573,0.42376077586206895,0.5817754062681233,False,"npv,leak_rate,leak_abs"
27750,0.842185128983308,0.9432432432432433,1575,0.42429956896551724,0.5834152748234027,False,"npv,leak_rate,leak_abs"
27751,0.8422154779969651,0.9432092537205866,1576,0.4245689655172414,0.5856616786620628,False,"npv,leak_rate,leak_abs"
27752,0.8422458270106221,0.9432113000864802,1576,0.4245689655172414,0.5894336715184074,False,"npv,leak_rate,leak_abs"
27753,0.8422761760242792,0.9432133463049039,1576,0.4245689655172414,0.5937000310109173,False,"npv,leak_rate,leak_abs"
27755,0.8423368740515933,0.9432174382994055,1576,0.4245689655172414,0.5948829691718943,False,"npv,leak_rate,leak_abs"
27757,0.8423975720789074,0.9432215297042188,1576,0.4245689655172414,0.5961529231906101,False,"npv,leak_rate,leak_abs"
27762,0.8425493171471927,0.9431957351775808,1577,0.4248383620689655,0.5982749660624924,False,"npv,leak_rate,leak_abs"
27763,0.8425796661608498,0.9431977812196088,1577,0.4248383620689655,0.5985421865133256,False,"npv,leak_rate,leak_abs"
27766,0.842670713201821,0.9432039184614276,1577,0.4248383620689655,0.5995728768708031,False,"npv,leak_rate,leak_abs"
27771,0.8428224582701063,0.9432141442511973,1577,0.4248383620689655,0.5998558044090775,False,"npv,leak_rate,leak_abs"
27777,0.8430045523520485,0.943154408323433,1579,0.4253771551724138,0.6008788954235145,False,"npv,leak_rate,leak_abs"
27780,0.8430955993930197,0.9431605471562275,1579,0.4253771551724138,0.6011726873999956,False,"npv,leak_rate,leak_abs"
27781,0.8431259484066768,0.9431625931391958,1579,0.4253771551724138,0.6011977982506108,False,"npv,leak_rate,leak_abs"
27782,0.8431562974203338,0.9431646389748758,1579,0.4253771551724138,0.6041845548719406,False,"npv,leak_rate,leak_abs"
27784,0.8432169954476479,0.9431687302044343,1579,0.4253771551724138,0.6048821717252143,False,"npv,leak_rate,leak_abs"
27786,0.8432776934749621,0.9431728208450298,1579,0.4253771551724138,0.6074008907130724,False,"npv,leak_rate,leak_abs"
27787,0.8433080424886191,0.9431748659445064,1579,0.4253771551724138,0.6113102871862801,False,"npv,leak_rate,leak_abs"
27789,0.8433687405159332,0.9431789557018965,1579,0.4253771551724138,0.6113898034361676,False,"npv,leak_rate,leak_abs"
27790,0.8433990895295903,0.9431810003598416,1579,0.4253771551724138,0.6132325577276674,False,"npv,leak_rate,leak_abs"
27791,0.8434294385432474,0.9431470619984887,1580,0.42564655172413796,0.6133047921992761,False,"npv,leak_rate,leak_abs"
27794,0.8435204855842185,0.9431172195437865,1581,0.42591594827586204,0.6160415297411436,False,"npv,leak_rate,leak_abs"
27798,0.8436418816388468,0.9431254047053745,1581,0.42591594827586204,0.6163928823635108,False,"npv,leak_rate,leak_abs"
27800,0.8437025796661608,0.9431294964028777,1581,0.42591594827586204,0.6170647221900329,False,"npv,leak_rate,leak_abs"
27801,0.8437329286798179,0.9431315420308622,1581,0.42591594827586204,0.6174344613163858,False,"npv,leak_rate,leak_abs"
27805,0.8438543247344461,0.9431037583168494,1582,0.4261853448275862,0.6183159014751705,False,"npv,leak_rate,leak_abs"
27806,0.8438846737481032,0.9431058045026254,1582,0.4261853448275862,0.6186277939478664,False,"npv,leak_rate,leak_abs"
27812,0.8440667678300455,0.9431180785272544,1582,0.4261853448275862,0.6195401863092536,False,"npv,leak_rate,leak_abs"
27814,0.8441274658573596,0.9431221686920256,1582,0.4261853448275862,0.6196342721343767,False,"npv,leak_rate,leak_abs"
27815,0.8441578148710167,0.9431242135538379,1582,0.4261853448275862,0.620245152899303,False,"npv,leak_rate,leak_abs"
27816,0.8441881638846738,0.9431262582686224,1582,0.4261853448275862,0.6244134358072314,False,"npv,leak_rate,leak_abs"
27821,0.8443399089529591,0.9430286474246073,1585,0.4269935344827586,0.6244172485678249,False,"npv,leak_rate,leak_abs"
27824,0.8444309559939301,0.9430347901092582,1585,0.4269935344827586,0.6260032947778995,False,"npv,leak_rate,leak_abs"
27827,0.8445220030349013,0.9430409314694361,1585,0.4269935344827586,0.6269390733276264,False,"npv,leak_rate,leak_abs"
27829,0.8445827010622154,0.943045024973948,1585,0.4269935344827586,0.62883250843454,False,"npv,leak_rate,leak_abs"
27832,0.8446737481031866,0.9430511641276229,1585,0.4269935344827586,0.6294242173584742,False,"npv,leak_rate,leak_abs"
27833,0.8447040971168437,0.9430532102180864,1585,0.4269935344827586,0.6297320887965506,False,"npv,leak_rate,leak_abs"
27835,0.8447647951441578,0.9429854499730556,1587,0.4275323275862069,0.6316755786240484,False,"npv,leak_rate,leak_abs"
27840,0.8449165402124431,0.9429956896551724,1587,0.4275323275862069,0.6320712994213568,False,"npv,leak_rate,leak_abs"
27844,0.8450379362670714,0.9430038787530527,1587,0.4275323275862069,0.6336233251622169,False,"npv,leak_rate,leak_abs"
27847,0.8451289833080425,0.9430100190325709,1587,0.4275323275862069,0.6340903569025743,False,"npv,leak_rate,leak_abs"
27849,0.8451896813353565,0.9430141118173004,1587,0.4275323275862069,0.6360580372755796,False,"npv,leak_rate,leak_abs"
27851,0.8452503793626707,0.9430182040142185,1587,0.4275323275862069,0.6393056330472641,False,"npv,leak_rate,leak_abs"
27854,0.8453414264036418,0.943024341207726,1587,0.4275323275862069,0.6398897818350701,False,"npv,leak_rate,leak_abs"
27858,0.8454628224582701,0.9430325220762438,1587,0.4275323275862069,0.6411350320956773,False,"npv,leak_rate,leak_abs"
27864,0.8456449165402125,0.9430447889750215,1587,0.4275323275862069,0.6418747241705761,False,"npv,leak_rate,leak_abs"
27865,0.8456752655538695,0.943046832944554,1587,0.4275323275862069,0.6436906801894853,False,"npv,leak_rate,leak_abs"
27873,0.845918057663126,0.9429555483801528,1590,0.42834051724137934,0.6485377453499449,False,"npv,leak_rate,leak_abs"
27875,0.84597875569044,0.9429596412556054,1590,0.42834051724137934,0.649111414905159,False,"npv,leak_rate,leak_abs"
27876,0.8460091047040971,0.9429616874730952,1590,0.42834051724137934,0.6501082703944506,False,"npv,leak_rate,leak_abs"
27883,0.8462215477996965,0.9429760068859161,1590,0.42834051724137934,0.6513187441568421,False,"npv,leak_rate,leak_abs"
27886,0.8463125948406677,0.9429821415764182,1590,0.42834051724137934,0.6544601541228717,False,"npv,leak_rate,leak_abs"
27888,0.8463732928679818,0.9429503729202524,1591,0.4286099137931034,0.6554325214880601,False,"npv,leak_rate,leak_abs"
27889,0.8464036418816389,0.9429524185162609,1591,0.4286099137931034,0.6557960938895988,False,"npv,leak_rate,leak_abs"
27890,0.8464339908952959,0.942954463965579,1591,0.4286099137931034,0.6578750806758082,False,"npv,leak_rate,leak_abs"
27891,0.846464339908953,0.9429565092682227,1591,0.4286099137931034,0.6584487502310223,False,"npv,leak_rate,leak_abs"
27892,0.84649468892261,0.9429585544242076,1591,0.4286099137931034,0.6621182515975488,False,"npv,leak_rate,leak_abs"
27898,0.8466767830045524,0.9429708222811671,1591,0.4286099137931034,0.6636772779361387,False,"npv,leak_rate,leak_abs"
27899,0.8467071320182095,0.9429370228323596,1592,0.42887931034482757,0.6663216188936725,False,"npv,leak_rate,leak_abs"
27900,0.8467374810318664,0.9429390681003584,1592,0.42887931034482757,0.6675151448899379,False,"npv,leak_rate,leak_abs"
27902,0.8467981790591805,0.9429431581965451,1592,0.42887931034482757,0.668088911640319,False,"npv,leak_rate,leak_abs"
27903,0.8468285280728376,0.9429452030247644,1592,0.42887931034482757,0.6688461179502154,False,"npv,leak_rate,leak_abs"
27904,0.8468588770864947,0.942947247706422,1592,0.42887931034482757,0.6717820948255634,False,"npv,leak_rate,leak_abs"
27905,0.8468892261001517,0.9429492922415338,1592,0.42887931034482757,0.6719997613204117,False,"npv,leak_rate,leak_abs"
27907,0.8469499241274658,0.9429175475687104,1593,0.4291487068965517,0.6724558673209509,False,"npv,leak_rate,leak_abs"
27908,0.8469802731411229,0.9428837609287659,1594,0.42941810344827586,0.6732247832096131,False,"npv,leak_rate,leak_abs"
27910,0.847040971168437,0.9428878538158366,1594,0.42941810344827586,0.6737411613450018,False,"npv,leak_rate,leak_abs"
27911,0.8470713201820941,0.942889900039411,1594,0.42941810344827586,0.6739972297062286,False,"npv,leak_rate,leak_abs"
27913,0.8471320182094082,0.9428939920467165,1594,0.42941810344827586,0.6757486407236365,False,"npv,leak_rate,leak_abs"
27918,0.8472837632776935,0.9428684003152088,1595,0.4296875,0.6769626070102407,False,"npv,leak_rate,leak_abs"
27919,0.8473141122913506,0.9428704466492352,1595,0.4296875,0.6778485345740541,False,"npv,leak_rate,leak_abs"
27921,0.8473748103186647,0.9428745388775474,1595,0.4296875,0.6785222391287274,False,"npv,leak_rate,leak_abs"
27923,0.8474355083459788,0.9428786305196433,1595,0.4296875,0.6789164667713206,False,"npv,leak_rate,leak_abs"
27924,0.8474658573596359,0.9428806761208995,1595,0.4296875,0.6819890767107724,False,"npv,leak_rate,leak_abs"
27925,0.8474962063732928,0.9428469113697404,1596,0.42995689655172414,0.6853021159421292,False,"npv,leak_rate,leak_abs"
27929,0.8476176024279211,0.9428550968527337,1596,0.42995689655172414,0.6904099926136673,False,"npv,leak_rate,leak_abs"
27930,0.8476479514415781,0.9428571428571428,1596,0.42995689655172414,0.6947127241467111,False,"npv,leak_rate,leak_abs"
27931,0.8476783004552352,0.9428233862017114,1597,0.4302262931034483,0.6954125611569787,False,"npv,leak_rate,leak_abs"
27932,0.8477086494688922,0.9428254331949019,1597,0.4302262931034483,0.6957450466490149,False,"npv,leak_rate,leak_abs"
27933,0.8477389984825493,0.9428274800415279,1597,0.4302262931034483,0.6974511492820666,False,"npv,leak_rate,leak_abs"
27939,0.8479210925644917,0.9427681735208848,1599,0.4307650862068966,0.6989464991466957,False,"npv,leak_rate,leak_abs"
27940,0.8479514415781487,0.9427702219040802,1599,0.4307650862068966,0.7025875222204612,False,"npv,leak_rate,leak_abs"
27944,0.848072837632777,0.9427426281133696,1600,0.43103448275862066,0.7030172288276433,False,"npv,leak_rate,leak_abs"
27949,0.8482245827010623,0.942717091845862,1601,0.4313038793103448,0.704153603466837,False,"npv,leak_rate,leak_abs"
27950,0.8482549317147192,0.9426833631484794,1602,0.43157327586206895,0.7045703733220436,False,"npv,leak_rate,leak_abs"
27953,0.8483459787556904,0.9426537402067756,1603,0.4318426724137931,0.7049062597892055,False,"npv,leak_rate,leak_abs"
27959,0.8485280728376328,0.9426302800529347,1604,0.43211206896551724,0.7068710750416366,False,"npv,leak_rate,leak_abs"
27961,0.8485887708649469,0.9426343836057366,1604,0.43211206896551724,0.7069588426302331,False,"npv,leak_rate,leak_abs"
27967,0.8487708649468892,0.9426109343154432,1605,0.4323814655172414,0.7071076811744814,False,"npv,leak_rate,leak_abs"
27968,0.8488012139605463,0.9426129862700229,1605,0.4323814655172414,0.7078183217998922,False,"npv,leak_rate,leak_abs"
27970,0.8488619119878604,0.9425813371469431,1606,0.4326508620689655,0.7082141874385894,False,"npv,leak_rate,leak_abs"
27973,0.8489529590288316,0.9425874950845458,1606,0.4326508620689655,0.7090300946654505,False,"npv,leak_rate,leak_abs"
27974,0.8489833080424887,0.9425895474369057,1606,0.4326508620689655,0.7095852693726649,False,"npv,leak_rate,leak_abs"
27980,0.8491654021244309,0.942494639027877,1609,0.43345905172413796,0.7100157854299628,False,"npv,leak_rate,leak_abs"
27993,0.8495599393019727,0.9423427285392777,1614,0.4348060344827586,0.7113444768409427,False,"npv,leak_rate,leak_abs"
27997,0.849681335356601,0.9422795299496375,1616,0.4353448275862069,0.7122613741084177,False,"npv,leak_rate,leak_abs"
27998,0.849711684370258,0.942245874705336,1617,0.43561422413793105,0.7132042302288035,False,"npv,leak_rate,leak_abs"
28004,0.8498937784522003,0.9421868304527925,1619,0.43615301724137934,0.7143323913343332,False,"npv,leak_rate,leak_abs"
28005,0.8499241274658573,0.9421888948402071,1619,0.43615301724137934,0.7150242612863545,False,"npv,leak_rate,leak_abs"
28006,0.8499544764795144,0.9421909590801971,1619,0.43615301724137934,0.7151390637718888,False,"npv,leak_rate,leak_abs"
28018,0.8503186646433991,0.9420729531015776,1623,0.43723060344827586,0.7154353465722462,False,"npv,leak_rate,leak_abs"
28023,0.8504704097116844,0.942083288727117,1623,0.43723060344827586,0.7155716507396032,False,"npv,leak_rate,leak_abs"
28028,0.8506221547799696,0.9420936206650492,1623,0.43723060344827586,0.7161614572955283,False,"npv,leak_rate,leak_abs"
28029,0.8506525037936267,0.9420956866102965,1623,0.43723060344827586,0.716338291409704,False,"npv,leak_rate,leak_abs"
28030,0.8506828528072837,0.9420977524081341,1623,0.43723060344827586,0.7179595832830401,False,"npv,leak_rate,leak_abs"
28040,0.8509863429438543,0.9420114122681883,1626,0.4380387931034483,0.7181727094309429,False,"npv,leak_rate,leak_abs"
28053,0.851380880121396,0.9418244038070794,1632,0.4396551724137931,0.7186296250202606,False,"npv,leak_rate,leak_abs"
28055,0.8514415781487101,0.9417929067902334,1633,0.43992456896551724,0.718951163484491,False,"npv,leak_rate,leak_abs"
28057,0.8515022761760243,0.9417970559931568,1633,0.43992456896551724,0.7191096689929027,False,"npv,leak_rate,leak_abs"
28063,0.8516843702579666,0.941738231835513,1635,0.4404633620689655,0.7204981558265047,False,"npv,leak_rate,leak_abs"
28064,0.8517147192716237,0.9417403078677309,1635,0.4404633620689655,0.7213316188100393,False,"npv,leak_rate,leak_abs"
28066,0.8517754172989378,0.9417088291883418,1636,0.44073275862068967,0.7217984582966879,False,"npv,leak_rate,leak_abs"
28068,0.8518361153262519,0.9416773549950122,1637,0.4410021551724138,0.722134849589746,False,"npv,leak_rate,leak_abs"
28072,0.8519575113808802,0.9416500427472214,1638,0.44127155172413796,0.7222194461818539,False,"npv,leak_rate,leak_abs"
28090,0.8525037936267071,0.9416162335350658,1640,0.4418103448275862,0.7224082476363975,False,"npv,leak_rate,leak_abs"
28093,0.8525948406676783,0.941586872174563,1641,0.44207974137931033,0.7229344286417263,False,"npv,leak_rate,leak_abs"
28094,0.8526251896813354,0.9415889513775183,1641,0.44207974137931033,0.7235114155072624,False,"npv,leak_rate,leak_abs"
28097,0.8527162367223066,0.94152400612165,1643,0.4426185344827586,0.723562611876759,False,"npv,leak_rate,leak_abs"
28100,0.8528072837632777,0.9414590747330961,1645,0.4431573275862069,0.7249149762849156,False,"npv,leak_rate,leak_abs"
28101,0.8528376327769347,0.9414255720436995,1646,0.44342672413793105,0.7256478880835047,False,"npv,leak_rate,leak_abs"
28105,0.8529590288315629,0.9414339085571962,1646,0.44342672413793105,0.7258861720009825,False,"npv,leak_rate,leak_abs"
28110,0.8531107738998482,0.9414443258626823,1646,0.44342672413793105,0.7266393028154574,False,"npv,leak_rate,leak_abs"
28111,0.8531411229135053,0.9414464088790865,1646,0.44342672413793105,0.7267744541412473,False,"npv,leak_rate,leak_abs"
28115,0.8532625189681335,0.9414191712608928,1647,0.4436961206896552,0.7270335457701769,False,"npv,leak_rate,leak_abs"
28127,0.8536267071320182,0.9413730579158816,1649,0.4442349137931034,0.7272219167605058,False,"npv,leak_rate,leak_abs"
28140,0.85402124430956,0.9412579957356076,1653,0.4453125,0.7272384241333677,False,"npv,leak_rate,leak_abs"
28144,0.8541426403641882,0.9412663445139283,1653,0.4453125,0.7274428772684343,False,"npv,leak_rate,leak_abs"
28145,0.8541729893778452,0.9412684313377154,1653,0.4453125,0.7281767487983853,False,"npv,leak_rate,leak_abs"
28146,0.8542033383915023,0.9412705180132168,1653,0.4453125,0.7290780838958943,False,"npv,leak_rate,leak_abs"
28148,0.8542640364188164,0.9412391644166548,1654,0.44558189655172414,0.730087518494602,False,"npv,leak_rate,leak_abs"
28149,0.8542943854324735,0.9412412519094817,1654,0.44558189655172414,0.7301659656043451,False,"npv,leak_rate,leak_abs"
28150,0.8543247344461306,0.9412433392539965,1654,0.44558189655172414,0.7304462815295497,False,"npv,leak_rate,leak_abs"
28166,0.8548103186646434,0.9412057090108642,1656,0.44612068965517243,0.73078829331445,False,"npv,leak_rate,leak_abs"
28167,0.8548406676783005,0.9412077963574396,1656,0.44612068965517243,0.7315974282330626,False,"npv,leak_rate,leak_abs"
28173,0.8550227617602428,0.9412203173250985,1656,0.44612068965517243,0.7337889239729098,False,"npv,leak_rate,leak_abs"
28174,0.8550531107738999,0.9412224036345567,1656,0.44612068965517243,0.7339196902106818,False,"npv,leak_rate,leak_abs"
28176,0.855113808801214,0.9412265758091993,1656,0.44612068965517243,0.7349044346026875,False,"npv,leak_rate,leak_abs"
28199,0.8558118361153263,0.9411681265293096,1659,0.4469288793103448,0.7355287505653596,False,"npv,leak_rate,leak_abs"
28200,0.8558421851289834,0.9411702127659575,1659,0.4469288793103448,0.7355578572168903,False,"npv,leak_rate,leak_abs"
28201,0.8558725341426404,0.9411722988546506,1659,0.4469288793103448,0.7363007649991451,False,"npv,leak_rate,leak_abs"
28202,0.8559028831562974,0.9411743847954046,1659,0.4469288793103448,0.7378617249194437,False,"npv,leak_rate,leak_abs"
28204,0.8559635811836115,0.9411785562331584,1659,0.4469288793103448,0.7382670905323667,False,"npv,leak_rate,leak_abs"
28205,0.8559939301972685,0.9411806417301897,1659,0.4469288793103448,0.7393362548249353,False,"npv,leak_rate,leak_abs"
28206,0.8560242792109256,0.9411827270793448,1659,0.4469288793103448,0.739622904984729,False,"npv,leak_rate,leak_abs"
28208,0.8560849772382397,0.9411514463981849,1660,0.44719827586206895,0.739731225103154,False,"npv,leak_rate,leak_abs"
28209,0.8561153262518968,0.9411535325605304,1660,0.44719827586206895,0.7400283138682544,False,"npv,leak_rate,leak_abs"
28211,0.8561760242792109,0.9411222572755308,1661,0.4474676724137931,0.7405934360664411,False,"npv,leak_rate,leak_abs"
28212,0.856206373292868,0.9410888983411314,1662,0.44773706896551724,0.7406815347309229,False,"npv,leak_rate,leak_abs"
28213,0.856236722306525,0.9410909864246978,1662,0.44773706896551724,0.7409670096455587,False,"npv,leak_rate,leak_abs"
28233,0.8568437025796661,0.9410972974887543,1663,0.4480064655172414,0.7409746597535731,False,"npv,leak_rate,leak_abs"
28240,0.8570561456752656,0.9410764872521247,1664,0.4482758620689655,0.741177550460201,False,"npv,leak_rate,leak_abs"
28246,0.8572382397572079,0.9410536005098067,1665,0.44854525862068967,0.7416432072316588,False,"npv,leak_rate,leak_abs"
28247,0.857268588770865,0.941055687329628,1665,0.44854525862068967,0.7417605322848717,False,"npv,leak_rate,leak_abs"
28250,0.8573596358118362,0.9410619469026549,1665,0.44854525862068967,0.7422579632188445,False,"npv,leak_rate,leak_abs"
28251,0.8573899848254932,0.9410640331315706,1665,0.44854525862068967,0.7425145216102629,False,"npv,leak_rate,leak_abs"
28252,0.8574203338391502,0.9410661192127991,1665,0.44854525862068967,0.7432827081635729,False,"npv,leak_rate,leak_abs"
28254,0.8574810318664643,0.9410702909322574,1665,0.44854525862068967,0.7439938139295039,False,"npv,leak_rate,leak_abs"
28255,0.8575113808801214,0.9410369846044948,1666,0.4488146551724138,0.7447297644297273,False,"npv,leak_rate,leak_abs"
28258,0.8576024279210925,0.9410078561823201,1667,0.44908405172413796,0.7459461196279666,False,"npv,leak_rate,leak_abs"
28259,0.8576327769347496,0.9410099437347393,1667,0.44908405172413796,0.746066965956594,False,"npv,leak_rate,leak_abs"
28260,0.8576631259484067,0.9410120311394197,1667,0.44908405172413796,0.746844014109437,False,"npv,leak_rate,leak_abs"
28261,0.8576934749620637,0.9410141183963766,1667,0.44908405172413796,0.7478415643420183,False,"npv,leak_rate,leak_abs"
28263,0.8577541729893778,0.9410182924671833,1667,0.44908405172413796,0.7484817940620055,False,"npv,leak_rate,leak_abs"
28265,0.857814871016692,0.9410224659472847,1667,0.44908405172413796,0.7485230307006722,False,"npv,leak_rate,leak_abs"
28267,0.8578755690440061,0.9409558849541869,1669,0.4496228448275862,0.7489831893882354,False,"npv,leak_rate,leak_abs"
28268,0.8579059180576631,0.9409225979906608,1670,0.44989224137931033,0.7494685022578151,False,"npv,leak_rate,leak_abs"
28270,0.8579666160849773,0.940926777502653,1670,0.44989224137931033,0.750694240725714,False,"npv,leak_rate,leak_abs"
28272,0.8580273141122914,0.9409309564233164,1670,0.44989224137931033,0.7511323071366021,False,"npv,leak_rate,leak_abs"
28273,0.8580576631259484,0.9409330456619389,1670,0.44989224137931033,0.751360623499562,False,"npv,leak_rate,leak_abs"
28274,0.8580880121396055,0.9409351347527763,1670,0.44989224137931033,0.7515603746181385,False,"npv,leak_rate,leak_abs"
28275,0.8581183611532626,0.9409372236958444,1670,0.44989224137931033,0.7516737436694602,False,"npv,leak_rate,leak_abs"
28276,0.8581487101669196,0.9409393124911586,1670,0.44989224137931033,0.7519624539465221,False,"npv,leak_rate,leak_abs"
28297,0.8587860394537178,0.940665088171891,1679,0.45231681034482757,0.7530945322323003,False,"npv,leak_rate,leak_abs"
28298,0.8588163884673748,0.9406671849600678,1679,0.45231681034482757,0.7539108793989263,False,"npv,leak_rate,leak_abs"
28299,0.8588467374810319,0.9406692816000566,1679,0.45231681034482757,0.7539393537796828,False,"npv,leak_rate,leak_abs"
28302,0.8589377845220031,0.9406755706310508,1679,0.45231681034482757,0.7541685614606845,False,"npv,leak_rate,leak_abs"
28304,0.8589984825493171,0.9406444318824194,1680,0.4525862068965517,0.754170817299385,False,"npv,leak_rate,leak_abs"
28305,0.8590288315629742,0.9406111994347288,1681,0.45285560344827586,0.7546614682197986,False,"npv,leak_rate,leak_abs"
28318,0.859423368740516,0.9404265837982908,1687,0.45447198275862066,0.7549568376414215,False,"npv,leak_rate,leak_abs"
28321,0.8595144157814871,0.9403622753433848,1689,0.45501077586206895,0.756355514523201,False,"npv,leak_rate,leak_abs"
28325,0.8596358118361154,0.9403706972639011,1689,0.45501077586206895,0.7567155881371103,False,"npv,leak_rate,leak_abs"
28327,0.8596965098634295,0.9403396053235429,1690,0.4552801724137931,0.7575339421558248,False,"npv,leak_rate,leak_abs"
28350,0.8603945371775418,0.9401058201058201,1698,0.4574353448275862,0.7577061840769838,False,"npv,leak_rate,leak_abs"
28351,0.8604248861911988,0.9401079327007865,1698,0.4574353448275862,0.7578226756168546,False,"npv,leak_rate,leak_abs"
28352,0.8604552352048559,0.9400747742663657,1699,0.45770474137931033,0.7579305070440308,False,"npv,leak_rate,leak_abs"
28388,0.8615477996965099,0.9396928279554742,1712,0.46120689655172414,0.7579457910438561,False,"npv,leak_rate,leak_abs"
28395,0.8617602427921093,0.9396724775488642,1713,0.4614762931034483,0.7581905319104164,False,"npv,leak_rate,leak_abs"
28396,0.8617905918057663,0.93963938582899,1714,0.46174568965517243,0.7583725822519942,False,"npv,leak_rate,leak_abs"
28423,0.8626100151745069,0.9393800795130705,1723,0.46417025862068967,0.7585240973422316,False,"npv,leak_rate,leak_abs"
28424,0.8626403641881639,0.9393822122150296,1723,0.46417025862068967,0.7585886666711195,False,"npv,leak_rate,leak_abs"
28427,0.8627314112291351,0.9393886094206212,1723,0.46417025862068967,0.7587304531737885,False,"npv,leak_rate,leak_abs"
28429,0.8627921092564491,0.9393225227760386,1725,0.46470905172413796,0.7587371798094414,False,"npv,leak_rate,leak_abs"
28430,0.8628224582701062,0.9392894829405557,1726,0.46497844827586204,0.7590520891746106,False,"npv,leak_rate,leak_abs"
28433,0.8629135053110774,0.9392958885801709,1726,0.46497844827586204,0.7590798965209068,False,"npv,leak_rate,leak_abs"
28434,0.8629438543247344,0.9392980234930013,1726,0.46497844827586204,0.7591504359277235,False,"npv,leak_rate,leak_abs"
28435,0.8629742033383915,0.9393001582556708,1726,0.46497844827586204,0.7591544750942556,False,"npv,leak_rate,leak_abs"
28458,0.8636722306525038,0.9390329608545928,1735,0.46740301724137934,0.7596579743290366,False,"npv,leak_rate,leak_abs"
28460,0.8637329286798179,0.9390021082220661,1736,0.4676724137931034,0.7597617083995284,False,"npv,leak_rate,leak_abs"
28489,0.8646130500758725,0.9386780862789147,1747,0.47063577586206895,0.7599885455830859,False,"npv,leak_rate,leak_abs"
28491,0.8646737481031866,0.9386472921273384,1748,0.4709051724137931,0.7603001801320798,False,"npv,leak_rate,leak_abs"
28510,0.8652503793626707,0.9385128025254297,1753,0.4722521551724138,0.7604610304681049,False,"npv,leak_rate,leak_abs"
28514,0.8653717754172989,0.938451287087045,1755,0.47279094827586204,0.7611863540863004,False,"npv,leak_rate,leak_abs"
28518,0.8654931714719272,0.9383897889052528,1757,0.47332974137931033,0.7614661276237091,False,"npv,leak_rate,leak_abs"
28519,0.8655235204855842,0.9383919492268312,1757,0.47332974137931033,0.7622968949416947,False,"npv,leak_rate,leak_abs"
28520,0.8655538694992413,0.9383941093969145,1757,0.47332974137931033,0.7625219267561956,False,"npv,leak_rate,leak_abs"
28523,0.8656449165402125,0.938330470146899,1759,0.4738685344827586,0.7625740729776543,False,"npv,leak_rate,leak_abs"
28524,0.8656752655538695,0.9383326321694012,1759,0.4738685344827586,0.7632569741016345,False,"npv,leak_rate,leak_abs"
28525,0.8657056145675266,0.9382997370727432,1760,0.47413793103448276,0.7639181672488571,False,"npv,leak_rate,leak_abs"
28528,0.8657966616084978,0.9383062254627033,1760,0.47413793103448276,0.7644309020866162,False,"npv,leak_rate,leak_abs"
28530,0.8658573596358118,0.9382404486505432,1762,0.47467672413793105,0.7647564810528721,False,"npv,leak_rate,leak_abs"
28539,0.8661305007587253,0.9380847261641964,1767,0.4760237068965517,0.764861866056959,False,"npv,leak_rate,leak_abs"
28540,0.8661608497723824,0.9380518570427471,1768,0.47629310344827586,0.7650929866089482,False,"npv,leak_rate,leak_abs"
28545,0.8663125948406677,0.9379576107899807,1771,0.4771012931034483,0.7654610062116969,False,"npv,leak_rate,leak_abs"
28546,0.8663429438543248,0.9379597842079451,1771,0.4771012931034483,0.7658419090886953,False,"npv,leak_rate,leak_abs"
28547,0.8663732928679818,0.9379269275230322,1772,0.47737068965517243,0.7658862839845767,False,"npv,leak_rate,leak_abs"
28548,0.8664036418816389,0.9379291018635281,1772,0.47737068965517243,0.7664758662913878,False,"npv,leak_rate,leak_abs"
28579,0.8673444613050076,0.9376465236712271,1782,0.4800646551724138,0.7668842183823081,False,"npv,leak_rate,leak_abs"
28580,0.8673748103186646,0.9376137158852345,1783,0.48033405172413796,0.7669181480301714,False,"npv,leak_rate,leak_abs"
28582,0.8674355083459787,0.9376180813099153,1783,0.48033405172413796,0.7671731463687559,False,"npv,leak_rate,leak_abs"
28583,0.8674658573596358,0.9375852779624252,1784,0.48060344827586204,0.7674261340066175,False,"npv,leak_rate,leak_abs"
28584,0.8674962063732928,0.9375874615169325,1784,0.48060344827586204,0.7681691305801434,False,"npv,leak_rate,leak_abs"
28588,0.8676176024279211,0.9375262347838254,1786,0.48114224137931033,0.7682285016772226,False,"npv,leak_rate,leak_abs"
28589,0.8676479514415781,0.9375284200216867,1786,0.48114224137931033,0.7682542495749622,False,"npv,leak_rate,leak_abs"
28621,0.868619119878604,0.9374585094860417,1790,0.4822198275862069,0.7684505308490405,False,"npv,leak_rate,leak_abs"
28623,0.8686798179059181,0.9374279425636726,1791,0.48248922413793105,0.7685047788942885,False,"npv,leak_rate,leak_abs"
28625,0.8687405159332322,0.9373973799126638,1792,0.4827586206896552,0.7685065978436465,False,"npv,leak_rate,leak_abs"
28634,0.8690136570561456,0.937347209610952,1794,0.4832974137931034,0.76894979728045,False,"npv,leak_rate,leak_abs"
28637,0.8691047040971168,0.9373537730907567,1794,0.4832974137931034,0.769036535575747,False,"npv,leak_rate,leak_abs"
28645,0.8693474962063733,0.9371967184499913,1799,0.48464439655172414,0.7693786690235599,False,"npv,leak_rate,leak_abs"
28647,0.8694081942336874,0.9371312877439173,1801,0.48518318965517243,0.7695079872476115,False,"npv,leak_rate,leak_abs"
28650,0.8694992412746586,0.9371378708551483,1801,0.48518318965517243,0.7695718556188808,False,"npv,leak_rate,leak_abs"
28655,0.8696509863429438,0.9370790437968941,1803,0.48572198275862066,0.7696614826867643,False,"npv,leak_rate,leak_abs"
28659,0.869772382397572,0.9370529327610873,1804,0.4859913793103448,0.769721978040661,False,"npv,leak_rate,leak_abs"
28669,0.8700758725341426,0.9369702466078342,1807,0.48679956896551724,0.7699586417356876,False,"npv,leak_rate,leak_abs"
28671,0.8701365705614568,0.9369397649192563,1808,0.4870689655172414,0.7705706128869302,False,"npv,leak_rate,leak_abs"
28673,0.8701972685887709,0.9369441634987619,1808,0.4870689655172414,0.7706654006247514,False,"npv,leak_rate,leak_abs"
28675,0.870257966616085,0.9368788142981691,1810,0.48760775862068967,0.7707493209596133,False,"npv,leak_rate,leak_abs"
28685,0.8705614567526555,0.9367613735401777,1814,0.4886853448275862,0.7712537094131029,False,"npv,leak_rate,leak_abs"
28696,0.8708952959028832,0.9366462224700307,1818,0.48976293103448276,0.7713480901727474,False,"npv,leak_rate,leak_abs"
28711,0.871350531107739,0.9365051722336387,1823,0.4911099137931034,0.7714178452009898,False,"npv,leak_rate,leak_abs"
28714,0.8714415781487101,0.9364769798704464,1824,0.49137931034482757,0.771509224734668,False,"npv,leak_rate,leak_abs"
28729,0.8718968133535661,0.936336106373351,1829,0.4927262931034483,0.772058061082578,False,"npv,leak_rate,leak_abs"
28730,0.8719271623672231,0.936338322311173,1829,0.4927262931034483,0.7721222892043038,False,"npv,leak_rate,leak_abs"
28744,0.8723520485584219,0.9361953799053716,1834,0.49407327586206895,0.7722426325546907,False,"npv,leak_rate,leak_abs"
28756,0.8727162367223065,0.9360829044373348,1838,0.4951508620689655,0.7724387807657809,False,"npv,leak_rate,leak_abs"
28769,0.8731107738998483,0.9359379888073969,1843,0.4964978448275862,0.7724574000247751,False,"npv,leak_rate,leak_abs"
28770,0.8731411229135053,0.9359402155022593,1843,0.4964978448275862,0.7724846744236381,False,"npv,leak_rate,leak_abs"
28771,0.8731714719271624,0.9359076848215216,1844,0.49676724137931033,0.7726409102404239,False,"npv,leak_rate,leak_abs"
28772,0.8732018209408194,0.9358751564020575,1845,0.4970366379310345,0.7729889922651195,False,"npv,leak_rate,leak_abs"
28773,0.8732321699544765,0.935877385048483,1845,0.4970366379310345,0.7729996368370367,False,"npv,leak_rate,leak_abs"
28775,0.8732928679817906,0.935881841876629,1845,0.4970366379310345,0.7730828712652603,False,"npv,leak_rate,leak_abs"
28781,0.8734749620637329,0.9358257183558598,1847,0.49757543103448276,0.7732332585053034,False,"npv,leak_rate,leak_abs"
28783,0.873535660091047,0.9358301775353507,1847,0.49757543103448276,0.7733040422967763,False,"npv,leak_rate,leak_abs"
28794,0.8738694992412747,0.9356810446620824,1852,0.4989224137931034,0.7735077810498874,False,"npv,leak_rate,leak_abs"
28818,0.874597875569044,0.9354917065722812,1859,0.5008081896551724,0.7736863028558303,False,"npv,leak_rate,leak_abs"
28819,0.8746282245827011,0.9354939449668621,1859,0.5008081896551724,0.7737717953036705,False,"npv,leak_rate,leak_abs"
28820,0.8746585735963581,0.9354961832061068,1859,0.5008081896551724,0.7740652702109933,False,"npv,leak_rate,leak_abs"
28821,0.8746889226100152,0.9354637243676486,1860,0.5010775862068966,0.774075090538629,False,"npv,leak_rate,leak_abs"
28828,0.8749013657056146,0.9354793950326072,1860,0.5010775862068966,0.7745889511766979,False,"npv,leak_rate,leak_abs"
28834,0.8750834597875569,0.9354234584171465,1862,0.5016163793103449,0.7746626058538657,False,"npv,leak_rate,leak_abs"
28855,0.8757207890743551,0.935089239299948,1873,0.5045797413793104,0.7747119513255253,False,"npv,leak_rate,leak_abs"
28856,0.8757511380880122,0.9350914887718326,1873,0.5045797413793104,0.7748197306201706,False,"npv,leak_rate,leak_abs"
28858,0.8758118361153262,0.9350959872479035,1873,0.5045797413793104,0.7751673995985331,False,"npv,leak_rate,leak_abs"
28859,0.8758421851289833,0.9350982362521224,1873,0.5045797413793104,0.7756001905755837,False,"npv,leak_rate,leak_abs"
28864,0.8759939301972686,0.9351094789356984,1873,0.5045797413793104,0.7758183266894513,False,"npv,leak_rate,leak_abs"
28866,0.8760546282245827,0.9350446892537934,1875,0.5051185344827587,0.776771918527751,False,"npv,leak_rate,leak_abs"
28867,0.8760849772382397,0.9350469394117851,1875,0.5051185344827587,0.7769600154523758,False,"npv,leak_rate,leak_abs"
28887,0.8766919575113808,0.9349188216152594,1880,0.5064655172413793,0.7770119225281518,False,"npv,leak_rate,leak_abs"
28895,0.8769347496206373,0.9348330160927496,1883,0.5072737068965517,0.7779337474653215,False,"npv,leak_rate,leak_abs"
28901,0.8771168437025797,0.9348119442233833,1884,0.5075431034482759,0.7785941488998692,False,"npv,leak_rate,leak_abs"
28902,0.8771471927162368,0.9348141997093626,1884,0.5075431034482759,0.7786434743502831,False,"npv,leak_rate,leak_abs"
28903,0.8771775417298938,0.9348164550392692,1884,0.5075431034482759,0.7792297233455171,False,"npv,leak_rate,leak_abs"
28904,0.8772078907435509,0.9347841129255466,1885,0.5078125,0.7792707215932312,False,"npv,leak_rate,leak_abs"
28905,0.8772382397572079,0.9347517730496454,1886,0.5080818965517241,0.7793292307746625,False,"npv,leak_rate,leak_abs"
28906,0.877268588770865,0.9347194354113333,1887,0.5083512931034483,0.7793936307780219,False,"npv,leak_rate,leak_abs"
28907,0.877298937784522,0.9347216937074065,1887,0.5083512931034483,0.7794434798968386,False,"npv,leak_rate,leak_abs"
28912,0.8774506828528073,0.9347329828444937,1887,0.5083512931034483,0.7795402573601787,False,"npv,leak_rate,leak_abs"
28915,0.8775417298937784,0.9347397544527062,1887,0.5083512931034483,0.7795773667523777,False,"npv,leak_rate,leak_abs"
28918,0.8776327769347496,0.9347465246559237,1887,0.5083512931034483,0.7800350315712383,False,"npv,leak_rate,leak_abs"
28919,0.8776631259484067,0.9347142017358829,1888,0.5086206896551724,0.7803535733429575,False,"npv,leak_rate,leak_abs"
28920,0.8776934749620637,0.934716459197787,1888,0.5086206896551724,0.7803829019887712,False,"npv,leak_rate,leak_abs"
28925,0.877845220030349,0.9347277441659464,1888,0.5086206896551724,0.7804343056352007,False,"npv,leak_rate,leak_abs"
28927,0.8779059180576632,0.9347322570608774,1888,0.5086206896551724,0.7806690751464568,False,"npv,leak_rate,leak_abs"
28928,0.8779362670713202,0.9347345132743363,1888,0.5086206896551724,0.7808440744427417,False,"npv,leak_rate,leak_abs"
28929,0.8779666160849773,0.9347367693318124,1888,0.5086206896551724,0.7809417212349249,False,"npv,leak_rate,leak_abs"
28935,0.8781487101669195,0.9345775012960083,1893,0.5099676724137931,0.7810454886796405,False,"npv,leak_rate,leak_abs"
28936,0.8781790591805766,0.9345797622338955,1893,0.5099676724137931,0.7811062057051534,False,"npv,leak_rate,leak_abs"
28938,0.8782397572078907,0.9345842836408874,1893,0.5099676724137931,0.7812289229937588,False,"npv,leak_rate,leak_abs"
28939,0.8782701062215478,0.9345865441100245,1893,0.5099676724137931,0.7815189078106631,False,"npv,leak_rate,leak_abs"
28943,0.878391502276176,0.9345955844245586,1893,0.5099676724137931,0.7816230054294199,False,"npv,leak_rate,leak_abs"
28944,0.8784218512898331,0.9345978441127695,1893,0.5099676724137931,0.7827681794028692,False,"npv,leak_rate,leak_abs"
28945,0.8784522003034901,0.9346001036448437,1893,0.5099676724137931,0.7832072053936826,False,"npv,leak_rate,leak_abs"
28955,0.8787556904400607,0.9345536176826109,1895,0.5105064655172413,0.783234205146355,False,"npv,leak_rate,leak_abs"
28959,0.8788770864946889,0.9345281259712007,1896,0.5107758620689655,0.7833302180258503,False,"npv,leak_rate,leak_abs"
28960,0.8789074355083459,0.9344958563535911,1897,0.5110452586206896,0.783597990281442,False,"npv,leak_rate,leak_abs"
28964,0.8790288315629742,0.9344703770197487,1898,0.5113146551724138,0.7836598468752366,False,"npv,leak_rate,leak_abs"
28965,0.8790591805766312,0.9344726393923701,1898,0.5113146551724138,0.784390907551607,False,"npv,leak_rate,leak_abs"
28966,0.8790895295902883,0.9344403783746461,1899,0.5115840517241379,0.7843957124295687,False,"npv,leak_rate,leak_abs"
28967,0.8791198786039454,0.9344426416266787,1899,0.5115840517241379,0.7851374464348233,False,"npv,leak_rate,leak_abs"
28969,0.8791805766312595,0.9344471676619835,1899,0.5115840517241379,0.785292015074931,False,"npv,leak_rate,leak_abs"
28970,0.8792109256449165,0.9344494304452883,1899,0.5115840517241379,0.7854195371931466,False,"npv,leak_rate,leak_abs"
28977,0.879423368740516,0.9344652655554405,1899,0.5115840517241379,0.7855826369156541,False,"npv,leak_rate,leak_abs"
28978,0.879453717754173,0.9344675270895162,1899,0.5115840517241379,0.7856525267469601,False,"npv,leak_rate,leak_abs"
28980,0.8795144157814871,0.934472049689441,1899,0.5115840517241379,0.785668692349326,False,"npv,leak_rate,leak_abs"
28982,0.8795751138088013,0.9344765716651715,1899,0.5115840517241379,0.7860398487108643,False,"npv,leak_rate,leak_abs"
28983,0.8796054628224582,0.9344443294344961,1900,0.5118534482758621,0.7868925483991485,False,"npv,leak_rate,leak_abs"
28987,0.8797268588770865,0.9344533756511539,1900,0.5118534482758621,0.7870325934320384,False,"npv,leak_rate,leak_abs"
28988,0.8797572078907435,0.9344556368152339,1900,0.5118534482758621,0.7871105832943371,False,"npv,leak_rate,leak_abs"
28989,0.8797875569044006,0.9344234019800614,1901,0.5121228448275862,0.7875653494883188,False,"npv,leak_rate,leak_abs"
28992,0.8798786039453718,0.9344301876379691,1901,0.5121228448275862,0.7880062507918126,False,"npv,leak_rate,leak_abs"
28995,0.8799696509863429,0.9344369718917055,1901,0.5121228448275862,0.78817246622502,False,"npv,leak_rate,leak_abs"
28998,0.8800606980273141,0.9344437547417064,1901,0.5121228448275862,0.7888733820277761,False,"npv,leak_rate,leak_abs"
29005,0.8802731411229135,0.9343561454921565,1904,0.5129310344827587,0.7890105845701324,False,"npv,leak_rate,leak_abs"
29007,0.8803338391502277,0.9343606715620367,1904,0.5129310344827587,0.7892465263566171,False,"npv,leak_rate,leak_abs"
29028,0.8809711684370258,0.934063662670525,1914,0.515625,0.7893742203607201,False,"npv,leak_rate,leak_abs"
29055,0.8817905918057664,0.9337807606263983,1924,0.5183189655172413,0.7894745699506526,False,"npv,leak_rate,leak_abs"
29056,0.8818209408194234,0.9337486233480177,1925,0.5185883620689655,0.7900510831274166,False,"npv,leak_rate,leak_abs"
29059,0.8819119878603945,0.9336866375305413,1927,0.5191271551724138,0.7900709600392916,False,"npv,leak_rate,leak_abs"
29060,0.8819423368740515,0.9336889194769442,1927,0.5191271551724138,0.7901498612057495,False,"npv,leak_rate,leak_abs"
29061,0.8819726858877086,0.9336912012663019,1927,0.5191271551724138,0.7903037060422284,False,"npv,leak_rate,leak_abs"
29064,0.8820637329286798,0.9336980456922653,1927,0.5191271551724138,0.7904450075535017,False,"npv,leak_rate,leak_abs"
29065,0.8820940819423368,0.933700326853604,1927,0.5191271551724138,0.7908932103950063,False,"npv,leak_rate,leak_abs"
29067,0.882154779969651,0.9336360821550211,1929,0.5196659482758621,0.7911866243087928,False,"npv,leak_rate,leak_abs"
29083,0.8826403641881639,0.9334319017983014,1936,0.521551724137931,0.7912322191368603,False,"npv,leak_rate,leak_abs"
29098,0.8830955993930197,0.9332943844937797,1941,0.5228987068965517,0.7914369505239597,False,"npv,leak_rate,leak_abs"
29105,0.8833080424886192,0.9332073526885415,1944,0.5237068965517241,0.7914999729524753,False,"npv,leak_rate,leak_abs"
29109,0.8834294385432473,0.9331478236971383,1946,0.5242456896551724,0.7916286197950796,False,"npv,leak_rate,leak_abs"
29131,0.8840971168437026,0.9328893618482029,1955,0.5266702586206896,0.7918591288102014,False,"npv,leak_rate,leak_abs"
29140,0.8843702579666161,0.9327728208647906,1959,0.5277478448275862,0.7920214462753644,False,"npv,leak_rate,leak_abs"
29142,0.8844309559939302,0.9327774346304303,1959,0.5277478448275862,0.792143778189988,False,"npv,leak_rate,leak_abs"
29143,0.8844613050075872,0.9327454277184916,1960,0.5280172413793104,0.7923501299682911,False,"npv,leak_rate,leak_abs"
29149,0.8846433990895296,0.9327249648358434,1961,0.5282866379310345,0.7925463663853375,False,"npv,leak_rate,leak_abs"
29152,0.8847344461305008,0.9327318880351262,1961,0.5282866379310345,0.7930005390049357,False,"npv,leak_rate,leak_abs"
29155,0.884825493171472,0.9326702109415195,1963,0.5288254310344828,0.7934187503547308,False,"npv,leak_rate,leak_abs"
29160,0.8849772382397572,0.932681755829904,1963,0.5288254310344828,0.7935382222502916,False,"npv,leak_rate,leak_abs"
29163,0.8850682852807283,0.9326201008126735,1965,0.529364224137931,0.7939661339774116,False,"npv,leak_rate,leak_abs"
29164,0.8850986342943854,0.9326224111918804,1965,0.529364224137931,0.7940189406952938,False,"npv,leak_rate,leak_abs"
29165,0.8851289833080425,0.9326247214126522,1965,0.529364224137931,0.7940559191167542,False,"npv,leak_rate,leak_abs"
29174,0.885402124430956,0.9325426749845753,1968,0.5301724137931034,0.7941006080262681,False,"npv,leak_rate,leak_abs"
29178,0.8855235204855842,0.9325176502844609,1969,0.5304418103448276,0.7941811782907906,False,"npv,leak_rate,leak_abs"
29198,0.8861305007587253,0.9323241317898486,1976,0.5323275862068966,0.7942505168542103,False,"npv,leak_rate,leak_abs"
29199,0.8861608497723824,0.932326449535943,1976,0.5323275862068966,0.7943379167464164,False,"npv,leak_rate,leak_abs"
29220,0.8867981790591806,0.9321013004791239,1984,0.5344827586206896,0.7945135328054302,False,"npv,leak_rate,leak_abs"
29222,0.8868588770864947,0.9320717267811922,1985,0.5347521551724138,0.7945902989614898,False,"npv,leak_rate,leak_abs"
29224,0.8869195751138088,0.9320763755817136,1985,0.5347521551724138,0.7946398503766329,False,"npv,leak_rate,leak_abs"
29241,0.8874355083459787,0.9319106733695838,1991,0.5363685344827587,0.7947323315210663,False,"npv,leak_rate,leak_abs"
29259,0.8879817905918058,0.9317474964968044,1997,0.5379849137931034,0.7949548855839065,False,"npv,leak_rate,leak_abs"
29260,0.8880121396054628,0.9317498291182502,1997,0.5379849137931034,0.7949810188951236,False,"npv,leak_rate,leak_abs"
29266,0.8881942336874051,0.9316271441262899,2001,0.5390625,0.7951293375505154,False,"npv,leak_rate,leak_abs"
29270,0.8883156297420334,0.9316364878715409,2001,0.5390625,0.7953256537139924,False,"npv,leak_rate,leak_abs"
29294,0.8890440060698027,0.931487676657336,2007,0.5406788793103449,0.795369118698582,False,"npv,leak_rate,leak_abs"
29296,0.8891047040971168,0.9314582195521572,2008,0.540948275862069,0.7954077146273603,False,"npv,leak_rate,leak_abs"
29297,0.8891350531107739,0.9314605591016145,2008,0.540948275862069,0.7954889054115962,False,"npv,leak_rate,leak_abs"
29300,0.8892261001517451,0.9314675767918089,2008,0.540948275862069,0.7955164806964579,False,"npv,leak_rate,leak_abs"
29310,0.8895295902883156,0.9313886045718185,2011,0.5417564655172413,0.7956244215008641,False,"npv,leak_rate,leak_abs"
29312,0.8895902883156297,0.9313250545851528,2013,0.5422952586206896,0.7956746916189553,False,"npv,leak_rate,leak_abs"
29314,0.8896509863429438,0.9312956266630279,2014,0.5425646551724138,0.7958710176475106,False,"npv,leak_rate,leak_abs"
29321,0.8898634294385432,0.931141502677262,2019,0.5439116379310345,0.7959213004511527,False,"npv,leak_rate,leak_abs"
29322,0.8898937784522003,0.9311438510333538,2019,0.5439116379310345,0.7959571040731148,False,"npv,leak_rate,leak_abs"
29324,0.8899544764795144,0.9310803437457372,2021,0.5444504310344828,0.7959623689375307,False,"npv,leak_rate,leak_abs"
29325,0.8899848254931715,0.931082693947144,2021,0.5444504310344828,0.7960155485370141,False,"npv,leak_rate,leak_abs"
29335,0.8902883156297421,0.931003920231805,2024,0.5452586206896551,0.7960659142953646,False,"npv,leak_rate,leak_abs"
29336,0.890318664643399,0.9310062721570767,2024,0.5452586206896551,0.7963756260042448,False,"npv,leak_rate,leak_abs"
29337,0.8903490136570561,0.9310086239220098,2024,0.5452586206896551,0.7964152761089796,False,"npv,leak_rate,leak_abs"
29352,0.890804248861912,0.930873535023167,2029,0.5466056034482759,0.7964815868128947,False,"npv,leak_rate,leak_abs"
29365,0.8911987860394537,0.9307679209943811,2033,0.5476831896551724,0.7965561811458539,False,"npv,leak_rate,leak_abs"
29373,0.8914415781487102,0.9306165526163483,2038,0.5490301724137931,0.796632839339241,False,"npv,leak_rate,leak_abs"
29374,0.8914719271623672,0.9306189146864574,2038,0.5490301724137931,0.7966377295577473,False,"npv,leak_rate,leak_abs"
29379,0.8916236722306525,0.9305966847067634,2039,0.5492995689655172,0.7966566206417635,False,"npv,leak_rate,leak_abs"
29400,0.8922610015174507,0.9303401360544218,2048,0.5517241379310345,0.7967623973821177,False,"npv,leak_rate,leak_abs"
29401,0.8922913505311078,0.9303425053569606,2048,0.5517241379310345,0.7968641435808015,False,"npv,leak_rate,leak_abs"
29403,0.8923520485584219,0.9303472434785566,2048,0.5517241379310345,0.7969520797653432,False,"npv,leak_rate,leak_abs"
29404,0.8923823975720789,0.9303496122976466,2048,0.5517241379310345,0.797010507188039,False,"npv,leak_rate,leak_abs"
29406,0.892443095599393,0.9302863361218799,2050,0.5522629310344828,0.7972731924853664,False,"npv,leak_rate,leak_abs"
29420,0.8928679817905918,0.9301495581237254,2055,0.5536099137931034,0.79729339037335,False,"npv,leak_rate,leak_abs"
29422,0.8929286798179059,0.9301543063014072,2055,0.5536099137931034,0.7974391440182153,False,"npv,leak_rate,leak_abs"
29423,0.892959028831563,0.9301566801481834,2055,0.5536099137931034,0.7975175940583789,False,"npv,leak_rate,leak_abs"
29431,0.8932018209408195,0.9300737317794162,2058,0.5544181034482759,0.7975344369433454,False,"npv,leak_rate,leak_abs"
29432,0.8932321699544765,0.9300421310138625,2059,0.5546875,0.7975905630218659,False,"npv,leak_rate,leak_abs"
29461,0.8941122913505312,0.9298394487627711,2067,0.5568426724137931,0.7977183306722425,False,"npv,leak_rate,leak_abs"
29462,0.8941426403641881,0.9298078881270789,2068,0.5571120689655172,0.7982653712360075,False,"npv,leak_rate,leak_abs"
29463,0.8941729893778452,0.929776329633778,2069,0.5573814655172413,0.7982883666605372,False,"npv,leak_rate,leak_abs"
29465,0.8942336874051593,0.9297810962158494,2069,0.5573814655172413,0.7982951283123162,False,"npv,leak_rate,leak_abs"
29484,0.8948103186646434,0.9297585130918464,2071,0.5579202586206896,0.7986718391624624,False,"npv,leak_rate,leak_abs"
29502,0.8953566009104704,0.9295979933563826,2077,0.5595366379310345,0.7987614757216203,False,"npv,leak_rate,leak_abs"
29505,0.8954476479514416,0.9295712591086257,2078,0.5598060344827587,0.7987720130772508,False,"npv,leak_rate,leak_abs"
29507,0.8955083459787557,0.9295421425424476,2079,0.5600754310344828,0.7988974972680623,False,"npv,leak_rate,leak_abs"
29530,0.896206373292868,0.9293261090416526,2087,0.5622306034482759,0.7989156988043603,False,"npv,leak_rate,leak_abs"
29532,0.8962670713201821,0.9292631721522416,2089,0.5627693965517241,0.7991720288379582,False,"npv,leak_rate,leak_abs"
29536,0.8963884673748104,0.929238894907909,2090,0.5630387931034483,0.7993529146101872,False,"npv,leak_rate,leak_abs"
29538,0.8964491654021244,0.929243686099262,2090,0.5630387931034483,0.7993536089228033,False,"npv,leak_rate,leak_abs"
29539,0.8964795144157814,0.9292460814516402,2090,0.5630387931034483,0.7994937913087623,False,"npv,leak_rate,leak_abs"
29540,0.8965098634294385,0.9292146242383209,2091,0.5633081896551724,0.7996346692585545,False,"npv,leak_rate,leak_abs"
29541,0.8965402124430956,0.9292170204123084,2091,0.5633081896551724,0.7997796763791227,False,"npv,leak_rate,leak_abs"
29542,0.8965705614567526,0.9291855663123688,2092,0.5635775862068966,0.7998123773641195,False,"npv,leak_rate,leak_abs"
29545,0.8966616084977238,0.9291927568116433,2092,0.5635775862068966,0.8001402094532367,False,"npv,leak_rate,leak_abs"
29551,0.8968437025796662,0.9291056140232141,2095,0.564385775862069,0.8007399423772922,False,"npv,leak_rate,leak_abs"
29554,0.8969347496206374,0.9290113013466874,2098,0.5651939655172413,0.8007973722262398,False,"npv,leak_rate,leak_abs"
29562,0.8971775417298937,0.9289628577227522,2100,0.5657327586206896,0.8009581858632349,False,"npv,leak_rate,leak_abs"
29563,0.8972078907435508,0.9289314345634746,2101,0.5660021551724138,0.8012180146964744,False,"npv,leak_rate,leak_abs"
29565,0.8972685887708649,0.9288685946220193,2103,0.5665409482758621,0.8014632522978747,False,"npv,leak_rate,leak_abs"
29566,0.897298937784522,0.9288371778394101,2104,0.5668103448275862,0.8016135644689066,False,"npv,leak_rate,leak_abs"
29567,0.897329286798179,0.9288395846721007,2104,0.5668103448275862,0.801657152167757,False,"npv,leak_rate,leak_abs"
29569,0.8973899848254931,0.9288105786465555,2105,0.5670797413793104,0.8016775589719798,False,"npv,leak_rate,leak_abs"
29570,0.8974203338391502,0.9288129861345958,2105,0.5670797413793104,0.8019437946953567,False,"npv,leak_rate,leak_abs"
29571,0.8974506828528073,0.9288153934598086,2105,0.5670797413793104,0.8020147175191827,False,"npv,leak_rate,leak_abs"
29573,0.8975113808801214,0.9288202076218172,2105,0.5670797413793104,0.8021441658859972,False,"npv,leak_rate,leak_abs"
29579,0.8976934749620638,0.9287332228946212,2108,0.5678879310344828,0.8021498235700893,False,"npv,leak_rate,leak_abs"
29587,0.8979362670713201,0.9287186940210227,2109,0.5681573275862069,0.8022340370838954,False,"npv,leak_rate,leak_abs"
29588,0.8979666160849772,0.9286873056644586,2110,0.568426724137931,0.8022860934506284,False,"npv,leak_rate,leak_abs"
29592,0.8980880121396054,0.9286969451203028,2110,0.568426724137931,0.802795243615114,False,"npv,leak_rate,leak_abs"
29594,0.8981487101669196,0.928701763871055,2110,0.568426724137931,0.8029592110661149,False,"npv,leak_rate,leak_abs"
29595,0.8981790591805766,0.9286703835107282,2111,0.5686961206896551,0.8032098779787179,False,"npv,leak_rate,leak_abs"
29596,0.8982094081942337,0.9286727936207596,2111,0.5686961206896551,0.8032657702049851,False,"npv,leak_rate,leak_abs"
29598,0.8982701062215478,0.9286776133522535,2111,0.5686961206896551,0.8034818525736042,False,"npv,leak_rate,leak_abs"
29599,0.8983004552352049,0.9286462380485827,2112,0.5689655172413793,0.8037901330065104,False,"npv,leak_rate,leak_abs"
29600,0.8983308042488619,0.9286148648648649,2113,0.5692349137931034,0.8038962849908762,False,"npv,leak_rate,leak_abs"
29603,0.8984218512898331,0.9285883187514778,2114,0.5695043103448276,0.8039392268304699,False,"npv,leak_rate,leak_abs"
29604,0.8984522003034902,0.9285907309822997,2114,0.5695043103448276,0.8039781104099356,False,"npv,leak_rate,leak_abs"
29605,0.8984825493171472,0.9285593649721331,2115,0.5697737068965517,0.8040516247932393,False,"npv,leak_rate,leak_abs"
29610,0.8986342943854325,0.9285038838230327,2117,0.5703125,0.8042612143785131,False,"npv,leak_rate,leak_abs"
29611,0.8986646433990896,0.9285062983350781,2117,0.5703125,0.8042841895580093,False,"npv,leak_rate,leak_abs"
29612,0.8986949924127466,0.928508712684047,2117,0.5703125,0.8044591624713614,False,"npv,leak_rate,leak_abs"
29617,0.8988467374810318,0.9283857244150319,2121,0.5713900862068966,0.8044653228225964,False,"npv,leak_rate,leak_abs"
29620,0.898937784522003,0.9283254557731263,2123,0.5719288793103449,0.8045367516514419,False,"npv,leak_rate,leak_abs"
29626,0.8991198786039454,0.9282724633767636,2125,0.5724676724137931,0.8045441020054477,False,"npv,leak_rate,leak_abs"
29631,0.8992716236722307,0.9282170699605143,2127,0.5730064655172413,0.8047322096328725,False,"npv,leak_rate,leak_abs"
29634,0.8993626707132019,0.9281905918876966,2128,0.5732758620689655,0.8048475740804825,False,"npv,leak_rate,leak_abs"
29635,0.8993930197268589,0.9281592711321073,2129,0.5735452586206896,0.8050790544984091,False,"npv,leak_rate,leak_abs"
29639,0.899514415781487,0.9281014879044502,2131,0.5740840517241379,0.8052435845998777,False,"npv,leak_rate,leak_abs"
29641,0.8995751138088012,0.928106339192335,2131,0.5740840517241379,0.8053017054332472,False,"npv,leak_rate,leak_abs"
29663,0.9002427921092564,0.9280585240872468,2134,0.5748922413793104,0.805367726172636,False,"npv,leak_rate,leak_abs"
29664,0.9002731411229135,0.9280609492988133,2134,0.5748922413793104,0.8054836152281917,False,"npv,leak_rate,leak_abs"
29665,0.9003034901365705,0.9280296645878982,2135,0.5751616379310345,0.8055603259752359,False,"npv,leak_rate,leak_abs"
29668,0.9003945371775417,0.9280032358096265,2136,0.5754310344827587,0.8056069158624793,False,"npv,leak_rate,leak_abs"
29669,0.9004248861911988,0.9279719572617884,2137,0.5757004310344828,0.8057893672902791,False,"npv,leak_rate,leak_abs"
29670,0.9004552352048558,0.9279743849005729,2137,0.5757004310344828,0.8058617142552592,False,"npv,leak_rate,leak_abs"
29672,0.9005159332321699,0.9279118360744136,2139,0.576239224137931,0.8061279228427475,False,"npv,leak_rate,leak_abs"
29676,0.9006373292867982,0.9279215527699151,2139,0.576239224137931,0.8061769945653868,False,"npv,leak_rate,leak_abs"
29678,0.9006980273141123,0.9278927151425298,2140,0.5765086206896551,0.8063120174325972,False,"npv,leak_rate,leak_abs"
29685,0.9009104704097117,0.9279097187131548,2140,0.5765086206896551,0.8063379297352211,False,"npv,leak_rate,leak_abs"
29691,0.901092564491654,0.9278569263413156,2142,0.5770474137931034,0.8063455431696294,False,"npv,leak_rate,leak_abs"
29694,0.9011836115326252,0.9278642149929278,2142,0.5770474137931034,0.8064046591649757,False,"npv,leak_rate,leak_abs"
29695,0.9012139605462822,0.927866644216198,2142,0.5770474137931034,0.806449687776707,False,"npv,leak_rate,leak_abs"
29699,0.9013353566009105,0.9277753459712448,2145,0.5778556034482759,0.8066092495133103,False,"npv,leak_rate,leak_abs"
29701,0.9013960546282246,0.9277465405205212,2146,0.578125,0.806708700365101,False,"npv,leak_rate,leak_abs"
29704,0.9014871016691958,0.9276865068677619,2148,0.5786637931034483,0.806711195118311,False,"npv,leak_rate,leak_abs"
29709,0.9016388467374811,0.9276986771685348,2148,0.5786637931034483,0.8068979700884373,False,"npv,leak_rate,leak_abs"
29710,0.9016691957511381,0.9277011107371256,2148,0.5786637931034483,0.8070112398886775,False,"npv,leak_rate,leak_abs"
29712,0.9017298937784523,0.9276386645126549,2150,0.5792025862068966,0.8070210731268561,False,"npv,leak_rate,leak_abs"
29713,0.9017602427921092,0.9276074445528893,2151,0.5794719827586207,0.8071183788136455,False,"npv,leak_rate,leak_abs"
29716,0.9018512898330804,0.9275811010903217,2152,0.5797413793103449,0.8072032786569908,False,"npv,leak_rate,leak_abs"
29718,0.9019119878603945,0.9275186755501716,2154,0.5802801724137931,0.8072630883647445,False,"npv,leak_rate,leak_abs"
29720,0.9019726858877086,0.9275235531628533,2154,0.5802801724137931,0.8074025989912904,False,"npv,leak_rate,leak_abs"
29743,0.9026707132018209,0.9274787344921495,2157,0.5810883620689655,0.8074486527989192,False,"npv,leak_rate,leak_abs"
29744,0.902701062215478,0.9274811726734804,2157,0.5810883620689655,0.8074999888538822,False,"npv,leak_rate,leak_abs"
29745,0.902731411229135,0.9274836106908724,2157,0.5810883620689655,0.807516541363582,False,"npv,leak_rate,leak_abs"
29747,0.9027921092564491,0.9274884862339059,2157,0.5810883620689655,0.80753546835998,False,"npv,leak_rate,leak_abs"
29749,0.9028528072837633,0.9274597465461024,2158,0.5813577586206896,0.80759253286907,False,"npv,leak_rate,leak_abs"
29751,0.9029135053110774,0.9274646230378811,2158,0.5813577586206896,0.8076317880778984,False,"npv,leak_rate,leak_abs"
29752,0.9029438543247345,0.9274670610379134,2158,0.5813577586206896,0.8077035965070731,False,"npv,leak_rate,leak_abs"
29755,0.9030349013657056,0.9274071584607629,2160,0.5818965517241379,0.8078123882286627,False,"npv,leak_rate,leak_abs"
29757,0.9030955993930198,0.9273448264273952,2162,0.5824353448275862,0.8078568292675842,False,"npv,leak_rate,leak_abs"
29758,0.9031259484066768,0.9273472679615565,2162,0.5824353448275862,0.8079848771356892,False,"npv,leak_rate,leak_abs"
29761,0.903216995447648,0.927354591579584,2162,0.5824353448275862,0.8080284267278754,False,"npv,leak_rate,leak_abs"
29790,0.9040971168437025,0.9269553541456864,2176,0.5862068965517241,0.8081032009528031,False,"npv,leak_rate,leak_abs"
29791,0.9041274658573596,0.9269578060488067,2176,0.5862068965517241,0.8081244397664288,False,"npv,leak_rate,leak_abs"
29793,0.9041881638846737,0.92689557949854,2178,0.5867456896551724,0.8083151445377877,False,"npv,leak_rate,leak_abs"
29795,0.9042488619119878,0.9268333613022319,2180,0.5872844827586207,0.8083631362838193,False,"npv,leak_rate,leak_abs"
29797,0.904309559939302,0.9267711514582004,2182,0.587823275862069,0.8083993019969752,False,"npv,leak_rate,leak_abs"
29800,0.9044006069802731,0.926744966442953,2183,0.5880926724137931,0.8085944757748621,False,"npv,leak_rate,leak_abs"
29801,0.9044309559939302,0.9267138686621255,2184,0.5883620689655172,0.8085997740154875,False,"npv,leak_rate,leak_abs"
29803,0.9044916540212443,0.9267187866993256,2184,0.5883620689655172,0.8086152750618575,False,"npv,leak_rate,leak_abs"
29804,0.9045220030349014,0.9267212454704067,2184,0.5883620689655172,0.8086216421951438,False,"npv,leak_rate,leak_abs"
29806,0.9045827010622155,0.9266926122257264,2185,0.5886314655172413,0.8087056541914108,False,"npv,leak_rate,leak_abs"
29811,0.9047344461305008,0.9266378182550066,2187,0.5891702586206896,0.8087839363758805,False,"npv,leak_rate,leak_abs"
29814,0.9048254931714719,0.9265445763735158,2190,0.5899784482758621,0.8088248955096548,False,"npv,leak_rate,leak_abs"
29816,0.904886191198786,0.9265495036222162,2190,0.5899784482758621,0.8089285716641329,False,"npv,leak_rate,leak_abs"
29817,0.904916540212443,0.9265184290840796,2191,0.5902478448275862,0.8089469118888492,False,"npv,leak_rate,leak_abs"
29818,0.9049468892261001,0.9265208934200818,2191,0.5902478448275862,0.8090195625862028,False,"npv,leak_rate,leak_abs"
29819,0.9049772382397572,0.9265233575907978,2191,0.5902478448275862,0.8090357121910476,False,"npv,leak_rate,leak_abs"
29820,0.9050075872534142,0.9265258215962441,2191,0.5902478448275862,0.8091009437130615,False,"npv,leak_rate,leak_abs"
29824,0.9051289833080425,0.9264686158798283,2193,0.5907866379310345,0.8092382738433459,False,"npv,leak_rate,leak_abs"
29827,0.9052200303490137,0.9264089583263486,2195,0.5913254310344828,0.8094540665297878,False,"npv,leak_rate,leak_abs"
29833,0.905402124430956,0.926289679214293,2199,0.5924030172413793,0.8095138134654731,False,"npv,leak_rate,leak_abs"
29834,0.9054324734446131,0.9262921498960917,2199,0.5924030172413793,0.8095789240685608,False,"npv,leak_rate,leak_abs"
29835,0.9054628224582701,0.9262946204122675,2199,0.5924030172413793,0.8096375110543982,False,"npv,leak_rate,leak_abs"
29836,0.9054931714719272,0.9262970907628368,2199,0.5924030172413793,0.8100235728546886,False,"npv,leak_rate,leak_abs"
29837,0.9055235204855843,0.9262995609478165,2199,0.5924030172413793,0.8100632647686579,False,"npv,leak_rate,leak_abs"
29838,0.9055538694992413,0.926302030967223,2199,0.5924030172413793,0.8101205793685521,False,"npv,leak_rate,leak_abs"
29847,0.9058270106221548,0.9262907494890609,2200,0.5926724137931034,0.810179643668542,False,"npv,leak_rate,leak_abs"
29849,0.9058877086494689,0.9262286843780361,2202,0.5932112068965517,0.8102867224137028,False,"npv,leak_rate,leak_abs"
29852,0.9059787556904401,0.9262360980838805,2202,0.5932112068965517,0.8105786722463368,False,"npv,leak_rate,leak_abs"
29853,0.9060091047040971,0.9262385689880414,2202,0.5932112068965517,0.8108125775057556,False,"npv,leak_rate,leak_abs"
29855,0.9060698027314112,0.926176519845922,2204,0.59375,0.8108627574589935,False,"npv,leak_rate,leak_abs"
29856,0.9061001517450683,0.9261789924973205,2204,0.59375,0.8108631470538498,False,"npv,leak_rate,leak_abs"
29857,0.9061305007587254,0.9261814649830861,2204,0.59375,0.8109637571261282,False,"npv,leak_rate,leak_abs"
29859,0.9061911987860395,0.9261529187179744,2205,0.5940193965517241,0.8111465150296051,False,"npv,leak_rate,leak_abs"
29861,0.9062518968133536,0.9261243762767489,2206,0.5942887931034483,0.8113992322570162,False,"npv,leak_rate,leak_abs"
29862,0.9062822458270107,0.9261268501774831,2206,0.5942887931034483,0.8117191583269958,False,"npv,leak_rate,leak_abs"
29865,0.9063732928679817,0.9261342708856521,2206,0.5942887931034483,0.8119397850806916,False,"npv,leak_rate,leak_abs"
29871,0.9065553869499241,0.9260821532590138,2208,0.5948275862068966,0.8119539827898449,False,"npv,leak_rate,leak_abs"
29876,0.9067071320182094,0.926027580666756,2210,0.5953663793103449,0.812042509086929,False,"npv,leak_rate,leak_abs"
29878,0.9067678300455235,0.9259990628556128,2211,0.595635775862069,0.8120857054300985,False,"npv,leak_rate,leak_abs"
29883,0.9069195751138088,0.9259110531071177,2214,0.5964439655172413,0.8121905172232409,False,"npv,leak_rate,leak_abs"
29886,0.90701062215478,0.9259184902629994,2214,0.5964439655172413,0.8123533715544113,False,"npv,leak_rate,leak_abs"
29908,0.9076783004552352,0.9257054968570282,2222,0.5985991379310345,0.8123916334265314,False,"npv,leak_rate,leak_abs"
29912,0.9077996965098635,0.9256820005349023,2223,0.5988685344827587,0.812495910661785,False,"npv,leak_rate,leak_abs"
29918,0.9079817905918057,0.9256634801791563,2224,0.5991379310344828,0.8125257757756451,False,"npv,leak_rate,leak_abs"
29919,0.9080121396054628,0.9256659647715498,2224,0.5991379310344828,0.8125737270061589,False,"npv,leak_rate,leak_abs"
29923,0.908133535660091,0.9256090632623735,2226,0.599676724137931,0.8126105234705266,False,"npv,leak_rate,leak_abs"
29929,0.9083156297420334,0.9255905643355943,2227,0.5999461206896551,0.8126388766396208,False,"npv,leak_rate,leak_abs"
29931,0.9083763277693475,0.9255955364003876,2227,0.5999461206896551,0.8127081122172276,False,"npv,leak_rate,leak_abs"
29933,0.9084370257966616,0.9255336919119367,2229,0.6004849137931034,0.812911588754237,False,"npv,leak_rate,leak_abs"
29935,0.9084977238239758,0.9255386671120762,2229,0.6004849137931034,0.8129417021197477,False,"npv,leak_rate,leak_abs"
29936,0.9085280728376328,0.9255411544628541,2229,0.6004849137931034,0.8129436714059534,False,"npv,leak_rate,leak_abs"
29940,0.908649468892261,0.9254843019372078,2231,0.6010237068965517,0.8132014722664882,False,"npv,leak_rate,leak_abs"
29943,0.9087405159332321,0.9254583709047189,2232,0.6012931034482759,0.8133473202685468,False,"npv,leak_rate,leak_abs"
29969,0.9095295902883156,0.9251893623410858,2242,0.6039870689655172,0.8133878304900802,False,"npv,leak_rate,leak_abs"
29985,0.9100151745068286,0.9249958312489578,2249,0.6058728448275862,0.813524725078259,False,"npv,leak_rate,leak_abs"
29989,0.9101365705614568,0.9249724899129681,2250,0.6061422413793104,0.8136793455641675,False,"npv,leak_rate,leak_abs"
29992,0.9102276176024279,0.9249466524406509,2251,0.6064116379310345,0.8137109288454396,False,"npv,leak_rate,leak_abs"
29995,0.9103186646433991,0.9249208201366894,2252,0.6066810344827587,0.8138379473535298,False,"npv,leak_rate,leak_abs"
29996,0.9103490136570561,0.9248899853313776,2253,0.6069504310344828,0.8138544586981092,False,"npv,leak_rate,leak_abs"
29998,0.9104097116843702,0.9248616574438296,2254,0.6072198275862069,0.8140038905234769,False,"npv,leak_rate,leak_abs"
30001,0.9105007587253414,0.9248358388053731,2255,0.607489224137931,0.8140303774462522,False,"npv,leak_rate,leak_abs"
30002,0.9105311077389985,0.9248050129991334,2256,0.6077586206896551,0.8140973972638778,False,"npv,leak_rate,leak_abs"
30003,0.9105614567526555,0.9247741892477419,2257,0.6080280172413793,0.8141407108570994,False,"npv,leak_rate,leak_abs"
30004,0.9105918057663126,0.9247766964404746,2257,0.6080280172413793,0.8141570881248619,False,"npv,leak_rate,leak_abs"
30008,0.9107132018209408,0.9247867235403893,2257,0.6080280172413793,0.8142379661544298,False,"npv,leak_rate,leak_abs"
30012,0.9108345978755691,0.9247301079568173,2259,0.6085668103448276,0.8143221954695904,False,"npv,leak_rate,leak_abs"
30034,0.9115022761760243,0.9244522874076048,2269,0.611260775862069,0.8143558501785214,False,"npv,leak_rate,leak_abs"
30039,0.9116540212443096,0.9244648623456173,2269,0.611260775862069,0.8144245855831953,False,"npv,leak_rate,leak_abs"
30044,0.9118057663125948,0.9244108640660365,2271,0.6117995689655172,0.8145438828749102,False,"npv,leak_rate,leak_abs"
30045,0.9118361153262519,0.9243800965218838,2272,0.6120689655172413,0.8146337507885969,False,"npv,leak_rate,leak_abs"
30064,0.912412746585736,0.9241617881852049,2280,0.6142241379310345,0.814690275927653,False,"npv,leak_rate,leak_abs"
30065,0.9124430955993931,0.9241643106602362,2280,0.6142241379310345,0.814706211507836,False,"npv,leak_rate,leak_abs"
30070,0.9125948406676783,0.9241104090455604,2282,0.6147629310344828,0.8148272846648071,False,"npv,leak_rate,leak_abs"
30076,0.9127769347496206,0.9240258013033648,2285,0.6155711206896551,0.8148658407049276,False,"npv,leak_rate,leak_abs"
30097,0.9134142640364188,0.9238462305213144,2292,0.6174568965517241,0.8150146690707779,False,"npv,leak_rate,leak_abs"
30098,0.9134446130500758,0.9238155359160077,2293,0.6177262931034483,0.8151056831566498,False,"npv,leak_rate,leak_abs"
30099,0.9134749620637329,0.9238180670454168,2293,0.6177262931034483,0.8151344722701207,False,"npv,leak_rate,leak_abs"
30107,0.9137177541729894,0.9237054505596705,2297,0.6188038793103449,0.8154238208764594,False,"npv,leak_rate,leak_abs"
30108,0.9137481031866465,0.9236747708250299,2298,0.619073275862069,0.8155336785808502,False,"npv,leak_rate,leak_abs"
30109,0.9137784522003035,0.9236773057889668,2298,0.619073275862069,0.8159646004990513,False,"npv,leak_rate,leak_abs"
30110,0.9138088012139606,0.9236466290269013,2299,0.6193426724137931,0.8161292447302527,False,"npv,leak_rate,leak_abs"
30133,0.9145068285280729,0.9235057909932632,2305,0.6209590517241379,0.8162111140614693,False,"npv,leak_rate,leak_abs"
30134,0.9145371775417299,0.9235083294617376,2305,0.6209590517241379,0.816428697270455,False,"npv,leak_rate,leak_abs"
30163,0.9154172989377846,0.9232834930212512,2314,0.6233836206896551,0.8169498385335884,False,"npv,leak_rate,leak_abs"
30168,0.9155690440060698,0.9232962079024132,2314,0.6233836206896551,0.8173812111548864,False,"npv,leak_rate,leak_abs"
30169,0.9155993930197268,0.9232656037654546,2315,0.6236530172413793,0.8175063324177684,False,"npv,leak_rate,leak_abs"
30171,0.9156600910470409,0.9232706903980644,2315,0.6236530172413793,0.8177533004250127,False,"npv,leak_rate,leak_abs"
30173,0.9157207890743551,0.9232757763563451,2315,0.6236530172413793,0.8177595145337124,False,"npv,leak_rate,leak_abs"
30174,0.9157511380880121,0.9232783190826539,2315,0.6236530172413793,0.8177725816435161,False,"npv,leak_rate,leak_abs"
30176,0.9158118361153262,0.9232502651113468,2316,0.6239224137931034,0.818139893820688,False,"npv,leak_rate,leak_abs"
30178,0.9158725341426404,0.9232222148585062,2317,0.6241918103448276,0.8183480367876766,False,"npv,leak_rate,leak_abs"
30179,0.9159028831562974,0.9232247589383346,2317,0.6241918103448276,0.8184051692733696,False,"npv,leak_rate,leak_abs"
30197,0.9164491654021244,0.9230718283273173,2323,0.6258081896551724,0.8186438386956577,False,"npv,leak_rate,leak_abs"
30198,0.9164795144157815,0.9230743757864759,2323,0.6258081896551724,0.8186922673789723,False,"npv,leak_rate,leak_abs"
30200,0.9165402124430956,0.9230132450331126,2325,0.6263469827586207,0.8187046685036546,False,"npv,leak_rate,leak_abs"
30204,0.9166616084977238,0.9230234406038935,2325,0.6263469827586207,0.8187214317114118,False,"npv,leak_rate,leak_abs"
30207,0.916752655538695,0.9229979806005231,2326,0.6266163793103449,0.8191457868366739,False,"npv,leak_rate,leak_abs"
30208,0.9167830045523521,0.9229674258474576,2327,0.626885775862069,0.8191483175773963,False,"npv,leak_rate,leak_abs"
30215,0.9169954476479515,0.9228859837828893,2330,0.6276939655172413,0.8192934770914095,False,"npv,leak_rate,leak_abs"
30218,0.9170864946889226,0.9228936395525845,2330,0.6276939655172413,0.8193116918819622,False,"npv,leak_rate,leak_abs"
30219,0.9171168437025796,0.9228961911380258,2330,0.6276939655172413,0.8193546879931413,False,"npv,leak_rate,leak_abs"
30221,0.9171775417298937,0.9228682042288475,2331,0.6279633620689655,0.8194505115818944,False,"npv,leak_rate,leak_abs"
30224,0.9172685887708649,0.9228758602435151,2331,0.6279633620689655,0.8197204110545577,False,"npv,leak_rate,leak_abs"
30228,0.9173899848254932,0.922819902077544,2333,0.6285021551724138,0.82018045487544,False,"npv,leak_rate,leak_abs"
30229,0.9174203338391502,0.9228224552581957,2333,0.6285021551724138,0.8203991979592342,False,"npv,leak_rate,leak_abs"
30231,0.9174810318664643,0.9227944824848665,2334,0.6287715517241379,0.8204892480275888,False,"npv,leak_rate,leak_abs"
30232,0.9175113808801214,0.9227970362529769,2334,0.6287715517241379,0.8209258555422841,False,"npv,leak_rate,leak_abs"
30233,0.9175417298937785,0.9227995898521483,2334,0.6287715517241379,0.8210212614204757,False,"npv,leak_rate,leak_abs"
30234,0.9175720789074355,0.9228021432823973,2334,0.6287715517241379,0.8210499764825187,False,"npv,leak_rate,leak_abs"
30239,0.9177238239757208,0.9228149079003936,2334,0.6287715517241379,0.8215331211938394,False,"npv,leak_rate,leak_abs"
30240,0.9177541729893779,0.9227843915343915,2335,0.6290409482758621,0.8218758385041206,False,"npv,leak_rate,leak_abs"
30241,0.917784522003035,0.9227869448761615,2335,0.6290409482758621,0.8220122889448124,False,"npv,leak_rate,leak_abs"
30245,0.9179059180576631,0.9227310299223012,2337,0.6295797413793104,0.822232272481507,False,"npv,leak_rate,leak_abs"
30249,0.9180273141122913,0.9227081887004529,2338,0.6298491379310345,0.8229626555736912,False,"npv,leak_rate,leak_abs"
30253,0.9181487101669196,0.9227184080917595,2338,0.6298491379310345,0.8230314845562394,False,"npv,leak_rate,leak_abs"
30254,0.9181790591805766,0.922720962517353,2338,0.6298491379310345,0.8236166218250782,False,"npv,leak_rate,leak_abs"
30257,0.9182701062215478,0.9227286247810425,2338,0.6298491379310345,0.8237362177836093,False,"npv,leak_rate,leak_abs"
30261,0.918391502276176,0.9227057929348006,2339,0.6301185344827587,0.8239952429681653,False,"npv,leak_rate,leak_abs"
30265,0.9185128983308043,0.9227160085907814,2339,0.6301185344827587,0.8242490925920645,False,"npv,leak_rate,leak_abs"
30266,0.9185432473444614,0.9226855217075266,2340,0.6303879310344828,0.8242600865548397,False,"npv,leak_rate,leak_abs"
30269,0.9186342943854324,0.922693184446133,2340,0.6303879310344828,0.8244358964450799,False,"npv,leak_rate,leak_abs"
30271,0.9186949924127465,0.9226322222589277,2342,0.630926724137931,0.8247805961252032,False,"npv,leak_rate,leak_abs"
30272,0.9187253414264036,0.9226017441860465,2343,0.6311961206896551,0.8250949434405753,False,"npv,leak_rate,leak_abs"
30273,0.9187556904400607,0.9226043008621544,2343,0.6311961206896551,0.8252667074100655,False,"npv,leak_rate,leak_abs"
30275,0.9188163884673748,0.9226094137076796,2343,0.6311961206896551,0.8253904040577635,False,"npv,leak_rate,leak_abs"
30281,0.9189984825493172,0.9225917241834813,2344,0.6314655172413793,0.8256283080178687,False,"npv,leak_rate,leak_abs"
30284,0.9190895295902883,0.9225993924184388,2344,0.6314655172413793,0.8258195235773585,False,"npv,leak_rate,leak_abs"
30290,0.9192716236722307,0.9224826675470452,2348,0.6325431034482759,0.8261978812728868,False,"npv,leak_rate,leak_abs"
30291,0.9193019726858878,0.9224852266349741,2348,0.6325431034482759,0.8263017062207755,False,"npv,leak_rate,leak_abs"
30292,0.9193323216995448,0.9224877855539416,2348,0.6325431034482759,0.8267313315967901,False,"npv,leak_rate,leak_abs"
30293,0.9193626707132018,0.9224903443039646,2348,0.6325431034482759,0.8283442897652972,False,"npv,leak_rate,leak_abs"
30294,0.9193930197268588,0.9224929028850597,2348,0.6325431034482759,0.8294370463615145,False,"npv,leak_rate,leak_abs"
30298,0.9195144157814871,0.922404119083768,2351,0.6333512931034483,0.8294807989026078,False,"npv,leak_rate,leak_abs"
30300,0.9195751138088012,0.9223762376237624,2352,0.6336206896551724,0.8295750765946134,False,"npv,leak_rate,leak_abs"
30302,0.9196358118361153,0.9223483598442347,2353,0.6338900862068966,0.8303560387824407,False,"npv,leak_rate,leak_abs"
30304,0.9196965098634294,0.9223204857444561,2354,0.6341594827586207,0.8306313234253785,False,"npv,leak_rate,leak_abs"
30306,0.9197572078907436,0.9222926153236983,2355,0.6344288793103449,0.8313939224348914,False,"npv,leak_rate,leak_abs"
30308,0.9198179059180577,0.9222977431701201,2355,0.6344288793103449,0.8315630878052089,False,"npv,leak_rate,leak_abs"
30309,0.9198482549317147,0.9222673133392721,2356,0.634698275862069,0.8316788854536118,False,"npv,leak_rate,leak_abs"
30312,0.9199393019726859,0.922209026128266,2358,0.6352370689655172,0.8318800561436444,False,"npv,leak_rate,leak_abs"
30313,0.919969650986343,0.922211592386105,2358,0.6352370689655172,0.8321148948789169,False,"npv,leak_rate,leak_abs"
30315,0.9200303490136571,0.9221837374237176,2359,0.6355064655172413,0.8321179638895482,False,"npv,leak_rate,leak_abs"
30318,0.9201213960546282,0.9221914374299096,2359,0.6355064655172413,0.8322659032891365,False,"npv,leak_rate,leak_abs"
30328,0.9204248861911988,0.9220192561329464,2365,0.6371228448275862,0.8323715598790312,False,"npv,leak_rate,leak_abs"
30329,0.9204552352048558,0.922021827294009,2365,0.6371228448275862,0.8323826149499046,False,"npv,leak_rate,leak_abs"
30330,0.9204855842185129,0.9219914276294098,2366,0.6373922413793104,0.8324397039138602,False,"npv,leak_rate,leak_abs"
30333,0.9205766312594841,0.9219661754524775,2367,0.6376616379310345,0.8325673313779832,False,"npv,leak_rate,leak_abs"
30343,0.9208801213960546,0.9218271100418548,2372,0.6390086206896551,0.8327771913634195,False,"npv,leak_rate,leak_abs"
30345,0.9209408194233687,0.9218322623166914,2372,0.6390086206896551,0.8327850767865415,False,"npv,leak_rate,leak_abs"
30346,0.9209711684370258,0.9218018849271733,2373,0.6392780172413793,0.8328767358108065,False,"npv,leak_rate,leak_abs"
30358,0.9213353566009105,0.9216680940773437,2378,0.640625,0.833146639647596,False,"npv,leak_rate,leak_abs"
30361,0.9214264036418817,0.921577023154705,2381,0.6414331896551724,0.8335222191763686,False,"npv,leak_rate,leak_abs"
30364,0.9215174506828528,0.921584771439863,2381,0.6414331896551724,0.8337960501589885,False,"npv,leak_rate,leak_abs"
30380,0.9220030349013657,0.921395655036208,2388,0.6433189655172413,0.8339377133538367,False,"npv,leak_rate,leak_abs"
30381,0.9220333839150228,0.921365327013594,2389,0.6435883620689655,0.8339916558363635,False,"npv,leak_rate,leak_abs"
30384,0.922124430955994,0.9213072669826224,2391,0.6441271551724138,0.8341955516108824,False,"npv,leak_rate,leak_abs"
30397,0.9225189681335356,0.9211435339013718,2397,0.6457435344827587,0.8343424584822992,False,"npv,leak_rate,leak_abs"
30398,0.9225493171471927,0.9211132311336272,2398,0.6460129310344828,0.834348757579175,False,"npv,leak_rate,leak_abs"
30402,0.9226707132018209,0.9210907177159398,2399,0.6462823275862069,0.8359014600638834,False,"npv,leak_rate,leak_abs"
30403,0.922701062215478,0.9210604216689142,2400,0.646551724137931,0.8363147858952757,False,"npv,leak_rate,leak_abs"
30414,0.9230349013657057,0.9209245742092458,2405,0.6478987068965517,0.8368260768604638,False,"npv,leak_rate,leak_abs"
30415,0.9230652503793627,0.9208942955778399,2406,0.6481681034482759,0.8368923347038015,False,"npv,leak_rate,leak_abs"
30417,0.9231259484066768,0.9208666206397738,2407,0.6484375,0.8376077349449472,False,"npv,leak_rate,leak_abs"
30418,0.9231562974203339,0.9208363468998619,2408,0.6487068965517241,0.8376556924971795,False,"npv,leak_rate,leak_abs"
30419,0.9231866464339908,0.9208389493408725,2408,0.6487068965517241,0.8377606317234414,False,"npv,leak_rate,leak_abs"
30426,0.9233990895295903,0.9207914283836193,2410,0.6492456896551724,0.8378167681478562,False,"npv,leak_rate,leak_abs"
30427,0.9234294385432473,0.9207611660696092,2411,0.6495150862068966,0.83839612351196,False,"npv,leak_rate,leak_abs"
30428,0.9234597875569044,0.9207637702116471,2411,0.6495150862068966,0.8384430698517608,False,"npv,leak_rate,leak_abs"
30441,0.9238543247344462,0.9206662067606189,2415,0.6505926724137931,0.8387062308559374,False,"npv,leak_rate,leak_abs"
30442,0.9238846737481032,0.9206688128243874,2415,0.6505926724137931,0.8387845145566927,False,"npv,leak_rate,leak_abs"
30443,0.9239150227617603,0.9206385704431232,2416,0.6508620689655172,0.8387968534317182,False,"npv,leak_rate,leak_abs"
30444,0.9239453717754172,0.9206083300486139,2417,0.6511314655172413,0.8388129788771641,False,"npv,leak_rate,leak_abs"
30446,0.9240060698027314,0.9206135452933062,2417,0.6511314655172413,0.8391683318630299,False,"npv,leak_rate,leak_abs"
30447,0.9240364188163884,0.9206161526587184,2417,0.6511314655172413,0.8393044833329263,False,"npv,leak_rate,leak_abs"
30460,0.9244309559939302,0.9205187130663165,2421,0.6522090517241379,0.8397653646216283,False,"npv,leak_rate,leak_abs"
30462,0.9244916540212443,0.920523931455584,2421,0.6522090517241379,0.8398158027154266,False,"npv,leak_rate,leak_abs"
30464,0.9245523520485585,0.9204963235294118,2422,0.6524784482758621,0.8400799419624345,False,"npv,leak_rate,leak_abs"
30465,0.9245827010622155,0.9204989332020351,2422,0.6524784482758621,0.8406271578959523,False,"npv,leak_rate,leak_abs"
30468,0.9246737481031867,0.9205067611920704,2422,0.6524784482758621,0.8409150325085903,False,"npv,leak_rate,leak_abs"
30471,0.9247647951441578,0.9204489514620459,2424,0.6530172413793104,0.8411005352608337,False,"npv,leak_rate,leak_abs"
30472,0.9247951441578148,0.9204187450774481,2425,0.6532866379310345,0.841206542437272,False,"npv,leak_rate,leak_abs"
30473,0.9248254931714719,0.9204213566107702,2425,0.6532866379310345,0.8412099071161875,False,"npv,leak_rate,leak_abs"
30492,0.925402124430956,0.9201429883248065,2435,0.6559806034482759,0.8419455377621127,False,"npv,leak_rate,leak_abs"
30493,0.9254324734446131,0.9201456071885351,2435,0.6559806034482759,0.8425322543759192,False,"npv,leak_rate,leak_abs"
30494,0.92546282245827,0.920148225880501,2435,0.6559806034482759,0.8425924795041667,False,"npv,leak_rate,leak_abs"
30495,0.9254931714719271,0.9201508444007215,2435,0.6559806034482759,0.8426586000729253,False,"npv,leak_rate,leak_abs"
30496,0.9255235204855842,0.9201534627492131,2435,0.6559806034482759,0.8427575181319324,False,"npv,leak_rate,leak_abs"
30497,0.9255538694992412,0.92012329081549,2436,0.65625,0.8428024298435642,False,"npv,leak_rate,leak_abs"
30498,0.9255842185128983,0.9200931208603843,2437,0.6565193965517241,0.8431863068372569,False,"npv,leak_rate,leak_abs"
30499,0.9256145675265554,0.9200957408439621,2437,0.6565193965517241,0.8432711873786157,False,"npv,leak_rate,leak_abs"
30500,0.9256449165402124,0.9200655737704918,2438,0.6567887931034483,0.8438944656464114,False,"npv,leak_rate,leak_abs"
30502,0.9257056145675265,0.9200052455576684,2440,0.6573275862068966,0.8439290447347476,False,"npv,leak_rate,leak_abs"
30504,0.9257663125948407,0.9199777078415945,2441,0.6575969827586207,0.8442005369242336,False,"npv,leak_rate,leak_abs"
30525,0.9264036418816388,0.9196396396396397,2453,0.6608297413793104,0.8445766501571799,False,"npv,leak_rate,leak_abs"
30526,0.9264339908952959,0.9196095132018607,2454,0.6610991379310345,0.8446594054651159,False,"npv,leak_rate,leak_abs"
30527,0.9264643399089529,0.9195793887378386,2455,0.6613685344827587,0.8450537237462514,False,"npv,leak_rate,leak_abs"
30528,0.92649468892261,0.9195492662473794,2456,0.6616379310344828,0.8451036137401478,False,"npv,leak_rate,leak_abs"
30529,0.9265250379362671,0.9195519014707327,2456,0.6616379310344828,0.8452314367478085,False,"npv,leak_rate,leak_abs"
30533,0.9266464339908953,0.9194969377394949,2458,0.662176724137931,0.8458400715216517,False,"npv,leak_rate,leak_abs"
30534,0.9266767830045524,0.9194668238684744,2459,0.6624461206896551,0.8460366731403723,False,"npv,leak_rate,leak_abs"
30535,0.9267071320182094,0.9194367119698706,2460,0.6627155172413793,0.8460786736677065,False,"npv,leak_rate,leak_abs"
30556,0.9273444613050076,0.9191975389448881,2469,0.6651400862068966,0.8463169616877554,False,"npv,leak_rate,leak_abs"
30566,0.9276479514415782,0.9191585421710398,2471,0.6656788793103449,0.846329166218414,False,"npv,leak_rate,leak_abs"
30567,0.9276783004552352,0.9191284718814408,2472,0.665948275862069,0.8473048627290901,False,"npv,leak_rate,leak_abs"
30568,0.9277086494688923,0.9191311175085056,2472,0.665948275862069,0.84732937875885,False,"npv,leak_rate,leak_abs"
30570,0.9277693474962063,0.9191036964344128,2473,0.6662176724137931,0.8473639590070128,False,"npv,leak_rate,leak_abs"
30571,0.9277996965098634,0.9191063426122796,2473,0.6662176724137931,0.8475791419353774,False,"npv,leak_rate,leak_abs"
30598,0.9286191198786039,0.9187855415386627,2485,0.6694504310344828,0.8477798269412808,False,"npv,leak_rate,leak_abs"
30599,0.928649468892261,0.9187555148861074,2486,0.6697198275862069,0.8480367848218038,False,"npv,leak_rate,leak_abs"
30601,0.9287101669195751,0.9186954674683834,2488,0.6702586206896551,0.8480466748309627,False,"npv,leak_rate,leak_abs"
30602,0.9287405159332321,0.9186981243056009,2488,0.6702586206896551,0.8483156620493586,False,"npv,leak_rate,leak_abs"
30623,0.9293778452200303,0.9184926362537962,2496,0.6724137931034483,0.8483202180657345,False,"npv,leak_rate,leak_abs"
30642,0.9299544764795145,0.9183147314143986,2503,0.6742995689655172,0.8484087299174161,False,"npv,leak_rate,leak_abs"
30659,0.9304704097116844,0.9181317068397534,2510,0.6761853448275862,0.8487709407522696,False,"npv,leak_rate,leak_abs"
30662,0.9305614567526556,0.9181397169134433,2510,0.6761853448275862,0.8490971057691798,False,"npv,leak_rate,leak_abs"
30682,0.9311684370257967,0.9179649305781892,2517,0.6780711206896551,0.8493037175449243,False,"npv,leak_rate,leak_abs"
30683,0.9311987860394537,0.9179676042108008,2517,0.6780711206896551,0.8494021801019844,False,"npv,leak_rate,leak_abs"
30684,0.9312291350531108,0.9179702776691435,2517,0.6780711206896551,0.8502187089569597,False,"npv,leak_rate,leak_abs"
30685,0.9312594840667678,0.9179403617402639,2518,0.6783405172413793,0.8502873577218971,False,"npv,leak_rate,leak_abs"
30686,0.9312898330804249,0.917910447761194,2519,0.6786099137931034,0.850340464749572,False,"npv,leak_rate,leak_abs"
30687,0.931320182094082,0.9179131228207384,2519,0.6786099137931034,0.8505004335302034,False,"npv,leak_rate,leak_abs"
30688,0.931350531107739,0.9178832116788321,2520,0.6788793103448276,0.8505266809370299,False,"npv,leak_rate,leak_abs"
30690,0.9314112291350531,0.9178559791463017,2521,0.6791487068965517,0.8506797511906792,False,"npv,leak_rate,leak_abs"
30691,0.9314415781487102,0.9178260727900688,2522,0.6794181034482759,0.8509760516197111,False,"npv,leak_rate,leak_abs"
30698,0.9316540212443095,0.91771450908854,2526,0.6804956896551724,0.8519724118860518,False,"npv,leak_rate,leak_abs"
30699,0.9316843702579666,0.9177171894849995,2526,0.6804956896551724,0.8520772792392206,False,"npv,leak_rate,leak_abs"
30700,0.9317147192716236,0.9176872964169381,2527,0.6807650862068966,0.8521759198859903,False,"npv,leak_rate,leak_abs"
30701,0.9317450682852807,0.9176574052962444,2528,0.6810344827586207,0.8526601994000422,False,"npv,leak_rate,leak_abs"
30702,0.9317754172989378,0.9176275161227282,2529,0.6813038793103449,0.8535723664455439,False,"npv,leak_rate,leak_abs"
30703,0.9318057663125948,0.9175976288961991,2530,0.681573275862069,0.8536540169658587,False,"npv,leak_rate,leak_abs"
30705,0.9318664643399089,0.9175704282690116,2531,0.6818426724137931,0.8538975368496828,False,"npv,leak_rate,leak_abs"
30706,0.931896813353566,0.9175405458216636,2532,0.6821120689655172,0.8551186407941834,False,"npv,leak_rate,leak_abs"
30707,0.9319271623672231,0.9175432311850719,2532,0.6821120689655172,0.8551990749378776,False,"npv,leak_rate,leak_abs"
30708,0.9319575113808801,0.9175133515696235,2533,0.6823814655172413,0.8552086927736928,False,"npv,leak_rate,leak_abs"
30710,0.9320182094081942,0.9174861608596548,2534,0.6826508620689655,0.8554270396241999,False,"npv,leak_rate,leak_abs"
30711,0.9320485584218513,0.9174888476441666,2534,0.6826508620689655,0.8554399428108066,False,"npv,leak_rate,leak_abs"
30739,0.9328983308042489,0.9173037509352939,2542,0.6848060344827587,0.855474860992874,False,"npv,leak_rate,leak_abs"
30742,0.9329893778452201,0.9172792921735736,2543,0.6850754310344828,0.8563450488583182,False,"npv,leak_rate,leak_abs"
30743,0.9330197268588771,0.9172494551605244,2544,0.6853448275862069,0.8570115815367784,False,"npv,leak_rate,leak_abs"
30746,0.9331107738998482,0.9172575294347232,2544,0.6853448275862069,0.8570497998726109,False,"npv,leak_rate,leak_abs"
30761,0.9335660091047041,0.9172003510939176,2547,0.6861530172413793,0.8571844096929395,False,"npv,leak_rate,leak_abs"
30762,0.9335963581183612,0.917203042715038,2547,0.6861530172413793,0.8573476426250157,False,"npv,leak_rate,leak_abs"
30821,0.9353869499241275,0.9163232860711852,2579,0.6947737068965517,0.8576140783296431,False,"npv,leak_rate,leak_abs"
30823,0.9354476479514415,0.9162638289588944,2581,0.6953125,0.858199689230238,False,"npv,leak_rate,leak_abs"
30824,0.9354779969650986,0.916266545548923,2581,0.6953125,0.858409385344373,False,"npv,leak_rate,leak_abs"
30830,0.935660091047041,0.9161530976321764,2585,0.6963900862068966,0.8585339027237516,False,"npv,leak_rate,leak_abs"
30832,0.9357207890743551,0.9161261027503892,2586,0.6966594827586207,0.858564845321987,False,"npv,leak_rate,leak_abs"
30836,0.9358421851289833,0.9160721234920223,2588,0.697198275862069,0.8585936571789297,False,"npv,leak_rate,leak_abs"
30877,0.9370864946889226,0.9154062894711273,2612,0.7036637931034483,0.8591603776280458,False,"npv,leak_rate,leak_abs"
30887,0.9373899848254932,0.9152070450351281,2619,0.7055495689655172,0.8596100907994938,False,"npv,leak_rate,leak_abs"
30888,0.9374203338391502,0.9152097902097902,2619,0.7055495689655172,0.859686876779583,False,"npv,leak_rate,leak_abs"
30893,0.9375720789074355,0.9151264040397501,2622,0.7063577586206896,0.8602157995727171,False,"npv,leak_rate,leak_abs"
30896,0.9376631259484067,0.9150375453133092,2625,0.7071659482758621,0.8603975116356588,False,"npv,leak_rate,leak_abs"
30900,0.9377845220030349,0.9150161812297735,2626,0.7074353448275862,0.860797981336219,False,"npv,leak_rate,leak_abs"
30908,0.9380273141122913,0.9148440533195289,2632,0.709051724137931,0.8612137105924588,False,"npv,leak_rate,leak_abs"
30910,0.9380880121396055,0.9148495632481397,2632,0.709051724137931,0.8612493647167019,False,"npv,leak_rate,leak_abs"
30919,0.938361153262519,0.9146802936705586,2638,0.7106681034482759,0.8612715310904806,False,"npv,leak_rate,leak_abs"
30920,0.9383915022761761,0.9146830530401034,2638,0.7106681034482759,0.8617062275451846,False,"npv,leak_rate,leak_abs"
30921,0.9384218512898331,0.9146534717505902,2639,0.7109375,0.8619060793390103,False,"npv,leak_rate,leak_abs"
30922,0.9384522003034902,0.914656231809068,2639,0.7109375,0.8619084592826728,False,"npv,leak_rate,leak_abs"
30923,0.9384825493171471,0.9146589916890341,2639,0.7109375,0.8620292627532833,False,"npv,leak_rate,leak_abs"
30983,0.9403034901365706,0.9139850885969726,2665,0.7179418103448276,0.862135193486292,False,"npv,leak_rate,leak_abs"
30984,0.9403338391502276,0.9139555899819262,2666,0.7182112068965517,0.8624476794400873,False,"npv,leak_rate,leak_abs"
30987,0.9404248861911988,0.9139639203536967,2666,0.7182112068965517,0.8631757761374603,False,"npv,leak_rate,leak_abs"
30988,0.9404552352048559,0.9139666967858526,2666,0.7182112068965517,0.8633424736880005,False,"npv,leak_rate,leak_abs"
30996,0.9406980273141123,0.9138275906568589,2671,0.7195581896551724,0.8634072676160401,False,"npv,leak_rate,leak_abs"
31011,0.9411532625189681,0.9135468059720744,2681,0.7222521551724138,0.863826528362223,False,"npv,leak_rate,leak_abs"
31057,0.9425493171471927,0.9130308787068938,2701,0.7276400862068966,0.8646683585349244,False,"npv,leak_rate,leak_abs"
31058,0.9425796661608498,0.9130014810998777,2702,0.7279094827586207,0.8649999155745621,False,"npv,leak_rate,leak_abs"
31060,0.9426403641881639,0.9130070830650354,2702,0.7279094827586207,0.8650625607149676,False,"npv,leak_rate,leak_abs"
31067,0.9428528072837633,0.9129301187755496,2705,0.7287176724137931,0.8651442135935601,False,"npv,leak_rate,leak_abs"
31078,0.9431866464339909,0.9127678743805908,2711,0.7303340517241379,0.8652133778993885,False,"npv,leak_rate,leak_abs"
31138,0.9450075872534143,0.9121009698760357,2737,0.7373383620689655,0.8654048444339297,False,"npv,leak_rate,leak_abs"
31148,0.9453110773899849,0.9119686657249262,2742,0.7386853448275862,0.8655390961655925,False,"npv,leak_rate,leak_abs"
31149,0.9453414264036418,0.911971491861697,2742,0.7386853448275862,0.8655449051158428,False,"npv,leak_rate,leak_abs"
31198,0.9468285280728377,0.9114045772164883,2764,0.7446120689655172,0.8655618871797058,False,"npv,leak_rate,leak_abs"
31212,0.9472534142640364,0.911284121491734,2769,0.7459590517241379,0.8656586360241956,False,"npv,leak_rate,leak_abs"
31222,0.947556904400607,0.911120363846006,2775,0.7475754310344828,0.8657448299958936,False,"npv,leak_rate,leak_abs"
31232,0.9478603945371775,0.9110527663934426,2778,0.7483836206896551,0.8662046952490496,False,"npv,leak_rate,leak_abs"
31235,0.9479514415781487,0.9110613094285257,2778,0.7483836206896551,0.866257962513538,False,"npv,leak_rate,leak_abs"
31288,0.9495599393019727,0.9106047046791103,2797,0.7535021551724138,0.8664634395821942,False,"npv,leak_rate,leak_abs"
31297,0.9498330804248862,0.9104067482506311,2804,0.7553879310344828,0.8665320712351701,False,"npv,leak_rate,leak_abs"
31299,0.9498937784522004,0.9103805233394038,2805,0.7556573275862069,0.8665662381256398,False,"npv,leak_rate,leak_abs"
31361,0.9517754172989378,0.9097924173336309,2829,0.7621228448275862,0.8666224686923972,False,"npv,leak_rate,leak_abs"
31370,0.9520485584218513,0.909627032196366,2835,0.763739224137931,0.8666377334939347,False,"npv,leak_rate,leak_abs"
31382,0.9524127465857359,0.9093748008412466,2844,0.7661637931034483,0.8667666825355295,False,"npv,leak_rate,leak_abs"
31390,0.9526555386949924,0.9092067537432303,2850,0.7677801724137931,0.8669011396200036,False,"npv,leak_rate,leak_abs"
31396,0.9528376327769348,0.9091604025990572,2852,0.7683189655172413,0.8671790111069386,False,"npv,leak_rate,leak_abs"
31400,0.952959028831563,0.9091082802547771,2854,0.7688577586206896,0.8673501561708503,False,"npv,leak_rate,leak_abs"
31407,0.9531714719271623,0.909096698188302,2855,0.7691271551724138,0.8678345717897509,False,"npv,leak_rate,leak_abs"
31408,0.9532018209408194,0.9090677534386143,2856,0.7693965517241379,0.8678619973297714,False,"npv,leak_rate,leak_abs"
31467,0.9549924127465858,0.9084755458098961,2880,0.7758620689655172,0.8679113010800835,False,"npv,leak_rate,leak_abs"
31469,0.9550531107738999,0.9084495853061744,2881,0.7761314655172413,0.8680370229276071,False,"npv,leak_rate,leak_abs"
31470,0.9550834597875569,0.9084524944391484,2881,0.7761314655172413,0.8687529569202285,False,"npv,leak_rate,leak_abs"
31471,0.955113808801214,0.9084236281020622,2882,0.7764008620689655,0.8688059199055275,False,"npv,leak_rate,leak_abs"
31488,0.9556297420333839,0.9082190040650406,2890,0.7785560344827587,0.8699379209820752,False,"npv,leak_rate,leak_abs"
31492,0.9557511380880122,0.9081353994665312,2893,0.779364224137931,0.8702635054805966,False,"npv,leak_rate,leak_abs"
31548,0.9574506828528073,0.9076962089514391,2912,0.7844827586206896,0.8704147530702105,False,"npv,leak_rate,leak_abs"
31562,0.9578755690440061,0.9074836829098283,2920,0.7866379310344828,0.8711081551688097,False,"npv,leak_rate,leak_abs"
31563,0.9579059180576631,0.9074549314070273,2921,0.7869073275862069,0.8711743560421817,False,"npv,leak_rate,leak_abs"
31564,0.9579362670713202,0.9074578633886706,2921,0.7869073275862069,0.8723303766194459,False,"npv,leak_rate,leak_abs"
31565,0.9579666160849772,0.9074607951845398,2921,0.7869073275862069,0.8724252556414244,False,"npv,leak_rate,leak_abs"
31566,0.9579969650986343,0.9074320471393271,2922,0.787176724137931,0.8724874530041711,False,"npv,leak_rate,leak_abs"
31567,0.9580273141122914,0.907403300915513,2923,0.7874461206896551,0.8726140978204956,False,"npv,leak_rate,leak_abs"
31568,0.9580576631259484,0.9073745565129245,2924,0.7877155172413793,0.8729591806956384,False,"npv,leak_rate,leak_abs"
31569,0.9580880121396055,0.9073774905761982,2924,0.7877155172413793,0.8729960812306732,False,"npv,leak_rate,leak_abs"
31580,0.958421851289833,0.9073464217859405,2926,0.7882543103448276,0.8730308653609077,False,"npv,leak_rate,leak_abs"
31582,0.9584825493171472,0.9073206256728517,2927,0.7885237068965517,0.8731240823442361,False,"npv,leak_rate,leak_abs"
31583,0.9585128983308042,0.9072918975398158,2928,0.7887931034482759,0.8735291279785221,False,"npv,leak_rate,leak_abs"
31585,0.9585735963581183,0.9072661073294285,2929,0.7890625,0.8738269846699862,False,"npv,leak_rate,leak_abs"
31588,0.9586646433990895,0.9072115993415221,2931,0.7896012931034483,0.8738590940506197,False,"npv,leak_rate,leak_abs"
31589,0.9586949924127466,0.9071828801164963,2932,0.7898706896551724,0.8741080611574064,False,"npv,leak_rate,leak_abs"
31591,0.9587556904400607,0.9071571017061821,2933,0.7901400862068966,0.8744849121075386,False,"npv,leak_rate,leak_abs"
31592,0.9587860394537178,0.9071600405165865,2933,0.7901400862068966,0.8745906203817514,False,"npv,leak_rate,leak_abs"
31596,0.958907435508346,0.9071084947461704,2935,0.7906788793103449,0.8747020172424378,False,"npv,leak_rate,leak_abs"
31598,0.9589681335356601,0.9070827267548579,2936,0.790948275862069,0.87471300184147,False,"npv,leak_rate,leak_abs"
31599,0.9589984825493172,0.9070856672679515,2936,0.790948275862069,0.8748655069851174,False,"npv,leak_rate,leak_abs"
31600,0.9590288315629742,0.9070886075949367,2936,0.790948275862069,0.875312283821951,False,"npv,leak_rate,leak_abs"
31604,0.9591502276176024,0.9070687254777876,2937,0.7912176724137931,0.875344590201113,False,"npv,leak_rate,leak_abs"
31605,0.9591805766312594,0.9070716658756526,2937,0.7912176724137931,0.8756425337871699,False,"npv,leak_rate,leak_abs"
31606,0.9592109256449165,0.9070746060874517,2937,0.7912176724137931,0.8757704749470909,False,"npv,leak_rate,leak_abs"
31607,0.9592412746585736,0.9070459075521246,2938,0.7914870689655172,0.8767291709309925,False,"npv,leak_rate,leak_abs"
31608,0.9592716236722306,0.9070172108327006,2939,0.7917564655172413,0.8767472468848856,False,"npv,leak_rate,leak_abs"
31609,0.9593019726858877,0.9070201524882154,2939,0.7917564655172413,0.8779906787787037,False,"npv,leak_rate,leak_abs"
31611,0.9593626707132018,0.9069944006833064,2940,0.7920258620689655,0.8782270076586528,False,"npv,leak_rate,leak_abs"
31612,0.9593930197268589,0.9069657092243452,2941,0.7922952586206896,0.8784587083846348,False,"npv,leak_rate,leak_abs"
31613,0.9594233687405159,0.9069370195805523,2942,0.7925646551724138,0.878804696682624,False,"npv,leak_rate,leak_abs"
31614,0.959453717754173,0.9069399633073955,2942,0.7925646551724138,0.8790964277012444,False,"npv,leak_rate,leak_abs"
31617,0.9595447647951442,0.906948793370655,2942,0.7925646551724138,0.8791766224232704,False,"npv,leak_rate,leak_abs"
31627,0.9598482549317148,0.9067885034938502,2948,0.7941810344827587,0.8797370369474127,False,"npv,leak_rate,leak_abs"
31629,0.9599089529590288,0.9067627809921275,2949,0.7944504310344828,0.87994344113459,False,"npv,leak_rate,leak_abs"
31630,0.9599393019726858,0.9067341131836864,2950,0.7947198275862069,0.8802364355091962,False,"npv,leak_rate,leak_abs"
31631,0.9599696509863429,0.9067370617432265,2950,0.7947198275862069,0.8803313899166546,False,"npv,leak_rate,leak_abs"
31632,0.96,0.9067400101163379,2950,0.7947198275862069,0.8804620997817436,False,"npv,leak_rate,leak_abs"
31634,0.9600606980273141,0.9067459063033445,2950,0.7947198275862069,0.8805950682931298,False,"npv,leak_rate,leak_abs"
31641,0.9602731411229135,0.9067349325242565,2951,0.794989224137931,0.8808406469958804,False,"npv,leak_rate,leak_abs"
31643,0.9603338391502276,0.9067408273551812,2951,0.794989224137931,0.8809400286700504,False,"npv,leak_rate,leak_abs"
31651,0.9605766312594841,0.9066380209156109,2955,0.7960668103448276,0.8810140264098932,False,"npv,leak_rate,leak_abs"
31652,0.9606069802731412,0.9066409705547833,2955,0.7960668103448276,0.881087575728878,False,"npv,leak_rate,leak_abs"
31656,0.9607283763277693,0.9065895880717716,2957,0.7966056034482759,0.8811148566766938,False,"npv,leak_rate,leak_abs"
31664,0.9609711684370258,0.906455280444669,2962,0.7979525862068966,0.8816333189400274,False,"npv,leak_rate,leak_abs"
31665,0.9610015174506829,0.9064582346439286,2962,0.7979525862068966,0.8818060741438684,False,"npv,leak_rate,leak_abs"
31667,0.961062215477997,0.9064641424827107,2962,0.7979525862068966,0.8820683937189321,False,"npv,leak_rate,leak_abs"
31668,0.961092564491654,0.9064670961222685,2962,0.7979525862068966,0.8821215746554066,False,"npv,leak_rate,leak_abs"
31671,0.9611836115326252,0.9064128066685612,2964,0.7984913793103449,0.8825311821350339,False,"npv,leak_rate,leak_abs"
31673,0.9612443095599393,0.9063871436239068,2965,0.798760775862069,0.8827151413490308,False,"npv,leak_rate,leak_abs"
31684,0.9615781487101669,0.9062618356268148,2970,0.8001077586206896,0.8829499643273175,False,"npv,leak_rate,leak_abs"
31687,0.9616691957511381,0.9062707103859627,2970,0.8001077586206896,0.8832654300737672,False,"npv,leak_rate,leak_abs"
31698,0.9620030349013657,0.9060824026752476,2977,0.8019935344827587,0.8835508888135034,False,"npv,leak_rate,leak_abs"
31717,0.9625796661608498,0.9058549043099915,2986,0.8044181034482759,0.8837794042814355,False,"npv,leak_rate,leak_abs"
31718,0.9626100151745068,0.9058578725014188,2986,0.8044181034482759,0.8840239573004935,False,"npv,leak_rate,leak_abs"
31719,0.9626403641881639,0.9058608405056906,2986,0.8044181034482759,0.8843466402599179,False,"npv,leak_rate,leak_abs"
31720,0.962670713201821,0.9058322824716267,2987,0.8046875,0.884526555368406,False,"npv,leak_rate,leak_abs"
31731,0.9630045523520485,0.9056443225867449,2994,0.806573275862069,0.8846976689721765,False,"npv,leak_rate,leak_abs"
31745,0.9634294385432474,0.9053079225074815,3006,0.8098060344827587,0.8849031273888314,False,"npv,leak_rate,leak_abs"
31749,0.9635508345978756,0.9052568584837317,3008,0.8103448275862069,0.8851824998112925,False,"npv,leak_rate,leak_abs"
31750,0.9635811836115327,0.9052283464566929,3009,0.810614224137931,0.8853491014644242,False,"npv,leak_rate,leak_abs"
31751,0.9636115326251897,0.9051998362256307,3010,0.8108836206896551,0.8856444388171062,False,"npv,leak_rate,leak_abs"
31757,0.963793626707132,0.9051547690273011,3012,0.8114224137931034,0.8857416113525135,False,"npv,leak_rate,leak_abs"
31759,0.9638543247344461,0.9051292546994553,3013,0.8116918103448276,0.8861315432084446,False,"npv,leak_rate,leak_abs"
31765,0.9640364188163885,0.9050842121832205,3015,0.8122306034482759,0.8862627177850865,False,"npv,leak_rate,leak_abs"
31774,0.964309559939302,0.904985208031724,3019,0.8133081896551724,0.8864372822179737,False,"npv,leak_rate,leak_abs"
31775,0.9643399089529591,0.9049881982690795,3019,0.8133081896551724,0.8865225959093836,False,"npv,leak_rate,leak_abs"
31781,0.9645220030349013,0.9049117397186999,3022,0.8141163793103449,0.8865468779659115,False,"npv,leak_rate,leak_abs"
31785,0.9646433990895296,0.9048607833883907,3024,0.8146551724137931,0.8866138074019788,False,"npv,leak_rate,leak_abs"
31786,0.9646737481031866,0.9048637765053797,3024,0.8146551724137931,0.8866647885494854,False,"npv,leak_rate,leak_abs"
31799,0.9650682852807284,0.904682537186704,3031,0.8165409482758621,0.8866777819126499,False,"npv,leak_rate,leak_abs"
31810,0.965402124430956,0.9045583149952845,3036,0.8178879310344828,0.8867640503703003,False,"npv,leak_rate,leak_abs"
31811,0.965432473444613,0.9045298796013957,3037,0.8181573275862069,0.8868491826977519,False,"npv,leak_rate,leak_abs"
31812,0.9654628224582701,0.904501445995222,3038,0.818426724137931,0.8870016164551593,False,"npv,leak_rate,leak_abs"
31813,0.9654931714719271,0.9044730141765944,3039,0.8186961206896551,0.8879318415270301,False,"npv,leak_rate,leak_abs"
31814,0.9655235204855842,0.9044445841453448,3040,0.8189655172413793,0.888297170542346,False,"npv,leak_rate,leak_abs"
31817,0.9656145675265554,0.9044221642518151,3041,0.8192349137931034,0.8884592262986275,False,"npv,leak_rate,leak_abs"
31818,0.9656449165402125,0.904425168143818,3041,0.8192349137931034,0.8887309445527154,False,"npv,leak_rate,leak_abs"
31837,0.9662215477996965,0.9040738763074411,3054,0.8227370689655172,0.88878702262121,False,"npv,leak_rate,leak_abs"
31838,0.9662518968133536,0.9040768892518374,3054,0.8227370689655172,0.8890208146878313,False,"npv,leak_rate,leak_abs"
31840,0.9663125948406677,0.9040515075376885,3055,0.8230064655172413,0.8892633995885015,False,"npv,leak_rate,leak_abs"
31841,0.9663429438543247,0.9040545209007255,3055,0.8230064655172413,0.8895295862376854,False,"npv,leak_rate,leak_abs"
31843,0.9664036418816389,0.9040291429827592,3056,0.8232758620689655,0.8895380532165434,False,"npv,leak_rate,leak_abs"
31864,0.967040971168437,0.9037157921164951,3068,0.8265086206896551,0.8897597899208918,False,"npv,leak_rate,leak_abs"
31869,0.9671927162367223,0.9036367629985252,3071,0.8273168103448276,0.8901188485158638,False,"npv,leak_rate,leak_abs"
31870,0.9672230652503794,0.9036397866331973,3071,0.8273168103448276,0.8902144219157143,False,"npv,leak_rate,leak_abs"
31871,0.9672534142640364,0.9036114335916664,3072,0.8275862068965517,0.8902439752524041,False,"npv,leak_rate,leak_abs"
31872,0.9672837632776935,0.9035830823293173,3073,0.8278556034482759,0.8908888333441918,False,"npv,leak_rate,leak_abs"
31875,0.9673748103186647,0.9035294117647059,3075,0.8283943965517241,0.8914196788078412,False,"npv,leak_rate,leak_abs"
31876,0.9674051593323217,0.9035324381980173,3075,0.8283943965517241,0.8916178395447698,False,"npv,leak_rate,leak_abs"
31878,0.9674658573596359,0.9034757513018382,3077,0.8289331896551724,0.8918257743209091,False,"npv,leak_rate,leak_abs"
31879,0.9674962063732929,0.903478779133599,3077,0.8289331896551724,0.8919571978996879,False,"npv,leak_rate,leak_abs"
31882,0.967587253414264,0.9034251301674926,3079,0.8294719827586207,0.8921282834936014,False,"npv,leak_rate,leak_abs"
31897,0.9680424886191199,0.9031883876226604,3088,0.8318965517241379,0.8922891784015017,False,"npv,leak_rate,leak_abs"
31904,0.9682549317147193,0.9031469408224674,3090,0.8324353448275862,0.8926440299173122,False,"npv,leak_rate,leak_abs"
31906,0.9683156297420333,0.9031216699053469,3091,0.8327047413793104,0.8926744188620487,False,"npv,leak_rate,leak_abs"
31922,0.9688012139605463,0.9028256374913852,3102,0.8356681034482759,0.8927291172494296,False,"npv,leak_rate,leak_abs"
31924,0.9688619119878604,0.9028004009522617,3103,0.8359375,0.8928157518690704,False,"npv,leak_rate,leak_abs"
31935,0.969195751138088,0.902645999686864,3109,0.8375538793103449,0.8928532191477766,False,"npv,leak_rate,leak_abs"
31938,0.9692867981790592,0.9026238336777507,3110,0.837823275862069,0.8929309526365247,False,"npv,leak_rate,leak_abs"
31939,0.9693171471927162,0.9026268824947556,3110,0.837823275862069,0.8930259709645791,False,"npv,leak_rate,leak_abs"
31954,0.9697723823975721,0.9023909369718971,3119,0.8402478448275862,0.8931112173498452,False,"npv,leak_rate,leak_abs"
31955,0.9698027314112291,0.9023939915506181,3119,0.8402478448275862,0.8932471854193038,False,"npv,leak_rate,leak_abs"
31956,0.9698330804248861,0.9023970459381649,3119,0.8402478448275862,0.8935625499333941,False,"npv,leak_rate,leak_abs"
31958,0.9698937784522003,0.902340572000751,3121,0.8407866379310345,0.8941235858321804,False,"npv,leak_rate,leak_abs"
31961,0.9699848254931714,0.9022871624792717,3123,0.8413254310344828,0.8943309870706682,False,"npv,leak_rate,leak_abs"
31962,0.9700151745068285,0.9022589324823228,3124,0.8415948275862069,0.8945256156868798,False,"npv,leak_rate,leak_abs"
31963,0.9700455235204856,0.9022619904264305,3124,0.8415948275862069,0.89488478819532,False,"npv,leak_rate,leak_abs"
31978,0.9705007587253415,0.9021514791419101,3129,0.8429418103448276,0.8949724695997693,False,"npv,leak_rate,leak_abs"
31980,0.9705614567526556,0.9021263289555973,3130,0.8432112068965517,0.8950443697340996,False,"npv,leak_rate,leak_abs"
31983,0.9706525037936267,0.9021355094894162,3130,0.8432112068965517,0.8950784766331847,False,"npv,leak_rate,leak_abs"
31984,0.9706828528072837,0.9021073036518259,3131,0.8434806034482759,0.8953139165159328,False,"npv,leak_rate,leak_abs"
31985,0.9707132018209408,0.9021103642332343,3131,0.8434806034482759,0.8954560802805565,False,"npv,leak_rate,leak_abs"
31986,0.9707435508345978,0.9021134246232727,3131,0.8434806034482759,0.8961343974629242,False,"npv,leak_rate,leak_abs"
31987,0.9707738998482549,0.9020852221214869,3132,0.84375,0.8962971228937446,False,"npv,leak_rate,leak_abs"
31988,0.970804248861912,0.9020882831061648,3132,0.84375,0.8964723545203147,False,"npv,leak_rate,leak_abs"
32005,0.971320182094082,0.9018590845180441,3141,0.8461745689655172,0.896489874932811,False,"npv,leak_rate,leak_abs"
32006,0.971350531107739,0.9018621508467163,3141,0.8461745689655172,0.8967271033828905,False,"npv,leak_rate,leak_abs"
32007,0.971380880121396,0.9018652169837847,3141,0.8461745689655172,0.8978392254306904,False,"npv,leak_rate,leak_abs"
32009,0.9714415781487101,0.9018401074697742,3142,0.8464439655172413,0.8978886183793161,False,"npv,leak_rate,leak_abs"
32010,0.9714719271623672,0.9018431740081224,3142,0.8464439655172413,0.8979134112912953,False,"npv,leak_rate,leak_abs"
32011,0.9715022761760242,0.901846240354878,3142,0.8464439655172413,0.8979251038908407,False,"npv,leak_rate,leak_abs"
32012,0.9715326251896813,0.9018180682244158,3143,0.8467133620689655,0.8985338468928941,False,"npv,leak_rate,leak_abs"
32013,0.9715629742033384,0.9017898978539968,3144,0.8469827586206896,0.8986088552058875,False,"npv,leak_rate,leak_abs"
32024,0.971896813353566,0.9016674993754684,3149,0.8483297413793104,0.8986256699919949,False,"npv,leak_rate,leak_abs"
32025,0.9719271623672231,0.9016705698672912,3149,0.8483297413793104,0.8987859898945098,False,"npv,leak_rate,leak_abs"
32026,0.9719575113808802,0.9016424155373759,3150,0.8485991379310345,0.8989215643560013,False,"npv,leak_rate,leak_abs"
32027,0.9719878603945372,0.9016454866206638,3150,0.8485991379310345,0.8989670635057241,False,"npv,leak_rate,leak_abs"
32029,0.9720485584218513,0.9016204065066034,3151,0.8488685344827587,0.8989681344789943,False,"npv,leak_rate,leak_abs"
32032,0.9721396054628224,0.9015984015984015,3152,0.8491379310344828,0.8993508581274371,False,"npv,leak_rate,leak_abs"
32033,0.9721699544764795,0.9016014734804733,3152,0.8491379310344828,0.8996077242956944,False,"npv,leak_rate,leak_abs"
32034,0.9722003034901365,0.9015733283386402,3153,0.8494073275862069,0.8997887513397758,False,"npv,leak_rate,leak_abs"
32035,0.9722306525037936,0.9015764008116123,3153,0.8494073275862069,0.8998478853044338,False,"npv,leak_rate,leak_abs"
32037,0.9722913505311077,0.9015513312732153,3154,0.849676724137931,0.9001707187190912,False,"npv,leak_rate,leak_abs"
32038,0.9723216995447648,0.9015231912104376,3155,0.8499461206896551,0.9002658319268005,False,"npv,leak_rate,leak_abs"
32039,0.9723520485584218,0.9014950529042729,3156,0.8502155172413793,0.9002929978363267,False,"npv,leak_rate,leak_abs"
32040,0.9723823975720789,0.9014669163545568,3157,0.8504849137931034,0.9005249221257888,False,"npv,leak_rate,leak_abs"
32041,0.972412746585736,0.9014387815611248,3158,0.8507543103448276,0.9008128888439327,False,"npv,leak_rate,leak_abs"
32043,0.9724734446130501,0.9013825172424554,3160,0.8512931034482759,0.9008244314877127,False,"npv,leak_rate,leak_abs"
32045,0.9725341426403642,0.9013886721797473,3160,0.8512931034482759,0.9008671685150269,False,"npv,leak_rate,leak_abs"
32047,0.9725948406676783,0.9013324180110462,3162,0.8518318965517241,0.9008986713621493,False,"npv,leak_rate,leak_abs"
32051,0.9727162367223066,0.9013135315590777,3163,0.8521012931034483,0.9009410157879537,False,"npv,leak_rate,leak_abs"
32063,0.9730804248861912,0.9012257118797368,3167,0.8531788793103449,0.9016132112308326,False,"npv,leak_rate,leak_abs"
32064,0.9731107738998482,0.9011976047904192,3168,0.853448275862069,0.9016519884959343,False,"npv,leak_rate,leak_abs"
32068,0.9732321699544765,0.9011163776973931,3171,0.8542564655172413,0.901672355830812,False,"npv,leak_rate,leak_abs"
32069,0.9732625189681335,0.9010882783997006,3172,0.8545258620689655,0.9016818726290939,False,"npv,leak_rate,leak_abs"
32070,0.9732928679817906,0.9010913626442157,3172,0.8545258620689655,0.9018637348458175,False,"npv,leak_rate,leak_abs"
32071,0.9733232169954477,0.9010632658788313,3173,0.8547952586206896,0.9019031642932469,False,"npv,leak_rate,leak_abs"
32073,0.9733839150227618,0.9010694353506065,3173,0.8547952586206896,0.9023487579947498,False,"npv,leak_rate,leak_abs"
32074,0.9734142640364188,0.9010413418968635,3174,0.8550646551724138,0.9024260794778906,False,"npv,leak_rate,leak_abs"
32076,0.973474962063733,0.9010163362015214,3175,0.8553340517241379,0.9026544105958679,False,"npv,leak_rate,leak_abs"
32077,0.97350531107739,0.9009882470305827,3176,0.8556034482758621,0.9026654467693698,False,"npv,leak_rate,leak_abs"
32078,0.9735356600910471,0.9009913336242908,3176,0.8556034482758621,0.9027074058254521,False,"npv,leak_rate,leak_abs"
32083,0.9736874051593323,0.9009444253966274,3178,0.8561422413793104,0.9027179509355128,False,"npv,leak_rate,leak_abs"
32084,0.9737177541729893,0.900916344595437,3179,0.8564116379310345,0.9028190753336985,False,"npv,leak_rate,leak_abs"
32085,0.9737481031866464,0.9009194327567399,3179,0.8564116379310345,0.9029675562371305,False,"npv,leak_rate,leak_abs"
32086,0.9737784522003035,0.9009225207255501,3179,0.8564116379310345,0.9032609971803812,False,"npv,leak_rate,leak_abs"
32088,0.9738391502276176,0.9009286960857642,3179,0.8564116379310345,0.903537190385356,False,"npv,leak_rate,leak_abs"
32092,0.9739605462822458,0.9008475632556401,3182,0.8572198275862069,0.9035532264776182,False,"npv,leak_rate,leak_abs"
32093,0.9739908952959029,0.900850652790328,3182,0.8572198275862069,0.9036661499525377,False,"npv,leak_rate,leak_abs"
32098,0.9741426403641882,0.9007103246308181,3187,0.8585668103448276,0.9036669357715613,False,"npv,leak_rate,leak_abs"
32099,0.9741729893778452,0.9007134178634848,3187,0.8585668103448276,0.9036794594859323,False,"npv,leak_rate,leak_abs"
32101,0.9742336874051594,0.9006884520731442,3188,0.8588362068965517,0.9037845011007123,False,"npv,leak_rate,leak_abs"
32102,0.9742640364188164,0.9006915456980873,3188,0.8588362068965517,0.9039619916825707,False,"npv,leak_rate,leak_abs"
32103,0.9742943854324735,0.9006634893935146,3189,0.8591056034482759,0.9039813969609,False,"npv,leak_rate,leak_abs"
32106,0.9743854324734447,0.9006416246184514,3190,0.859375,0.9040280010230245,False,"npv,leak_rate,leak_abs"
32107,0.9744157814871016,0.9006135733640639,3191,0.8596443965517241,0.9040541822655289,False,"npv,leak_rate,leak_abs"
32109,0.9744764795144157,0.9005886200130805,3192,0.8599137931034483,0.9040909246130634,False,"npv,leak_rate,leak_abs"
32111,0.9745371775417299,0.9005636697704836,3193,0.8601831896551724,0.9042615955504945,False,"npv,leak_rate,leak_abs"
32112,0.9745675265553869,0.9005356253114101,3194,0.8604525862068966,0.9043803849631079,False,"npv,leak_rate,leak_abs"
32117,0.9747192716236722,0.9003954292119438,3199,0.8617995689655172,0.9044515565661841,False,"npv,leak_rate,leak_abs"
32118,0.9747496206373293,0.9003985304190797,3199,0.8617995689655172,0.9044680830729083,False,"npv,leak_rate,leak_abs"
32119,0.9747799696509863,0.9004016314331081,3199,0.8617995689655172,0.9045386327657231,False,"npv,leak_rate,leak_abs"
32120,0.9748103186646434,0.9004047322540473,3199,0.8617995689655172,0.9048388721138207,False,"npv,leak_rate,leak_abs"
32121,0.9748406676783005,0.9004078328819153,3199,0.8617995689655172,0.9050840329822845,False,"npv,leak_rate,leak_abs"
32124,0.9749317147192716,0.9003548748599178,3201,0.8623383620689655,0.9051312172891919,False,"npv,leak_rate,leak_abs"
32127,0.9750227617602428,0.9003019267282971,3203,0.8628771551724138,0.9051460477368963,False,"npv,leak_rate,leak_abs"
32134,0.9752352048558421,0.9001680463060933,3208,0.8642241379310345,0.9054358930184715,False,"npv,leak_rate,leak_abs"
32135,0.9752655538694992,0.9001711529484985,3208,0.8642241379310345,0.9054499912222923,False,"npv,leak_rate,leak_abs"
32136,0.9752959028831563,0.9001742593975604,3208,0.8642241379310345,0.9057500005431287,False,"npv,leak_rate,leak_abs"
32138,0.9753566009104704,0.9001182400896135,3210,0.8647629310344828,0.905754462178413,False,"npv,leak_rate,leak_abs"
32142,0.9754779969650986,0.9000373343289154,3213,0.8655711206896551,0.9058049280558916,False,"npv,leak_rate,leak_abs"
32143,0.9755083459787557,0.9000404442646922,3213,0.8655711206896551,0.9059168837765744,False,"npv,leak_rate,leak_abs"
32146,0.9755993930197269,0.8999564487027935,3216,0.8663793103448276,0.9059582211633611,False,"npv,leak_rate,leak_abs"
32147,0.9756297420333839,0.899928453665972,3217,0.8666487068965517,0.906000764709935,False,"npv,leak_rate,leak_abs"
32148,0.975660091047041,0.8999315665049148,3217,0.8666487068965517,0.9062266585686871,False,"npv,leak_rate,leak_abs"
32149,0.975690440060698,0.8999035739836386,3218,0.8669181034482759,0.9063208830392888,False,"npv,leak_rate,leak_abs"
32151,0.9757511380880122,0.8998786973966595,3219,0.8671875,0.9063465850340803,False,"npv,leak_rate,leak_abs"
32152,0.9757814871016692,0.8998818113958696,3219,0.8671875,0.906367721645317,False,"npv,leak_rate,leak_abs"
32153,0.9758118361153263,0.8998538239044568,3220,0.8674568965517241,0.906770134275924,False,"npv,leak_rate,leak_abs"
32156,0.9759028831562975,0.8998320686652569,3221,0.8677262931034483,0.9068374640205854,False,"npv,leak_rate,leak_abs"
32157,0.9759332321699544,0.8998351836303138,3221,0.8677262931034483,0.9069027661749732,False,"npv,leak_rate,leak_abs"
32159,0.9759939301972685,0.8998103174849964,3222,0.8679956896551724,0.9070151176685447,False,"npv,leak_rate,leak_abs"
32160,0.9760242792109256,0.8997823383084577,3223,0.8682650862068966,0.9072841493116961,False,"npv,leak_rate,leak_abs"
32161,0.9760546282245827,0.8997543608718634,3224,0.8685344827586207,0.9073945453664827,False,"npv,leak_rate,leak_abs"
32162,0.9760849772382397,0.8997263851750513,3225,0.8688038793103449,0.9074865804728448,False,"npv,leak_rate,leak_abs"
32163,0.9761153262518968,0.8997295028448838,3225,0.8688038793103449,0.9075632263212221,False,"npv,leak_rate,leak_abs"
32166,0.976206373292868,0.8997077659640614,3226,0.869073275862069,0.9076336811325706,False,"npv,leak_rate,leak_abs"
32167,0.976236722306525,0.8996797960642895,3227,0.8693426724137931,0.9078399533050637,False,"npv,leak_rate,leak_abs"
32168,0.9762670713201821,0.8996518279035066,3228,0.8696120689655172,0.9081634317567513,False,"npv,leak_rate,leak_abs"
32171,0.9763581183611533,0.8995990177489043,3230,0.8701508620689655,0.9084275970822107,False,"npv,leak_rate,leak_abs"
32173,0.9764188163884674,0.8996052590681628,3230,0.8701508620689655,0.9084977560049905,False,"npv,leak_rate,leak_abs"
32175,0.9764795144157815,0.8996114996114997,3230,0.8701508620689655,0.9085343448292581,False,"npv,leak_rate,leak_abs"
32176,0.9765098634294386,0.899583540527101,3231,0.8704202586206896,0.9087384431365777,False,"npv,leak_rate,leak_abs"
32177,0.9765402124430956,0.8995555831805326,3232,0.8706896551724138,0.9088659371547606,False,"npv,leak_rate,leak_abs"
32179,0.9766009104704098,0.8994996737002393,3234,0.8712284482758621,0.9089016458287924,False,"npv,leak_rate,leak_abs"
32185,0.976783004552352,0.8993941276992388,3238,0.8723060344827587,0.9089230875460655,False,"npv,leak_rate,leak_abs"
32186,0.9768133535660091,0.8993972534642392,3238,0.8723060344827587,0.9089816980553002,False,"npv,leak_rate,leak_abs"
32189,0.9769044006069802,0.8993755630805554,3239,0.8725754310344828,0.909233563946439,False,"npv,leak_rate,leak_abs"
32191,0.9769650986342944,0.8993818147929545,3239,0.8725754310344828,0.9093360197870084,False,"npv,leak_rate,leak_abs"
32192,0.9769954476479514,0.8993849403578529,3239,0.8725754310344828,0.9094244261698738,False,"npv,leak_rate,leak_abs"
32194,0.9770561456752656,0.8993601292166242,3240,0.8728448275862069,0.9096190922651637,False,"npv,leak_rate,leak_abs"
32195,0.9770864946889226,0.8993321944401305,3241,0.873114224137931,0.9096509227249048,False,"npv,leak_rate,leak_abs"
32196,0.9771168437025797,0.8993042613989315,3242,0.8733836206896551,0.909931414839219,False,"npv,leak_rate,leak_abs"
32198,0.9771775417298938,0.8993105161811292,3242,0.8733836206896551,0.9099554238158684,False,"npv,leak_rate,leak_abs"
32200,0.9772382397572079,0.8992857142857142,3243,0.8736530172413793,0.910426990628925,False,"npv,leak_rate,leak_abs"
32202,0.977298937784522,0.8992919694428917,3243,0.8736530172413793,0.910458312780806,False,"npv,leak_rate,leak_abs"
32203,0.9773292867981791,0.8992640437226346,3244,0.8739224137931034,0.910572305244411,False,"npv,leak_rate,leak_abs"
32205,0.9773899848254932,0.8992081974848626,3246,0.8744612068965517,0.9106362288735598,False,"npv,leak_rate,leak_abs"
32220,0.977845220030349,0.8989137181874612,3257,0.8774245689655172,0.9106438904365901,False,"npv,leak_rate,leak_abs"
32221,0.9778755690440061,0.8988858198069581,3258,0.8776939655172413,0.9106911178877303,False,"npv,leak_rate,leak_abs"
32225,0.9779969650986343,0.8988052754072925,3261,0.8785021551724138,0.9108218648591665,False,"npv,leak_rate,leak_abs"
32237,0.9783611532625189,0.8986568229053572,3267,0.8801185344827587,0.9111372669430877,False,"npv,leak_rate,leak_abs"
32239,0.9784218512898331,0.8986010732342815,3269,0.8806573275862069,0.9111976526592961,False,"npv,leak_rate,leak_abs"
32242,0.9785128983308042,0.8985794925873085,3270,0.880926724137931,0.9112112804256957,False,"npv,leak_rate,leak_abs"
32249,0.9787253414264037,0.8984774721696797,3274,0.8820043103448276,0.9112851401837231,False,"npv,leak_rate,leak_abs"
32252,0.9788163884673748,0.8984559097110256,3275,0.8822737068965517,0.9113281281112228,False,"npv,leak_rate,leak_abs"
32257,0.9789681335356601,0.8984096475183682,3277,0.8828125,0.9113973659867503,False,"npv,leak_rate,leak_abs"
32259,0.9790288315629742,0.8983539477355157,3279,0.8833512931034483,0.911530204985312,False,"npv,leak_rate,leak_abs"
32261,0.9790895295902883,0.8983292520380646,3280,0.8836206896551724,0.9115545730516208,False,"npv,leak_rate,leak_abs"
32263,0.9791502276176024,0.8982735641446858,3282,0.8841594827586207,0.911706768207253,False,"npv,leak_rate,leak_abs"
32274,0.9794840667678301,0.898091342876619,3289,0.8860452586206896,0.9119281499052463,False,"npv,leak_rate,leak_abs"
32291,0.98,0.8977733733857731,3301,0.8892780172413793,0.9119954865313195,False,"npv,leak_rate,leak_abs"
32295,0.9801213960546282,0.897724105898746,3303,0.8898168103448276,0.9120253155380257,False,"npv,leak_rate,leak_abs"
32301,0.9803034901365706,0.8976502275471347,3306,0.890625,0.912186170859793,False,"npv,leak_rate,leak_abs"
32302,0.9803338391502276,0.8976533960745464,3306,0.890625,0.9123880181821004,False,"npv,leak_rate,leak_abs"
32315,0.9807283763277693,0.8974160606529475,3315,0.8930495689655172,0.9124539696098222,False,"npv,leak_rate,leak_abs"
32318,0.9808194233687405,0.8973946407574727,3316,0.8933189655172413,0.9125812699603895,False,"npv,leak_rate,leak_abs"
32319,0.9808497723823976,0.8973668739750611,3317,0.8935883620689655,0.9126981662393726,False,"npv,leak_rate,leak_abs"
32321,0.9809104704097117,0.8973113455648031,3319,0.8941271551724138,0.9127085742628226,False,"npv,leak_rate,leak_abs"
32323,0.9809711684370258,0.8972867617486001,3320,0.8943965517241379,0.9128536871452789,False,"npv,leak_rate,leak_abs"
32325,0.9810318664643399,0.897262180974478,3321,0.8946659482758621,0.9128805747336564,False,"npv,leak_rate,leak_abs"
32327,0.981092564491654,0.8972685371361401,3321,0.8946659482758621,0.9129792391640281,False,"npv,leak_rate,leak_abs"
32328,0.9811229135053111,0.8972407819846573,3322,0.8949353448275862,0.9129815150980438,False,"npv,leak_rate,leak_abs"
32332,0.9812443095599394,0.8971607076580478,3325,0.8957435344827587,0.9129838103825714,False,"npv,leak_rate,leak_abs"
32333,0.9812746585735963,0.8971638882875081,3325,0.8957435344827587,0.9130404891927768,False,"npv,leak_rate,leak_abs"
32342,0.9815477996965098,0.8969760682703605,3332,0.8976293103448276,0.9131486812730955,False,"npv,leak_rate,leak_abs"
32343,0.9815781487101669,0.8969792536252048,3332,0.8976293103448276,0.9132100368450605,False,"npv,leak_rate,leak_abs"
32346,0.9816691957511381,0.8969888085080072,3332,0.8976293103448276,0.9132101027257026,False,"npv,leak_rate,leak_abs"
32347,0.9816995447647952,0.8969610783071073,3333,0.8978987068965517,0.913261596349253,False,"npv,leak_rate,leak_abs"
32362,0.982154779969651,0.896761634015203,3341,0.9000538793103449,0.9132655495350138,False,"npv,leak_rate,leak_abs"
32367,0.9823065250379363,0.8966231037785398,3346,0.9014008620689655,0.9134597792764393,False,"npv,leak_rate,leak_abs"
32368,0.9823368740515933,0.8966262975778547,3346,0.9014008620689655,0.9135084105638808,False,"npv,leak_rate,leak_abs"
32371,0.9824279210925645,0.896574094096568,3348,0.9019396551724138,0.913577325319603,False,"npv,leak_rate,leak_abs"
32372,0.9824582701062216,0.8965772890151983,3348,0.9019396551724138,0.9136420861722397,False,"npv,leak_rate,leak_abs"
32373,0.9824886191198786,0.8965495937973003,3349,0.9022090517241379,0.9136604854044227,False,"npv,leak_rate,leak_abs"
32379,0.982670713201821,0.896414342629482,3354,0.9035560344827587,0.913689179334876,False,"npv,leak_rate,leak_abs"
32384,0.9828224582701062,0.8963994565217391,3355,0.9038254310344828,0.9139497566563163,False,"npv,leak_rate,leak_abs"
32390,0.9830045523520485,0.8962642790984872,3360,0.9051724137931034,0.9139845675495123,False,"npv,leak_rate,leak_abs"
32393,0.9830955993930197,0.8961812737319791,3363,0.9059806034482759,0.9140055948427044,False,"npv,leak_rate,leak_abs"
32395,0.9831562974203338,0.8961259453619386,3365,0.9065193965517241,0.91403819007689,False,"npv,leak_rate,leak_abs"
32399,0.9832776934749621,0.8960461742646378,3368,0.9073275862068966,0.9140642523256485,False,"npv,leak_rate,leak_abs"
32416,0.983793626707132,0.8957305034550839,3380,0.9105603448275862,0.9141085816111244,False,"npv,leak_rate,leak_abs"
32418,0.9838543247344461,0.8957369362699734,3380,0.9105603448275862,0.9141608972687487,False,"npv,leak_rate,leak_abs"
32419,0.9838846737481032,0.8957401523797773,3380,0.9105603448275862,0.9142974013122936,False,"npv,leak_rate,leak_abs"
32420,0.9839150227617602,0.895712523133868,3381,0.9108297413793104,0.9144646140972351,False,"npv,leak_rate,leak_abs"
32422,0.9839757207890744,0.8956881130096848,3382,0.9110991379310345,0.9146335292825101,False,"npv,leak_rate,leak_abs"
32424,0.9840364188163885,0.8956637058968665,3383,0.9113685344827587,0.9146636694715109,False,"npv,leak_rate,leak_abs"
32430,0.9842185128983308,0.8955596669750231,3387,0.9124461206896551,0.9146941650680336,False,"npv,leak_rate,leak_abs"
32432,0.984279210925645,0.8955352738036507,3388,0.9127155172413793,0.9147368480078848,False,"npv,leak_rate,leak_abs"
32454,0.9849468892261002,0.8952671473470142,3399,0.9156788793103449,0.9154158001125062,False,"npv,leak_rate,leak_abs"
32460,0.9851289833080424,0.8951632778804682,3403,0.9167564655172413,0.9155043132996112,False,"npv,leak_rate,leak_abs"
32466,0.9853110773899848,0.894997843898232,3409,0.9183728448275862,0.9158523384932302,False,"npv,leak_rate,leak_abs"
32468,0.9853717754172989,0.8949735123814218,3410,0.9186422413793104,0.915922949651625,False,"npv,leak_rate,leak_abs"
32476,0.9856145675265554,0.8948762162827935,3414,0.9197198275862069,0.915932783493613,False,"npv,leak_rate,leak_abs"
32477,0.9856449165402125,0.8948486621301228,3415,0.919989224137931,0.9159340671932006,False,"npv,leak_rate,leak_abs"
32490,0.9860394537177541,0.8946752847029855,3422,0.921875,0.9161557405367888,False,"npv,leak_rate,leak_abs"
32492,0.9861001517450683,0.894681767819771,3422,0.921875,0.9162698281905449,False,"npv,leak_rate,leak_abs"
32493,0.9861305007587253,0.8946542332194627,3423,0.9221443965517241,0.9162902927872729,False,"npv,leak_rate,leak_abs"
32494,0.9861608497723824,0.8946574752261957,3423,0.9221443965517241,0.916424649075244,False,"npv,leak_rate,leak_abs"
32509,0.9866160849772383,0.8944599956935002,3431,0.9242995689655172,0.9166269414713968,False,"npv,leak_rate,leak_abs"
32511,0.9866767830045523,0.8944357294454185,3432,0.9245689655172413,0.9168673064905838,False,"npv,leak_rate,leak_abs"
32514,0.9867678300455235,0.8944454696438457,3432,0.9245689655172413,0.916895366189055,False,"npv,leak_rate,leak_abs"
32516,0.9868285280728376,0.8943904539303728,3434,0.9251077586206896,0.9169269758782097,False,"npv,leak_rate,leak_abs"
32517,0.9868588770864947,0.8943629486114956,3435,0.9253771551724138,0.9176174092488096,False,"npv,leak_rate,leak_abs"
32520,0.9869499241274658,0.8943111931119311,3437,0.9259159482758621,0.91774871487527,False,"npv,leak_rate,leak_abs"
32528,0.9871927162367223,0.894091244466306,3445,0.9280711206896551,0.9178479889436555,False,"npv,leak_rate,leak_abs"
32529,0.9872230652503794,0.8940637584924221,3446,0.9283405172413793,0.9180554338404044,False,"npv,leak_rate,leak_abs"
32530,0.9872534142640365,0.894036274208423,3447,0.9286099137931034,0.9181848011324207,False,"npv,leak_rate,leak_abs"
32531,0.9872837632776935,0.8940087916141527,3448,0.9288793103448276,0.9183056270603586,False,"npv,leak_rate,leak_abs"
32532,0.9873141122913506,0.8940120496741669,3448,0.9288793103448276,0.9184898153864581,False,"npv,leak_rate,leak_abs"
32541,0.987587253414264,0.8937647890353707,3457,0.9313038793103449,0.9188056511664004,False,"npv,leak_rate,leak_abs"
32543,0.9876479514415781,0.8937098607995575,3459,0.9318426724137931,0.9189220545766352,False,"npv,leak_rate,leak_abs"
32545,0.9877086494688923,0.8936549393147949,3461,0.9323814655172413,0.9190816691149968,False,"npv,leak_rate,leak_abs"
32547,0.9877693474962064,0.8936614741758073,3461,0.9323814655172413,0.9191286579063572,False,"npv,leak_rate,leak_abs"
32548,0.9877996965098634,0.8936340174511491,3462,0.9326508620689655,0.9191482737830557,False,"npv,leak_rate,leak_abs"
32549,0.9878300455235205,0.8936372853236658,3462,0.9326508620689655,0.9194912131972007,False,"npv,leak_rate,leak_abs"
32550,0.9878603945371776,0.8936098310291859,3463,0.9329202586206896,0.9196542142891317,False,"npv,leak_rate,leak_abs"
32553,0.9879514415781487,0.893527478266212,3466,0.9337284482758621,0.9198061689230264,False,"npv,leak_rate,leak_abs"
32558,0.988103186646434,0.8934824006388599,3468,0.9342672413793104,0.920167650500162,False,"npv,leak_rate,leak_abs"
32559,0.9881335356600911,0.8934549586903775,3469,0.9345366379310345,0.9202294453246141,False,"npv,leak_rate,leak_abs"
32560,0.988163884673748,0.893458230958231,3469,0.9345366379310345,0.9204534984067524,False,"npv,leak_rate,leak_abs"
32562,0.9882245827010622,0.8934033536023586,3471,0.9350754310344828,0.9206281607302778,False,"npv,leak_rate,leak_abs"
32563,0.9882549317147192,0.8933759174523231,3472,0.9353448275862069,0.9208445315091212,False,"npv,leak_rate,leak_abs"
32564,0.9882852807283763,0.8933791917454859,3472,0.9353448275862069,0.9209031981185938,False,"npv,leak_rate,leak_abs"
32565,0.9883156297420334,0.8933517580224167,3473,0.935614224137931,0.9210448752465695,False,"npv,leak_rate,leak_abs"
32567,0.9883763277693475,0.8933583074891761,3473,0.935614224137931,0.9210721891847168,False,"npv,leak_rate,leak_abs"
32568,0.9884066767830045,0.8933308769344142,3474,0.9358836206896551,0.9212655831510274,False,"npv,leak_rate,leak_abs"
32569,0.9884370257966616,0.89330344806411,3475,0.9361530172413793,0.9213994978666137,False,"npv,leak_rate,leak_abs"
32570,0.9884673748103187,0.8933067239791219,3475,0.9361530172413793,0.9215320812410982,False,"npv,leak_rate,leak_abs"
32573,0.9885584218512898,0.8932551499708348,3477,0.9366918103448276,0.9216306385965123,False,"npv,leak_rate,leak_abs"
32577,0.9886798179059181,0.8931454707308838,3481,0.9377693965517241,0.9218382414688643,False,"npv,leak_rate,leak_abs"
32579,0.9887405159332322,0.8930906412105958,3483,0.9383081896551724,0.9218543480773267,False,"npv,leak_rate,leak_abs"
32582,0.9888315629742034,0.8930391013443005,3485,0.9388469827586207,0.9218549306134084,False,"npv,leak_rate,leak_abs"
32583,0.9888619119878604,0.8930423840653101,3485,0.9388469827586207,0.9219263516738315,False,"npv,leak_rate,leak_abs"
32591,0.9891047040971168,0.8928845386763217,3491,0.9404633620689655,0.9220114844792383,False,"npv,leak_rate,leak_abs"
32594,0.989195751138088,0.8928330367552311,3493,0.9410021551724138,0.9224327317934726,False,"npv,leak_rate,leak_abs"
32598,0.9893171471927162,0.8927234799680962,3497,0.9420797413793104,0.9224353602526794,False,"npv,leak_rate,leak_abs"
32600,0.9893778452200304,0.8926993865030675,3498,0.9423491379310345,0.922445444070718,False,"npv,leak_rate,leak_abs"
32601,0.9894081942336874,0.8927026778319683,3498,0.9423491379310345,0.9224747394412927,False,"npv,leak_rate,leak_abs"
32607,0.9895902883156298,0.8926304167816727,3501,0.9431573275862069,0.9224920941392454,False,"npv,leak_rate,leak_abs"
32608,0.9896206373292868,0.8926337095191365,3501,0.9431573275862069,0.922542980708119,False,"npv,leak_rate,leak_abs"
32609,0.9896509863429439,0.8926063356742003,3502,0.943426724137931,0.9226051041852502,False,"npv,leak_rate,leak_abs"
32611,0.9897116843702579,0.8925822575204686,3503,0.9436961206896551,0.9228640906998098,False,"npv,leak_rate,leak_abs"
32613,0.989772382397572,0.8925275197007329,3505,0.9442349137931034,0.9228934624566933,False,"npv,leak_rate,leak_abs"
32614,0.9898027314112291,0.8925001533083952,3506,0.9445043103448276,0.9229696034321012,False,"npv,leak_rate,leak_abs"
32615,0.9898330804248862,0.8924727885942051,3507,0.9447737068965517,0.9229955883688657,False,"npv,leak_rate,leak_abs"
32617,0.9898937784522003,0.8924180641996505,3509,0.9453125,0.9230087981358883,False,"npv,leak_rate,leak_abs"
32621,0.9900151745068285,0.8923086355415223,3513,0.9463900862068966,0.9230429206886273,False,"npv,leak_rate,leak_abs"
32622,0.9900455235204856,0.8923119367298142,3513,0.9463900862068966,0.9230679464537558,False,"npv,leak_rate,leak_abs"
32624,0.9901062215477997,0.8922878862187347,3514,0.9466594827586207,0.9232209490777572,False,"npv,leak_rate,leak_abs"
32626,0.9901669195751138,0.8922638386562864,3515,0.9469288793103449,0.9233603338074576,False,"npv,leak_rate,leak_abs"
32627,0.9901972685887709,0.8922364912495786,3516,0.947198275862069,0.9234814850245764,False,"npv,leak_rate,leak_abs"
32637,0.9905007587253414,0.8920856696387536,3522,0.9488146551724138,0.9235394889787428,False,"npv,leak_rate,leak_abs"
32639,0.9905614567526555,0.8920616440454671,3523,0.9490840517241379,0.9237001882561792,False,"npv,leak_rate,leak_abs"
32644,0.9907132018209408,0.8919862761916432,3526,0.9498922413793104,0.9237115083323072,False,"npv,leak_rate,leak_abs"
32645,0.9907435508345979,0.8919589523663655,3527,0.9501616379310345,0.9243041682096766,False,"npv,leak_rate,leak_abs"
32655,0.9910470409711685,0.8917470525187567,3535,0.9523168103448276,0.9243177236324709,False,"npv,leak_rate,leak_abs"
32664,0.9913201820940819,0.8916238060249816,3540,0.9536637931034483,0.9246376568456961,False,"npv,leak_rate,leak_abs"
32665,0.991350531107739,0.8916271238328486,3540,0.9536637931034483,0.9258347030228768,False,"npv,leak_rate,leak_abs"
32668,0.9914415781487101,0.891545243051304,3543,0.9544719827586207,0.9259692054422852,False,"npv,leak_rate,leak_abs"
32674,0.9916236722306525,0.8915345534675889,3544,0.9547413793103449,0.9261858485609828,False,"npv,leak_rate,leak_abs"
32675,0.9916540212443096,0.8915072685539404,3545,0.955010775862069,0.9262367594669487,False,"npv,leak_rate,leak_abs"
32676,0.9916843702579666,0.89151058881136,3545,0.955010775862069,0.9262865592236195,False,"npv,leak_rate,leak_abs"
32678,0.9917450682852808,0.8914866270885611,3546,0.9552801724137931,0.926312975942148,False,"npv,leak_rate,leak_abs"
32688,0.9920485584218512,0.8913974547234459,3550,0.9563577586206896,0.9264080939886233,False,"npv,leak_rate,leak_abs"
32689,0.9920789074355083,0.8913701856893756,3551,0.9566271551724138,0.926513359482058,False,"npv,leak_rate,leak_abs"
32691,0.9921396054628224,0.89137683154385,3551,0.9566271551724138,0.9265187438553619,False,"npv,leak_rate,leak_abs"
32692,0.9921699544764795,0.8913495656429707,3552,0.9568965517241379,0.9265941533258091,False,"npv,leak_rate,leak_abs"
32694,0.9922306525037936,0.8913256254970331,3553,0.9571659482758621,0.9266127975077073,False,"npv,leak_rate,leak_abs"
32695,0.9922610015174507,0.8912983636641688,3554,0.9574353448275862,0.9266160075451136,False,"npv,leak_rate,leak_abs"
32696,0.9922913505311077,0.891301688279912,3554,0.9574353448275862,0.9267117598445206,False,"npv,leak_rate,leak_abs"
32697,0.9923216995447648,0.8912744288466832,3555,0.9577047413793104,0.9267567824721267,False,"npv,leak_rate,leak_abs"
32698,0.9923520485584219,0.8912471710808001,3556,0.9579741379310345,0.9270359274520731,False,"npv,leak_rate,leak_abs"
32700,0.992412746585736,0.891223241590214,3557,0.9582435344827587,0.9270426409568273,False,"npv,leak_rate,leak_abs"
32702,0.9924734446130501,0.8911687358571341,3559,0.9587823275862069,0.9271965359995089,False,"npv,leak_rate,leak_abs"
32704,0.9925341426403642,0.8911142367906066,3561,0.9593211206896551,0.9273852279460799,False,"npv,leak_rate,leak_abs"
32706,0.9925948406676783,0.8910597443894087,3563,0.9598599137931034,0.92740809695643,False,"npv,leak_rate,leak_abs"
32707,0.9926251896813354,0.8910630751826826,3563,0.9598599137931034,0.9274348969335552,False,"npv,leak_rate,leak_abs"
32708,0.9926555386949925,0.8910358322123028,3564,0.9601293103448276,0.9274476918243697,False,"npv,leak_rate,leak_abs"
32710,0.9927162367223066,0.8909813512687251,3566,0.9606681034482759,0.9275974316726192,False,"npv,leak_rate,leak_abs"
32711,0.9927465857359635,0.8909541132952218,3567,0.9609375,0.9278760295926464,False,"npv,leak_rate,leak_abs"
32713,0.9928072837632776,0.8909302112310091,3568,0.9612068965517241,0.927962513398172,False,"npv,leak_rate,leak_abs"
32716,0.9928983308042488,0.8909096466560704,3569,0.9614762931034483,0.9285151365249436,False,"npv,leak_rate,leak_abs"
32718,0.992959028831563,0.8908857509627728,3570,0.9617456896551724,0.9286006381370285,False,"npv,leak_rate,leak_abs"
32722,0.9930804248861912,0.8908379683393436,3572,0.9622844827586207,0.9288765813856751,False,"npv,leak_rate,leak_abs"
32725,0.9931714719271624,0.8907868601986249,3574,0.962823275862069,0.9288936419831942,False,"npv,leak_rate,leak_abs"
32727,0.9932321699544765,0.8907935343905644,3574,0.962823275862069,0.9290193771140901,False,"npv,leak_rate,leak_abs"
32728,0.9932625189681336,0.8907663163040821,3575,0.9630926724137931,0.9290304837689995,False,"npv,leak_rate,leak_abs"
32730,0.9933232169954477,0.8907424381301559,3576,0.9633620689655172,0.9291836981455716,False,"npv,leak_rate,leak_abs"
32732,0.9933839150227618,0.8906880117316388,3578,0.9639008620689655,0.9292979515020672,False,"npv,leak_rate,leak_abs"
32733,0.9934142640364189,0.890660801026487,3579,0.9641702586206896,0.929482415269377,False,"npv,leak_rate,leak_abs"
32735,0.993474962063733,0.8906674812891401,3579,0.9641702586206896,0.9295856022690154,False,"npv,leak_rate,leak_abs"
32736,0.9935053110773899,0.8906708211143695,3579,0.9641702586206896,0.9296243664441852,False,"npv,leak_rate,leak_abs"
32738,0.993566009104704,0.8906164090659173,3581,0.9647090517241379,0.9299569161542541,False,"npv,leak_rate,leak_abs"
32739,0.9935963581183611,0.8905892055346835,3582,0.9649784482758621,0.9299940951859731,False,"npv,leak_rate,leak_abs"
32740,0.9936267071320182,0.8905925473427001,3582,0.9649784482758621,0.9302093639226504,False,"npv,leak_rate,leak_abs"
32746,0.9938088012139605,0.890490441580651,3586,0.9660560344827587,0.9303137754685512,False,"npv,leak_rate,leak_abs"
32750,0.9939301972685888,0.890381679389313,3590,0.9671336206896551,0.9303207982377136,False,"npv,leak_rate,leak_abs"
32757,0.9941426403641882,0.8902829929480721,3594,0.9682112068965517,0.9305868115273399,False,"npv,leak_rate,leak_abs"
32758,0.9941729893778453,0.8902863422675377,3594,0.9682112068965517,0.9310338112478707,False,"npv,leak_rate,leak_abs"
32761,0.9942640364188164,0.8902048167027868,3597,0.9690193965517241,0.9311226138963584,False,"npv,leak_rate,leak_abs"
32762,0.9942943854324734,0.8901776448324278,3598,0.9692887931034483,0.9311651769910054,False,"npv,leak_rate,leak_abs"
32763,0.9943247344461305,0.8901504746207612,3599,0.9695581896551724,0.9314451686068527,False,"npv,leak_rate,leak_abs"
32764,0.9943550834597875,0.8901233060676352,3600,0.9698275862068966,0.9316167723541326,False,"npv,leak_rate,leak_abs"
32765,0.9943854324734446,0.8901266595452465,3600,0.9698275862068966,0.9316880709125749,False,"npv,leak_rate,leak_abs"
32775,0.9946889226100152,0.8899466056445462,3607,0.9717133620689655,0.9317487768287139,False,"npv,leak_rate,leak_abs"
32776,0.9947192716236722,0.8899499633878447,3607,0.9717133620689655,0.9319094903641275,False,"npv,leak_rate,leak_abs"
32780,0.9948406676783005,0.8898718730933496,3610,0.9725215517241379,0.9319871039659297,False,"npv,leak_rate,leak_abs"
32781,0.9948710166919575,0.8898447271285196,3611,0.9727909482758621,0.9320974279105029,False,"npv,leak_rate,leak_abs"
32783,0.9949317147192717,0.8898514473965164,3611,0.9727909482758621,0.9322556842971176,False,"npv,leak_rate,leak_abs"
32795,0.9952959028831563,0.8896478121664888,3619,0.9749461206896551,0.9323985388633885,False,"npv,leak_rate,leak_abs"
32798,0.9953869499241275,0.8896274163058723,3620,0.9752155172413793,0.9324033384279207,False,"npv,leak_rate,leak_abs"
32802,0.9955083459787557,0.8895189317724529,3624,0.9762931034482759,0.9324453613349393,False,"npv,leak_rate,leak_abs"
32803,0.9955386949924128,0.8895222997896534,3624,0.9762931034482759,0.9328645577243424,False,"npv,leak_rate,leak_abs"
32805,0.9955993930197269,0.8894985520499924,3625,0.9765625,0.9331040403414474,False,"npv,leak_rate,leak_abs"
32813,0.9958421851289833,0.8893426385883644,3631,0.9781788793103449,0.9331787545347034,False,"npv,leak_rate,leak_abs"
32814,0.9958725341426403,0.8893155360516852,3632,0.978448275862069,0.9331966390523506,False,"npv,leak_rate,leak_abs"
32819,0.9960242792109256,0.8893019287607788,3633,0.9787176724137931,0.9332739840526103,False,"npv,leak_rate,leak_abs"
32821,0.9960849772382397,0.8892477377288931,3635,0.9792564655172413,0.9333606164919624,False,"npv,leak_rate,leak_abs"
32827,0.9962670713201821,0.8891765924391507,3638,0.9800646551724138,0.9337019220438953,False,"npv,leak_rate,leak_abs"
32834,0.9964795144157815,0.8890783943473229,3642,0.9811422413793104,0.933901215237054,False,"npv,leak_rate,leak_abs"
32842,0.9967223065250379,0.8889227209061568,3648,0.9827586206896551,0.9340382419187042,False,"npv,leak_rate,leak_abs"
32847,0.9968740515933232,0.8888178524675009,3652,0.9838362068965517,0.9340648920982546,False,"npv,leak_rate,leak_abs"
32854,0.9970864946889226,0.8886893528946247,3657,0.9851831896551724,0.9343739482863076,False,"npv,leak_rate,leak_abs"
32856,0.9971471927162368,0.8886656927197468,3658,0.9854525862068966,0.9347340904449246,False,"npv,leak_rate,leak_abs"
32857,0.9971775417298938,0.8886690811699182,3658,0.9854525862068966,0.9348014316562208,False,"npv,leak_rate,leak_abs"
32866,0.9974506828528072,0.8885474350392503,3663,0.9867995689655172,0.9350581941588995,False,"npv,leak_rate,leak_abs"
32868,0.9975113808801214,0.8885542168674698,3663,0.9867995689655172,0.9351892450047475,False,"npv,leak_rate,leak_abs"
32870,0.9975720789074355,0.88850015211439,3665,0.9873383620689655,0.9352377633387426,False,"npv,leak_rate,leak_abs"
32877,0.9977845220030349,0.8883718100799951,3670,0.9886853448275862,0.9353553582376906,False,"npv,leak_rate,leak_abs"
32885,0.9980273141122914,0.8882165120875779,3676,0.990301724137931,0.9355935464305758,False,"npv,leak_rate,leak_abs"
32886,0.9980576631259485,0.8881895031320318,3677,0.9905711206896551,0.9359048253374006,False,"npv,leak_rate,leak_abs"
32891,0.9982094081942336,0.8881152898969323,3680,0.9913793103448276,0.936321002465308,False,"npv,leak_rate,leak_abs"
32892,0.9982397572078907,0.8880882889456403,3681,0.9916487068965517,0.936602772551861,False,"npv,leak_rate,leak_abs"
32896,0.998361153262519,0.8880410992217899,3683,0.9921875,0.9366840163199595,False,"npv,leak_rate,leak_abs"
32897,0.998391502276176,0.8880141046296015,3684,0.9924568965517241,0.936761613572586,False,"npv,leak_rate,leak_abs"
32902,0.9985432473444613,0.8879095495714546,3688,0.9935344827586207,0.9367706696109604,False,"npv,leak_rate,leak_abs"
32905,0.9986342943854325,0.8878589879957454,3690,0.994073275862069,0.9373184845233802,False,"npv,leak_rate,leak_abs"
32909,0.9987556904400607,0.8877814579598287,3693,0.9948814655172413,0.9373712156424757,False,"npv,leak_rate,leak_abs"
32911,0.9988163884673749,0.887757892497949,3694,0.9951508620689655,0.9374798003021219,False,"npv,leak_rate,leak_abs"
32919,0.9990591805766312,0.8876636592849114,3698,0.9962284482758621,0.9374877692737373,False,"npv,leak_rate,leak_abs"
32922,0.9991502276176024,0.887643521049754,3699,0.9964978448275862,0.9375258910536541,False,"npv,leak_rate,leak_abs"
32930,0.9993930197268589,0.8875493470999088,3703,0.9975754310344828,0.9389538095907856,False,"npv,leak_rate,leak_abs"
32934,0.9995144157814871,0.887532641039655,3704,0.9978448275862069,0.9392003960278242,False,"npv,leak_rate,leak_abs"
32935,0.9995447647951442,0.8875360558676181,3704,0.9978448275862069,0.9393917136966401,False,"npv,leak_rate,leak_abs"
32941,0.9997268588770865,0.8874958258704957,3706,0.9983836206896551,0.9401492317841393,False,"npv,leak_rate,leak_abs"
32944,0.9998179059180576,0.8874453618261292,3708,0.9989224137931034,0.9407800151375763,False,"npv,leak_rate,leak_abs"
32946,0.9998786039453718,0.8874218418017362,3709,0.9991918103448276,0.9411291535563093,False,"npv,leak_rate,leak_abs"
32948,0.9999393019726859,0.8873679737768605,3711,0.9997306034482759,0.9411424559725272,False,"npv,leak_rate,leak_abs"
32950,1.0,0.8873444613050075,3712,1.0,0.9411424559725273,False,"npv,leak_rate,leak_abs"
