band_size,band_fraction,precision,positives_in_band,recall,threshold,feasible,binding
2,6.069802731411229e-05,0.5,1,0.00026939655172413793,0.9411291535563093,False,support
4,0.00012139605462822458,0.75,3,0.0008081896551724138,0.9407800151375763,False,support
6,0.00018209408194233686,0.6666666666666666,4,0.0010775862068965517,0.9401492317841393,False,support
9,0.0002731411229135053,0.6666666666666666,6,0.0016163793103448276,0.9393917136966402,False,support
15,0.0004552352048558422,0.5333333333333333,8,0.0021551724137931034,0.9392003960278245,False,support
16,0.0004855842185128983,0.5,8,0.0021551724137931034,0.9389538095907853,False,support
20,0.0006069802731411229,0.45,9,0.0024245689655172415,0.9375258910536541,False,support
28,0.0008497723823975721,0.4642857142857143,13,0.003502155172413793,0.9374877692737376,False,support
31,0.0009408194233687405,0.45161290322580644,14,0.003771551724137931,0.9374798003021216,False,support
39,0.0011836115326251896,0.46153846153846156,18,0.004849137931034483,0.9373712156424758,False,support
41,0.001244309559939302,0.4634146341463415,19,0.0051185344827586205,0.9373184845233803,False,support
45,0.0013657056145675265,0.4888888888888889,22,0.005926724137931034,0.9367706696109604,False,support
48,0.001456752655538695,0.5,24,0.00646551724137931,0.936761613572586,False,support
53,0.0016084977238239758,0.5283018867924528,28,0.007543103448275862,0.9366840163199595,False,support
54,0.0016388467374810318,0.5370370370370371,29,0.0078125,0.9366027725518608,False,support
58,0.0017602427921092564,0.5344827586206896,31,0.008351293103448275,0.9363210024653081,False,support
59,0.0017905918057663126,0.5423728813559322,32,0.008620689655172414,0.9359048253374006,False,support
64,0.0019423368740515933,0.546875,35,0.009428879310344827,0.9355935464305758,False,support
65,0.0019726858877086493,0.5538461538461539,36,0.009698275862068966,0.9353553582376906,False,support
73,0.0022154779969650986,0.5753424657534246,42,0.011314655172413793,0.9352377633387426,False,support
80,0.0024279210925644916,0.5875,47,0.012661637931034482,0.9351892450047475,True,
82,0.002488619119878604,0.5975609756097561,49,0.013200431034482759,0.9350581941588995,True,
84,0.002549317147192716,0.5833333333333334,49,0.013200431034482759,0.9348014316562208,True,
93,0.0028224582701062216,0.5806451612903226,54,0.014547413793103448,0.9347340904449246,True,
94,0.002852807283763278,0.574468085106383,54,0.014547413793103448,0.9343739482863076,True,
96,0.00291350531107739,0.5729166666666666,55,0.014816810344827586,0.9340648920982543,True,
103,0.003125948406676783,0.5825242718446602,60,0.016163793103448277,0.9340382419187042,True,
108,0.0032776934749620635,0.5925925925925926,64,0.017241379310344827,0.933901215237054,True,
116,0.003520485584218513,0.603448275862069,70,0.018857758620689655,0.9337019220438953,True,
123,0.003732928679817906,0.6016260162601627,74,0.01993534482758621,0.9333606164919622,True,
129,0.003915022761760243,0.5968992248062015,77,0.020743534482758622,0.9332739840526103,True,
131,0.003975720789074355,0.6030534351145038,79,0.021282327586206896,0.9331966390523507,True,
136,0.004127465857359636,0.5882352941176471,80,0.021551724137931036,0.9331787545347034,True,
137,0.004157814871016692,0.5912408759124088,81,0.021821120689655173,0.9331040403414474,True,
145,0.004400606980273141,0.6,87,0.0234375,0.9328645577243424,True,
147,0.004461305007587253,0.5986394557823129,88,0.023706896551724137,0.9324453613349392,True,
148,0.00449165402124431,0.5945945945945946,88,0.023706896551724137,0.9324033384279204,True,
152,0.004613050075872534,0.6052631578947368,92,0.02478448275862069,0.9323985388633885,True,
155,0.004704097116843702,0.6,93,0.025053879310344827,0.9322556842971177,True,
167,0.005068285280728376,0.6047904191616766,101,0.02720905172413793,0.9320974279105029,True,
169,0.005128983308042488,0.5976331360946746,101,0.02720905172413793,0.9319871039659298,True,
170,0.005159332321699545,0.6,102,0.02747844827586207,0.9319094903641275,True,
174,0.0052807283763277695,0.603448275862069,105,0.028286637931034482,0.9317487768287139,True,
175,0.005311077389984826,0.6,105,0.028286637931034482,0.9316880709125749,True,
185,0.005614567526555387,0.6054054054054054,112,0.03017241379310345,0.9316167723541328,True,
186,0.005644916540212443,0.6021505376344086,112,0.03017241379310345,0.9314451686068524,True,
187,0.005675265553869499,0.6042780748663101,113,0.030441810344827586,0.9311651769910054,True,
188,0.005705614567526556,0.6063829787234043,114,0.030711206896551723,0.9311226138963584,True,
189,0.005735963581183612,0.6084656084656085,115,0.030980603448275863,0.9310338112478709,True,
192,0.00582701062215478,0.6145833333333334,118,0.03178879310344827,0.9305868115273399,True,
193,0.005857359635811836,0.6113989637305699,118,0.03178879310344827,0.9303207982377136,True,
200,0.006069802731411229,0.61,122,0.03286637931034483,0.930313775468551,True,
204,0.006191198786039453,0.6176470588235294,126,0.03394396551724138,0.9302093639226506,True,
210,0.006373292867981791,0.6190476190476191,130,0.03502155172413793,0.9299940951859731,True,
211,0.006403641881638847,0.6161137440758294,130,0.03502155172413793,0.9299569161542541,True,
212,0.006433990895295903,0.6179245283018868,131,0.03529094827586207,0.9296243664441854,True,
214,0.0064946889226100155,0.6214953271028038,133,0.035829741379310345,0.9295856022690154,True,
215,0.006525037936267072,0.6186046511627907,133,0.035829741379310345,0.929482415269377,True,
217,0.006585735963581183,0.6129032258064516,133,0.035829741379310345,0.9292979515020672,True,
218,0.0066160849772382395,0.6146788990825688,134,0.03609913793103448,0.9291836981455713,True,
220,0.006676783004552352,0.6181818181818182,136,0.036637931034482756,0.9290304837689995,True,
222,0.006737481031866464,0.6171171171171171,137,0.0369073275862069,0.92901937711409,True,
223,0.006767830045523521,0.6188340807174888,138,0.037176724137931036,0.9288936419831942,True,
225,0.006828528072837633,0.6133333333333333,138,0.037176724137931036,0.9288765813856751,True,
228,0.006919575113808801,0.6140350877192983,140,0.03771551724137931,0.9286006381370285,True,
232,0.007040971168437026,0.6120689655172413,142,0.03825431034482758,0.9285151365249436,True,
234,0.007101669195751138,0.6111111111111112,143,0.03852370689655173,0.927962513398172,True,
237,0.007192716236722307,0.6075949367088608,144,0.03879310344827586,0.9278760295926464,True,
239,0.007253414264036419,0.606694560669456,145,0.0390625,0.9275974316726193,True,
240,0.007283763277693475,0.6083333333333333,146,0.03933189655172414,0.9274476918243699,True,
242,0.007344461305007587,0.6115702479338843,148,0.03987068965517242,0.9274348969335552,True,
243,0.007374810318664643,0.6131687242798354,149,0.040140086206896554,0.92740809695643,True,
244,0.007405159332321699,0.610655737704918,149,0.040140086206896554,0.9273852279460799,True,
246,0.007465857359635812,0.6138211382113821,151,0.04067887931034483,0.9271965359995089,True,
248,0.007526555386949924,0.6169354838709677,153,0.0412176724137931,0.9270426409568273,True,
250,0.007587253414264037,0.62,155,0.04175646551724138,0.9270359274520729,True,
252,0.007647951441578149,0.6190476190476191,156,0.04202586206896552,0.9267567824721267,True,
253,0.0076783004552352044,0.6205533596837944,157,0.042295258620689655,0.9267117598445206,True,
254,0.007708649468892261,0.6220472440944882,158,0.04256465517241379,0.9266160075451136,True,
255,0.007738998482549317,0.6196078431372549,158,0.04256465517241379,0.9266127975077073,True,
256,0.007769347496206373,0.62109375,159,0.04283405172413793,0.9265941533258092,True,
258,0.007830045523520486,0.6201550387596899,160,0.04310344827586207,0.9265187438553618,True,
259,0.007860394537177542,0.6216216216216216,161,0.04337284482758621,0.926513359482058,True,
261,0.007921092564491654,0.6168582375478927,161,0.04337284482758621,0.9264080939886233,True,
262,0.00795144157814871,0.6183206106870229,162,0.043642241379310345,0.926312975942148,True,
272,0.008254931714719272,0.6102941176470589,166,0.0447198275862069,0.9262865592236195,True,
274,0.008315629742033384,0.6094890510948905,167,0.044989224137931036,0.9262367594669487,True,
275,0.00834597875569044,0.6072727272727273,167,0.044989224137931036,0.9261858485609828,True,
276,0.008376327769347497,0.6086956521739131,168,0.04525862068965517,0.925969205442285,True,
282,0.008558421851289834,0.599290780141844,169,0.04552801724137931,0.9258347030228765,True,
285,0.008649468892261002,0.6035087719298246,172,0.04633620689655173,0.9246376568456961,True,
286,0.008679817905918057,0.6013986013986014,172,0.04633620689655173,0.9243177236324709,True,
295,0.008952959028831564,0.6,177,0.04768318965517242,0.9243041682096766,True,
305,0.009256449165402124,0.6065573770491803,185,0.04983836206896552,0.9237115083323072,True,
306,0.009286798179059181,0.6078431372549019,186,0.050107758620689655,0.9237001882561792,True,
311,0.009438543247344462,0.6077170418006431,189,0.05091594827586207,0.9235394889787428,True,
313,0.009499241274658574,0.6070287539936102,190,0.05118534482758621,0.9234814850245764,True,
323,0.009802731411229134,0.6068111455108359,196,0.052801724137931036,0.9233603338074576,True,
324,0.009833080424886191,0.6080246913580247,197,0.05307112068965517,0.9232209490777572,True,
326,0.009893778452200304,0.6073619631901841,198,0.05334051724137931,0.9230679464537558,True,
328,0.009954476479514416,0.6067073170731707,199,0.053609913793103446,0.9230429206886273,True,
329,0.009984825493171472,0.6048632218844985,199,0.053609913793103446,0.9230087981358883,True,
333,0.010106221547799697,0.6096096096096096,203,0.0546875,0.9229955883688656,True,
335,0.010166919575113809,0.6119402985074627,205,0.05522629310344827,0.9229696034321012,True,
336,0.010197268588770864,0.6130952380952381,206,0.05549568965517242,0.9228934624566933,True,
337,0.010227617602427921,0.6142433234421365,207,0.055765086206896554,0.9228640906998098,True,
339,0.010288315629742034,0.616519174041298,209,0.05630387931034483,0.9226051041852502,True,
341,0.010349013657056146,0.6158357771260997,210,0.056573275862068964,0.922542980708119,True,
342,0.010379362670713202,0.6169590643274854,211,0.0568426724137931,0.9224920941392454,True,
343,0.010409711684370259,0.6151603498542274,211,0.0568426724137931,0.9224747394412927,True,
349,0.010591805766312594,0.6131805157593123,214,0.05765086206896552,0.9224454440707179,True,
350,0.010622154779969651,0.6114285714285714,214,0.05765086206896552,0.9224353602526794,True,
352,0.010682852807283764,0.6107954545454546,215,0.057920258620689655,0.9224327317934726,True,
356,0.010804248861911989,0.6151685393258427,219,0.05899784482758621,0.9220114844792383,True,
359,0.010895295902883156,0.6155988857938719,221,0.05953663793103448,0.9219263516738315,True,
367,0.011138088012139606,0.6185286103542235,227,0.06115301724137931,0.9218549306134087,True,
368,0.011168437025796661,0.6168478260869565,227,0.06115301724137931,0.9218543480773269,True,
371,0.01125948406676783,0.6172506738544474,229,0.06169181034482758,0.9218382414688643,True,
373,0.011320182094081942,0.6193029490616622,231,0.06223060344827586,0.9216306385965123,True,
377,0.011441578148710167,0.623342175066313,235,0.06330818965517242,0.9215320812410982,True,
380,0.011532625189681336,0.6236842105263158,237,0.06384698275862069,0.9213994978666138,True,
381,0.011562974203338391,0.6220472440944882,237,0.06384698275862069,0.9212655831510274,True,
382,0.011593323216995447,0.6230366492146597,238,0.06411637931034483,0.9210721891847168,True,
383,0.011623672230652504,0.6240208877284595,239,0.06438577586206896,0.9210448752465693,True,
385,0.011684370257966616,0.6207792207792208,239,0.06438577586206896,0.9209031981185939,True,
386,0.011714719271623672,0.6217616580310881,240,0.06465517241379311,0.9208445315091212,True,
387,0.011745068285280729,0.6201550387596899,240,0.06465517241379311,0.920628160730278,True,
388,0.011775417298937784,0.6211340206185567,241,0.06492456896551724,0.9204534984067524,True,
390,0.011836115326251897,0.6230769230769231,243,0.06546336206896551,0.9202294453246141,True,
391,0.011866464339908954,0.6214833759590793,243,0.06546336206896551,0.920167650500162,True,
392,0.011896813353566009,0.6224489795918368,244,0.06573275862068965,0.9198061689230264,True,
397,0.01204855842185129,0.6196473551637279,246,0.06627155172413793,0.9196542142891317,True,
400,0.012139605462822459,0.6225,249,0.06707974137931035,0.9194912131972007,True,
401,0.012169954476479514,0.6234413965087282,250,0.06734913793103449,0.9191482737830557,True,
402,0.012200303490136571,0.6218905472636815,250,0.06734913793103449,0.9191286579063572,True,
403,0.012230652503793626,0.6228287841191067,251,0.06761853448275862,0.9190816691149968,True,
405,0.012291350531107739,0.6197530864197531,251,0.06761853448275862,0.9189220545766352,True,
407,0.012352048558421851,0.6216216216216216,253,0.06815732758620689,0.9188056511664004,True,
409,0.012412746585735964,0.6234718826405868,255,0.06869612068965517,0.9184898153864581,True,
418,0.012685887708649469,0.631578947368421,264,0.07112068965517242,0.9183056270603586,True,
419,0.012716236722306524,0.630071599045346,264,0.07112068965517242,0.9181848011324207,True,
420,0.012746585735963581,0.6309523809523809,265,0.07139008620689655,0.9180554338404044,True,
421,0.012776934749620637,0.6318289786223278,266,0.07165948275862069,0.9178479889436555,True,
422,0.012807283763277694,0.6327014218009479,267,0.07192887931034483,0.91774871487527,True,
430,0.013050075872534143,0.6395348837209303,275,0.07408405172413793,0.9176174092488097,True,
433,0.013141122913505311,0.6397228637413395,277,0.0746228448275862,0.9169269758782097,True,
434,0.013171471927162367,0.6405529953917051,278,0.07489224137931035,0.9168953661890548,True,
436,0.013232169954476479,0.6422018348623854,280,0.07543103448275862,0.9168673064905838,True,
439,0.013323216995447648,0.6378132118451025,280,0.07543103448275862,0.9166269414713968,True,
441,0.013383915022761761,0.63718820861678,281,0.07570043103448276,0.916424649075244,True,
456,0.013839150227617602,0.6337719298245614,289,0.07785560344827586,0.9162902927872729,True,
457,0.013869499241274659,0.6323851203501094,289,0.07785560344827586,0.9162698281905448,True,
458,0.013899848254931714,0.6331877729257642,290,0.078125,0.9161557405367888,True,
460,0.013960546282245826,0.6304347826086957,290,0.078125,0.9159340671932006,True,
473,0.014355083459787556,0.627906976744186,297,0.08001077586206896,0.915932783493613,True,
474,0.014385432473444613,0.6286919831223629,298,0.08028017241379311,0.9159229496516248,True,
482,0.014628224582701061,0.6265560165975104,302,0.08135775862068965,0.9158523384932302,True,
484,0.014688922610015174,0.6260330578512396,303,0.0816271551724138,0.9155043132996112,True,
490,0.014871016691957511,0.6306122448979592,309,0.08324353448275862,0.9154158001125063,True,
496,0.015053110773899848,0.6310483870967742,313,0.08432112068965517,0.9147368480078845,True,
518,0.015720789074355083,0.6254826254826255,324,0.08728448275862069,0.9146941650680336,True,
520,0.015781487101669194,0.625,325,0.08755387931034483,0.9146636694715111,True,
526,0.015963581183611533,0.6254752851711026,329,0.08863146551724138,0.9146335292825101,True,
528,0.016024279210925644,0.625,330,0.08890086206896551,0.9144646140972351,True,
530,0.016084977238239758,0.6245283018867924,331,0.08917025862068965,0.9142974013122939,True,
531,0.01611532625189681,0.6252354048964218,332,0.0894396551724138,0.9141608972687488,True,
532,0.01614567526555387,0.6240601503759399,332,0.0894396551724138,0.9141085816111245,True,
534,0.016206373292867983,0.6217228464419475,332,0.0894396551724138,0.9140642523256485,True,
551,0.016722306525037936,0.6243194192377496,344,0.09267241379310345,0.91403819007689,True,
555,0.01684370257966616,0.6252252252252253,347,0.09348060344827586,0.9140055948427044,True,
557,0.01690440060698027,0.6265709156193896,349,0.09401939655172414,0.9139845675495121,True,
560,0.016995447647951443,0.6285714285714286,352,0.09482758620689655,0.9139497566563161,True,
566,0.01717754172989378,0.6307420494699647,357,0.09617456896551724,0.9136891793348761,True,
571,0.01732928679817906,0.626970227670753,358,0.09644396551724138,0.9136604854044229,True,
577,0.017511380880121396,0.6291161178509532,363,0.09779094827586207,0.9136420861722397,True,
578,0.017541729893778453,0.629757785467128,364,0.0980603448275862,0.913577325319603,True,
579,0.01757207890743551,0.6286701208981001,364,0.0980603448275862,0.9135084105638809,True,
582,0.017663125948406678,0.6288659793814433,366,0.09859913793103449,0.9134597792764395,True,
583,0.01769347496206373,0.62778730703259,366,0.09859913793103449,0.9132655495350142,True,
588,0.017845220030349013,0.6309523809523809,371,0.09994612068965517,0.913261596349253,True,
603,0.018300455235204856,0.6285240464344942,379,0.10210129310344827,0.9132101027257026,True,
604,0.018330804248861913,0.6291390728476821,380,0.10237068965517242,0.9132100368450605,True,
607,0.01842185128983308,0.6260296540362438,380,0.10237068965517242,0.9131486812730955,True,
608,0.018452200303490138,0.625,380,0.10237068965517242,0.9130404891927765,True,
617,0.01872534142640364,0.6272285251215559,387,0.10425646551724138,0.9129838103825715,True,
618,0.018755690440060698,0.6262135922330098,387,0.10425646551724138,0.9129815150980438,True,
622,0.018877086494688923,0.6270096463022508,390,0.1050646551724138,0.9129792391640283,True,
623,0.01890743550834598,0.6276083467094703,391,0.10533405172413793,0.9128805747336564,True,
625,0.01896813353566009,0.6256,391,0.10533405172413793,0.9128536871452789,True,
627,0.019028831562974205,0.6251993620414673,392,0.10560344827586207,0.9127085742628226,True,
629,0.019089529590288316,0.6248012718600954,393,0.1058728448275862,0.9126981662393726,True,
631,0.019150227617602426,0.6259904912836767,395,0.10641163793103449,0.9125812699603897,True,
632,0.019180576631259483,0.6265822784810127,396,0.10668103448275862,0.9124539696098222,True,
635,0.01927162367223065,0.6251968503937008,397,0.10695043103448276,0.9123880181821004,True,
648,0.019666160849772383,0.6265432098765432,406,0.109375,0.912186170859793,True,
649,0.01969650986342944,0.6255778120184899,406,0.109375,0.9120253155380257,True,
655,0.019878603945371776,0.6244274809160305,409,0.11018318965517242,0.9119954865313195,True,
659,0.02,0.6236722306525038,411,0.11072198275862069,0.9119281499052461,True,
676,0.020515933232169953,0.6257396449704142,423,0.11395474137931035,0.9117067682072528,True,
687,0.02084977238239757,0.6259097525473072,430,0.11584051724137931,0.9115545730516208,True,
689,0.020910470409711685,0.6269956458635704,432,0.11637931034482758,0.911530204985312,True,
691,0.020971168437025796,0.6266280752532561,433,0.11664870689655173,0.9113973659867506,True,
693,0.02103186646433991,0.6277056277056277,435,0.1171875,0.9113281281112228,True,
698,0.02118361153262519,0.6260744985673352,437,0.11772629310344827,0.9112851401837231,True,
701,0.02127465857359636,0.6248216833095578,438,0.11799568965517242,0.9112112804256957,True,
708,0.021487101669195752,0.6242937853107344,442,0.11907327586206896,0.9111976526592961,True,
711,0.02157814871016692,0.6230661040787623,443,0.11934267241379311,0.9111372669430877,True,
713,0.02163884673748103,0.6241234221598878,445,0.11988146551724138,0.9108218648591666,True,
725,0.022003034901365705,0.6220689655172413,451,0.1214978448275862,0.9106911178877305,True,
729,0.02212443095599393,0.6227709190672154,454,0.12230603448275862,0.9106438904365901,True,
730,0.022154779969650987,0.6232876712328768,455,0.12257543103448276,0.9106362288735598,True,
745,0.02261001517450683,0.625503355704698,466,0.1255387931034483,0.9105723052444112,True,
747,0.02267071320182094,0.6265060240963856,468,0.12607758620689655,0.910458312780806,True,
748,0.022701062215477998,0.6270053475935828,469,0.1263469827586207,0.910426990628925,True,
750,0.02276176024279211,0.6253333333333333,469,0.1263469827586207,0.9099554238158686,True,
752,0.022822458270106222,0.625,470,0.12661637931034483,0.909931414839219,True,
754,0.022883156297420333,0.623342175066313,470,0.12661637931034483,0.9096509227249046,True,
755,0.02291350531107739,0.623841059602649,471,0.12688577586206898,0.9096190922651639,True,
756,0.022943854324734447,0.6243386243386243,472,0.1271551724137931,0.9094244261698738,True,
758,0.023004552352048558,0.6240105540897097,473,0.12742456896551724,0.9093360197870084,True,
759,0.023034901365705615,0.6231884057971014,473,0.12742456896551724,0.909233563946439,True,
761,0.023095599393019726,0.621550591327201,473,0.12742456896551724,0.9089816980553003,True,
764,0.023186646433990894,0.6204188481675392,474,0.12769396551724138,0.9089230875460654,True,
765,0.02321699544764795,0.6196078431372549,474,0.12769396551724138,0.9089016458287925,True,
771,0.02339908952959029,0.6199740596627756,478,0.12877155172413793,0.9088659371547606,True,
773,0.0234597875569044,0.6209573091849935,480,0.12931034482758622,0.9087384431365777,True,
774,0.023490136570561457,0.6214470284237726,481,0.12957974137931033,0.9085343448292581,True,
775,0.023520485584218515,0.6219354838709678,482,0.12984913793103448,0.9084977560049905,True,
777,0.023581183611532625,0.6203346203346203,482,0.12984913793103448,0.9084275970822107,True,
779,0.023641881638846736,0.6187419768934531,482,0.12984913793103448,0.9081634317567513,True,
782,0.023732928679817907,0.618925831202046,484,0.13038793103448276,0.9078399533050637,True,
783,0.02376327769347496,0.6194125159642401,485,0.1306573275862069,0.9076336811325707,True,
784,0.023793626707132018,0.6198979591836735,486,0.13092672413793102,0.9075632263212221,True,
787,0.023884673748103186,0.6188055908513341,487,0.13119612068965517,0.907486580472845,True,
788,0.023915022761760243,0.618020304568528,487,0.13119612068965517,0.9073945453664827,True,
789,0.0239453717754173,0.6185044359949303,488,0.1314655172413793,0.9072841493116959,True,
790,0.023975720789074353,0.6189873417721519,489,0.13173491379310345,0.9070151176685447,True,
791,0.02400606980273141,0.6194690265486725,490,0.1320043103448276,0.9069027661749732,True,
793,0.024066767830045525,0.6191677175283733,491,0.1322737068965517,0.9068374640205854,True,
794,0.02409711684370258,0.6183879093198993,491,0.1322737068965517,0.9067701342759238,True,
797,0.02418816388467375,0.617314930991217,492,0.13254310344827586,0.906367721645317,True,
798,0.024218512898330803,0.6177944862155389,493,0.1328125,0.9063465850340803,True,
799,0.02424886191198786,0.6170212765957447,493,0.1328125,0.9063208830392888,True,
801,0.02430955993930197,0.616729088639201,494,0.13308189655172414,0.9062266585686871,True,
802,0.024339908952959028,0.6172069825436409,495,0.1333512931034483,0.9060007647099353,True,
803,0.024370257966616085,0.6164383561643836,495,0.1333512931034483,0.9059582211633611,True,
804,0.024400606980273142,0.6169154228855721,496,0.1336206896551724,0.9059168837765742,True,
807,0.02449165402124431,0.6183395291201983,499,0.13442887931034483,0.9058049280558916,True,
808,0.024522003034901367,0.6175742574257426,499,0.13442887931034483,0.9057544621784134,True,
812,0.024643399089529592,0.6182266009852216,502,0.13523706896551724,0.9057500005431288,True,
814,0.024704097116843703,0.6191646191646192,504,0.13577586206896552,0.9054499912222923,True,
815,0.02473444613050076,0.6184049079754601,504,0.13577586206896552,0.9054358930184715,True,
816,0.024764795144157813,0.6176470588235294,504,0.13577586206896552,0.9051460477368963,True,
823,0.02497723823975721,0.6184690157958688,509,0.13712284482758622,0.9051312172891915,True,
826,0.025068285280728377,0.6186440677966102,511,0.13766163793103448,0.9050840329822847,True,
829,0.025159332321699545,0.6188178528347407,513,0.13820043103448276,0.9048388721138207,True,
830,0.025189681335356602,0.6180722891566265,513,0.13820043103448276,0.9045386327657231,True,
831,0.025220030349013656,0.6173285198555957,513,0.13820043103448276,0.9044680830729084,True,
832,0.025250379362670713,0.6165865384615384,513,0.13820043103448276,0.904451556566184,True,
833,0.02528072837632777,0.6158463385354142,513,0.13820043103448276,0.9043803849631081,True,
838,0.02543247344461305,0.6181384248210023,518,0.13954741379310345,0.9042615955504945,True,
839,0.025462822458270105,0.6185935637663885,519,0.1398168103448276,0.9040909246130634,True,
841,0.02552352048558422,0.6183115338882283,520,0.1400862068965517,0.9040541822655291,True,
843,0.02558421851289833,0.6180308422301305,521,0.14035560344827586,0.9040280010230246,True,
844,0.025614567526555387,0.6184834123222749,522,0.140625,0.9039813969609002,True,
847,0.025705614567526555,0.6174734356552538,523,0.14089439655172414,0.9039619916825705,True,
848,0.025735963581183612,0.6179245283018868,524,0.1411637931034483,0.9037845011007125,True,
849,0.02576631259484067,0.6171967020023557,524,0.1411637931034483,0.9036794594859324,True,
851,0.02582701062215478,0.6169212690951822,525,0.1414331896551724,0.9036669357715613,True,
852,0.025857359635811837,0.6161971830985915,525,0.1414331896551724,0.9036661499525377,True,
857,0.026009104704097116,0.6184364060676779,530,0.1427801724137931,0.9035532264776182,True,
858,0.026039453717754173,0.6177156177156177,530,0.1427801724137931,0.9035371903853562,True,
862,0.026160849772382398,0.6183294663573086,533,0.14358836206896552,0.9032609971803812,True,
864,0.026221547799696508,0.6168981481481481,533,0.14358836206896552,0.9029675562371308,True,
865,0.026251896813353565,0.6161849710982659,533,0.14358836206896552,0.9028190753336985,True,
866,0.026282245827010622,0.6154734411085451,533,0.14358836206896552,0.9027179509355128,True,
867,0.02631259484066768,0.615916955017301,534,0.14385775862068967,0.9027074058254521,True,
872,0.026464339908952958,0.6146788990825688,536,0.14439655172413793,0.9026654467693699,True,
873,0.026494688922610015,0.6139747995418099,536,0.14439655172413793,0.9026544105958682,True,
874,0.026525037936267072,0.61441647597254,537,0.14466594827586207,0.9024260794778906,True,
876,0.026585735963581183,0.6141552511415526,538,0.14493534482758622,0.9023487579947496,True,
877,0.02661608497723824,0.6145952109464082,539,0.14520474137931033,0.9019031642932469,True,
879,0.02667678300455235,0.6131968145620023,539,0.14520474137931033,0.9018637348458175,True,
880,0.026707132018209408,0.6136363636363636,540,0.14547413793103448,0.9016818726290937,True,
881,0.026737481031866465,0.6129398410896708,540,0.14547413793103448,0.901672355830812,True,
882,0.026767830045523522,0.6133786848072562,541,0.14574353448275862,0.9016519884959341,True,
886,0.026889226100151747,0.6139954853273137,544,0.14655172413793102,0.9016132112308326,True,
887,0.0269195751138088,0.6144306651634723,545,0.14682112068965517,0.9009410157879537,True,
899,0.027283763277693475,0.610678531701891,549,0.1478987068965517,0.9008986713621493,True,
903,0.0274051593323217,0.6090808416389811,550,0.14816810344827586,0.9008671685150269,True,
905,0.02746585735963581,0.6099447513812155,552,0.14870689655172414,0.9008244314877125,True,
907,0.027526555386949925,0.6085997794928335,552,0.14870689655172414,0.9008128888439327,True,
909,0.027587253414264035,0.6094609460946094,554,0.1492456896551724,0.9005249221257888,True,
910,0.027617602427921092,0.6098901098901099,555,0.14951508620689655,0.9002929978363265,True,
911,0.02764795144157815,0.610318331503842,556,0.1497844827586207,0.9002658319268005,True,
912,0.027678300455235203,0.6107456140350878,557,0.15005387931034483,0.9001707187190912,True,
913,0.02770864946889226,0.6111719605695509,558,0.15032327586206898,0.8998478853044337,True,
915,0.027769347496206374,0.6109289617486339,559,0.1505926724137931,0.8997887513397758,True,
916,0.027799696509863428,0.6102620087336245,559,0.1505926724137931,0.8996077242956941,True,
917,0.027830045523520485,0.6106870229007634,560,0.15086206896551724,0.8993508581274369,True,
918,0.027860394537177542,0.6100217864923747,560,0.15086206896551724,0.8989681344789943,True,
921,0.02795144157814871,0.6091205211726385,561,0.15113146551724138,0.8989670635057241,True,
923,0.028012139605462824,0.6088840736728061,562,0.15140086206896552,0.8989215643560016,True,
924,0.028042488619119878,0.6082251082251082,562,0.15140086206896552,0.8987859898945098,True,
925,0.028072837632776935,0.6086486486486486,563,0.15167025862068967,0.8986256699919949,True,
926,0.028103186646433992,0.6079913606911447,563,0.15167025862068967,0.8986088552058875,True,
937,0.02843702579666161,0.6061899679829242,568,0.15301724137931033,0.8985338468928943,True,
938,0.028467374810318663,0.6066098081023454,569,0.15328663793103448,0.8979251038908407,True,
939,0.02849772382397572,0.6070287539936102,570,0.15355603448275862,0.8979134112912953,True,
940,0.028528072837632777,0.6063829787234043,570,0.15355603448275862,0.8978886183793161,True,
941,0.028558421851289834,0.6057385759829969,570,0.15355603448275862,0.8978392254306904,True,
943,0.028619119878603945,0.6055143160127253,571,0.15382543103448276,0.8967271033828904,True,
944,0.028649468892261002,0.6048728813559322,571,0.15382543103448276,0.896489874932811,True,
945,0.02867981790591806,0.6042328042328042,571,0.15382543103448276,0.8964723545203147,True,
962,0.029195751138088012,0.6029106029106029,580,0.15625,0.8962971228937446,True,
963,0.02922610015174507,0.6022845275181724,580,0.15625,0.8961343974629241,True,
964,0.029256449165402123,0.6026970954356846,581,0.15651939655172414,0.8954560802805562,True,
965,0.02928679817905918,0.6020725388601036,581,0.15651939655172414,0.895313916515933,True,
966,0.029317147192716237,0.6014492753623188,581,0.15651939655172414,0.8950784766331847,True,
967,0.029347496206373294,0.6018614270941055,582,0.1567887931034483,0.8950443697340996,True,
970,0.029438543247344462,0.6,582,0.1567887931034483,0.8949724695997695,True,
972,0.029499241274658573,0.5997942386831275,583,0.1570581896551724,0.89488478819532,True,
987,0.029954476479514415,0.5957446808510638,588,0.1584051724137931,0.8945256156868796,True,
988,0.029984825493171472,0.5951417004048583,588,0.1584051724137931,0.8943309870706679,True,
989,0.03001517450682853,0.5955510616784631,589,0.15867456896551724,0.8941235858321807,True,
992,0.030106221547799697,0.5957661290322581,591,0.15921336206896552,0.8935625499333941,True,
994,0.030166919575113808,0.596579476861167,593,0.15975215517241378,0.8932471854193038,True,
995,0.030197268588770865,0.5959798994974874,593,0.15975215517241378,0.8931112173498452,True,
996,0.030227617602427922,0.5953815261044176,593,0.15975215517241378,0.8930259709645791,True,
1011,0.030682852807283764,0.5954500494559841,602,0.16217672413793102,0.8929309526365247,True,
1012,0.030713201820940818,0.5948616600790514,602,0.16217672413793102,0.8928532191477766,True,
1015,0.03080424886191199,0.594088669950739,603,0.16244612068965517,0.8928157518690704,True,
1026,0.031138088012139607,0.5935672514619883,609,0.1640625,0.8927291172494296,True,
1028,0.031198786039453717,0.5933852140077821,610,0.16433189655172414,0.8926744188620487,True,
1044,0.03168437025796662,0.5948275862068966,621,0.16729525862068967,0.8926440299173122,True,
1046,0.03174506828528073,0.5946462715105163,622,0.16756465517241378,0.8922891784015017,True,
1053,0.03195751138088012,0.5925925925925926,624,0.16810344827586207,0.8921282834936014,True,
1068,0.032412746585735966,0.5926966292134831,633,0.1705280172413793,0.8919571978996879,True,
1071,0.032503793626707134,0.5929038281979458,635,0.1710668103448276,0.8918257743209091,True,
1072,0.03253414264036419,0.5923507462686567,635,0.1710668103448276,0.8916178395447698,True,
1074,0.0325948406676783,0.5931098696461825,637,0.17160560344827586,0.8914196788078415,True,
1075,0.032625189681335355,0.5925581395348837,637,0.17160560344827586,0.8908888333441919,True,
1078,0.03271623672230652,0.5927643784786641,639,0.17214439655172414,0.8902439752524041,True,
1079,0.03274658573596358,0.593141797961075,640,0.1724137931034483,0.8902144219157143,True,
1080,0.03277693474962064,0.5935185185185186,641,0.1726831896551724,0.8901188485158638,True,
1081,0.03280728376327769,0.5929694727104533,641,0.1726831896551724,0.8897597899208918,True,
1086,0.03295902883156297,0.5930018416206262,644,0.17349137931034483,0.8895380532165434,True,
1107,0.033596358118361154,0.5925925925925926,656,0.17672413793103448,0.8895295862376854,True,
1109,0.03365705614567527,0.5924256086564472,657,0.17699353448275862,0.8892633995885015,True,
1110,0.03368740515933232,0.5918918918918918,657,0.17699353448275862,0.8890208146878313,True,
1112,0.033748103186646436,0.591726618705036,658,0.17726293103448276,0.88878702262121,True,
1113,0.03377845220030349,0.5911949685534591,658,0.17726293103448276,0.8887309445527154,True,
1132,0.03435508345978756,0.592756183745583,671,0.18076508620689655,0.8884592262986275,True,
1133,0.03438543247344461,0.5922330097087378,671,0.18076508620689655,0.888297170542346,True,
1136,0.03447647951441578,0.5915492957746479,672,0.1810344827586207,0.8879318415270301,True,
1137,0.03450682852807284,0.5919085312225154,673,0.18130387931034483,0.8870016164551591,True,
1138,0.03453717754172989,0.5922671353251318,674,0.18157327586206898,0.886849182697752,True,
1139,0.03456752655538695,0.5926251097453907,675,0.1818426724137931,0.8867640503703005,True,
1140,0.034597875569044007,0.5929824561403508,676,0.18211206896551724,0.8866777819126499,True,
1151,0.034931714719271624,0.5916594265855778,681,0.18345905172413793,0.8866647885494854,True,
1164,0.035326251896813356,0.5910652920962199,688,0.1853448275862069,0.886613807401979,True,
1165,0.03535660091047041,0.590557939914163,688,0.1853448275862069,0.8865468779659115,True,
1169,0.03547799696509864,0.5902480752780154,690,0.18588362068965517,0.8865225959093841,True,
1175,0.03566009104704097,0.5897872340425532,693,0.1866918103448276,0.8864372822179737,True,
1176,0.03569044006069803,0.5892857142857143,693,0.1866918103448276,0.8862627177850865,True,
1185,0.03596358118361153,0.5881856540084388,697,0.18776939655172414,0.8861315432084446,True,
1191,0.03614567526555387,0.5869017632241813,699,0.1883081896551724,0.8857416113525135,True,
1193,0.03620637329286798,0.586756077116513,700,0.18857758620689655,0.8856444388171062,True,
1199,0.036388467374810315,0.585487906588824,702,0.18911637931034483,0.8853491014644242,True,
1200,0.036418816388467376,0.5858333333333333,703,0.18938577586206898,0.8851824998112925,True,
1201,0.03644916540212443,0.5861781848459617,704,0.1896551724137931,0.8849031273888313,True,
1205,0.03657056145675266,0.5858921161825726,706,0.19019396551724138,0.8846976689721763,True,
1219,0.03699544764795144,0.5890073831009024,718,0.19342672413793102,0.884526555368406,True,
1230,0.03732928679817906,0.5894308943089431,725,0.1953125,0.8843466402599177,True,
1231,0.037359635811836114,0.5897644191714053,726,0.19558189655172414,0.8840239573004935,True,
1232,0.037389984825493175,0.5892857142857143,726,0.19558189655172414,0.8837794042814355,True,
1233,0.03742033383915023,0.5888077858880778,726,0.19558189655172414,0.8835508888135036,True,
1252,0.037996965098634296,0.5870607028753994,735,0.19800646551724138,0.8832654300737672,True,
1263,0.03833080424886191,0.5874901029295329,742,0.19989224137931033,0.8829499643273175,True,
1266,0.03842185128983308,0.5860979462875198,742,0.19989224137931033,0.8827151413490308,True,
1277,0.0387556904400607,0.5849647611589663,747,0.20123922413793102,0.8825311821350341,True,
1279,0.03881638846737481,0.584831899921814,748,0.20150862068965517,0.8821215746554066,True,
1282,0.03890743550834598,0.5850234009360374,750,0.20204741379310345,0.8820683937189321,True,
1283,0.038937784522003034,0.5845674201091192,750,0.20204741379310345,0.8818060741438684,True,
1285,0.03899848254931715,0.5836575875486382,750,0.20204741379310345,0.8816333189400274,True,
1286,0.0390288315629742,0.583203732503888,750,0.20204741379310345,0.8811148566766935,True,
1294,0.03927162367223065,0.5834621329211747,755,0.20339439655172414,0.8810875757288781,True,
1298,0.03939301972685888,0.5832049306625577,757,0.2039331896551724,0.8810140264098932,True,
1299,0.039423368740515934,0.5827559661277906,757,0.2039331896551724,0.8809400286700504,True,
1307,0.03966616084977238,0.5822494261667942,761,0.20501077586206898,0.8808406469958804,True,
1309,0.0397268588770865,0.5813598166539343,761,0.20501077586206898,0.8805950682931301,True,
1316,0.03993930197268589,0.5790273556231003,762,0.2052801724137931,0.8804620997817434,True,
1318,0.04,0.5781487101669196,762,0.2052801724137931,0.8803313899166546,True,
1319,0.040030349013657054,0.577710386656558,762,0.2052801724137931,0.8802364355091962,True,
1320,0.040060698027314115,0.5772727272727273,762,0.2052801724137931,0.8799434411345902,True,
1321,0.04009104704097117,0.5775927327781983,763,0.20554956896551724,0.8797370369474127,True,
1323,0.04015174506828528,0.5774754346182918,764,0.20581896551724138,0.8791766224232704,True,
1333,0.04045523520485584,0.5776444111027756,770,0.20743534482758622,0.8790964277012444,True,
1336,0.04054628224582701,0.5763473053892215,770,0.20743534482758622,0.8788046966826237,True,
1337,0.04057663125948407,0.5759162303664922,770,0.20743534482758622,0.8784587083846348,True,
1338,0.04060698027314112,0.5762331838565022,771,0.20770474137931033,0.8782270076586528,True,
1339,0.04063732928679818,0.5765496639283048,772,0.20797413793103448,0.8779906787787037,True,
1341,0.04069802731411229,0.5764354958985831,773,0.20824353448275862,0.8767472468848858,True,
1342,0.04072837632776935,0.5760059612518629,773,0.20824353448275862,0.8767291709309927,True,
1343,0.040758725341426404,0.5763216679076694,774,0.20851293103448276,0.8757704749470909,True,
1344,0.04078907435508346,0.5766369047619048,775,0.2087823275862069,0.8756425337871697,True,
1345,0.04081942336874052,0.5762081784386617,775,0.2087823275862069,0.8753445902011131,True,
1346,0.04084977238239757,0.575780089153046,775,0.2087823275862069,0.8753122838219509,True,
1350,0.0409711684370258,0.5748148148148148,776,0.20905172413793102,0.8748655069851174,True,
1351,0.04100151745068285,0.5743893412287194,776,0.20905172413793102,0.8747130018414702,True,
1352,0.04103186646433991,0.5739644970414202,776,0.20905172413793102,0.8747020172424378,True,
1354,0.04109256449165402,0.5738552437223042,777,0.20932112068965517,0.8745906203817514,True,
1358,0.04121396054628224,0.5736377025036818,779,0.20985991379310345,0.8744849121075389,True,
1359,0.0412443095599393,0.5732155997056659,779,0.20985991379310345,0.8741080611574064,True,
1361,0.04130500758725342,0.5731080088170463,780,0.2101293103448276,0.8738590940506195,True,
1362,0.04133535660091047,0.5734214390602056,781,0.2103987068965517,0.8738269846699862,True,
1365,0.04142640364188164,0.5736263736263736,783,0.2109375,0.8735291279785221,True,
1367,0.04148710166919575,0.5735186539868324,784,0.21120689655172414,0.8731240823442361,True,
1368,0.041517450682852806,0.5738304093567251,785,0.2114762931034483,0.8730308653609076,True,
1370,0.04157814871016692,0.5737226277372263,786,0.2117456896551724,0.8729960812306732,True,
1381,0.04191198786039454,0.5706010137581463,788,0.2122844827586207,0.8729591806956385,True,
1382,0.04194233687405159,0.5701881331403763,788,0.2122844827586207,0.8726140978204956,True,
1383,0.04197268588770865,0.5704989154013015,789,0.21255387931034483,0.8724874530041711,True,
1384,0.042003034901365706,0.5708092485549133,790,0.21282327586206898,0.8724252556414241,True,
1385,0.04203338391502276,0.5711191335740072,791,0.2130926724137931,0.872330376619446,True,
1386,0.04206373292867982,0.5707070707070707,791,0.2130926724137931,0.871174356042182,True,
1387,0.042094081942336874,0.5702956020187455,791,0.2130926724137931,0.8711081551688097,True,
1388,0.04212443095599393,0.5706051873198847,792,0.21336206896551724,0.8704147530702108,True,
1402,0.04254931714719272,0.5706134094151213,800,0.21551724137931033,0.8702635054805966,True,
1458,0.04424886191198786,0.5617283950617284,819,0.22063577586206898,0.8699379209820752,True,
1462,0.04437025796661608,0.5622435020519836,822,0.22144396551724138,0.8688059199055275,True,
1479,0.04488619119878604,0.5611899932386748,830,0.22359913793103448,0.8687529569202284,True,
1480,0.044916540212443096,0.5614864864864865,831,0.22386853448275862,0.8680370229276071,True,
1481,0.04494688922610015,0.5611073598919649,831,0.22386853448275862,0.8679113010800837,True,
1483,0.045007587253414263,0.5610249494268374,832,0.22413793103448276,0.8678619973297715,True,
1542,0.04679817905918058,0.5551232166018158,856,0.23060344827586207,0.8678345717897507,True,
1543,0.04682852807283763,0.5554115359688918,857,0.23087284482758622,0.8673501561708504,True,
1550,0.04704097116843703,0.5535483870967742,858,0.23114224137931033,0.8671790111069386,True,
1554,0.04716236722306525,0.5534105534105535,860,0.23168103448275862,0.8669011396200036,True,
1560,0.047344461305007586,0.5525641025641026,862,0.2322198275862069,0.8667666825355295,True,
1568,0.047587253414264036,0.5535714285714286,868,0.2338362068965517,0.8666377334939347,True,
1580,0.04795144157814871,0.5550632911392405,877,0.23626077586206898,0.8666224686923972,True,
1589,0.04822458270106222,0.5556954059156702,883,0.23787715517241378,0.8665662381256398,True,
1651,0.050106221547799694,0.5493640218049667,907,0.2443426724137931,0.8665320712351701,True,
1653,0.05016691957511381,0.5493042952208107,908,0.24461206896551724,0.8664634395821942,True,
1662,0.05044006069802731,0.5505415162454874,915,0.24649784482758622,0.8662579625135381,True,
1715,0.05204855842185129,0.5446064139941691,934,0.2516163793103448,0.8662046952490497,True,
1718,0.05213960546282246,0.5436554132712457,934,0.2516163793103448,0.8657448299958936,True,
1728,0.052443095599393016,0.5422453703703703,937,0.25242456896551724,0.8656586360241953,True,
1738,0.05274658573596358,0.5425776754890679,943,0.25404094827586204,0.8655618871797058,True,
1752,0.053171471927162366,0.541095890410959,948,0.25538793103448276,0.8655449051158428,True,
1801,0.05465857359635812,0.5385896724042198,970,0.2613146551724138,0.8655390961655925,True,
1802,0.05468892261001517,0.5382907880133185,970,0.2613146551724138,0.86540484443393,True,
1812,0.054992412746585735,0.5380794701986755,975,0.2626616379310345,0.8652133778993887,True,
1872,0.056813353566009105,0.5347222222222222,1001,0.26966594827586204,0.8651442135935601,True,
1883,0.05714719271623672,0.534784917684546,1007,0.2712823275862069,0.8650625607149676,True,
1890,0.05735963581183612,0.5343915343915344,1010,0.27209051724137934,0.864999915574562,True,
1892,0.057420333839150225,0.5338266384778013,1010,0.27209051724137934,0.8646683585349244,True,
1893,0.057450682852807286,0.5340729001584786,1011,0.2723599137931034,0.863826528362223,True,
1939,0.05884673748103186,0.5317173800928313,1031,0.2777478448275862,0.8634072676160401,True,
1954,0.05930197268588771,0.5327533265097236,1041,0.28044181034482757,0.8633424736880003,True,
1962,0.05954476479514416,0.5331294597349643,1046,0.2817887931034483,0.8631757761374603,True,
1963,0.05957511380880121,0.5328578706062149,1046,0.2817887931034483,0.8624476794400872,True,
1966,0.05966616084977238,0.5320447609359105,1046,0.2817887931034483,0.862135193486292,True,
1967,0.05969650986342944,0.5322826639552618,1047,0.28205818965517243,0.8620292627532833,True,
2027,0.06151745068285281,0.5293537247163296,1073,0.2890625,0.861908459282673,True,
2028,0.061547799696509864,0.5290927021696252,1073,0.2890625,0.8619060793390101,True,
2029,0.06157814871016692,0.5288319369147363,1073,0.2890625,0.8617062275451843,True,
2030,0.06160849772382398,0.529064039408867,1074,0.28933189655172414,0.8612715310904806,True,
2031,0.06163884673748103,0.5288035450516987,1074,0.28933189655172414,0.8612493647167019,True,
2040,0.061911987860394535,0.5294117647058824,1080,0.29094827586206895,0.8612137105924589,True,
2042,0.06197268588770865,0.5288932419196866,1080,0.29094827586206895,0.860797981336219,True,
2050,0.0622154779969651,0.5297560975609756,1086,0.2925646551724138,0.8603975116356589,True,
2054,0.06233687405159332,0.5292112950340798,1087,0.29283405172413796,0.8602157995727171,True,
2057,0.062427921092564495,0.529897909577054,1090,0.29364224137931033,0.859686876779583,True,
2062,0.06257966616084977,0.5300678952473327,1093,0.29445043103448276,0.8596100907994936,True,
2063,0.06261001517450683,0.5298109549200194,1093,0.29445043103448276,0.8591603776280458,True,
2073,0.0629135053110774,0.5306319343945972,1100,0.2963362068965517,0.8585936571789297,True,
2114,0.0641578148710167,0.5316934720908231,1124,0.30280172413793105,0.858564845321987,True,
2118,0.06427921092564491,0.5316336166194523,1126,0.30334051724137934,0.8585339027237516,True,
2120,0.06433990895295903,0.5316037735849056,1127,0.3036099137931034,0.858409385344373,True,
2126,0.06452200303490137,0.5319849482596425,1131,0.3046875,0.858199689230238,True,
2127,0.06455235204855843,0.5317348377997179,1131,0.3046875,0.8576140783296429,True,
2129,0.06461305007587254,0.5321747299201504,1133,0.3052262931034483,0.8573476426250157,True,
2188,0.06640364188163884,0.5324497257769653,1165,0.31384698275862066,0.8571844096929395,True,
2189,0.0664339908952959,0.5322064869803563,1165,0.31384698275862066,0.8570497998726109,True,
2204,0.06688922610015174,0.52994555353902,1168,0.3146551724137931,0.8570115815367784,True,
2207,0.06698027314112291,0.5292251925690983,1168,0.3146551724137931,0.856345048858318,True,
2208,0.06701062215477997,0.5294384057971014,1169,0.31492456896551724,0.855474860992874,True,
2211,0.06710166919575114,0.5291723202170964,1170,0.3151939655172414,0.8554399428108066,True,
2239,0.06795144157814871,0.5261277355962484,1178,0.3173491379310345,0.8554270396241996,True,
2240,0.06798179059180577,0.5258928571428572,1178,0.3173491379310345,0.8552086927736928,True,
2242,0.06804248861911988,0.5258697591436218,1179,0.3176185344827586,0.8551990749378776,True,
2243,0.06807283763277694,0.5260811413285778,1180,0.31788793103448276,0.8551186407941836,True,
2244,0.06810318664643399,0.5258467023172906,1180,0.31788793103448276,0.8538975368496827,True,
2245,0.06813353566009105,0.5260579064587974,1181,0.3181573275862069,0.8536540169658587,True,
2247,0.06819423368740515,0.5260347129506008,1182,0.31842672413793105,0.8535723664455439,True,
2248,0.06822458270106221,0.5262455516014235,1183,0.3186961206896552,0.8526601994000425,True,
2249,0.06825493171471927,0.5264562027567808,1184,0.31896551724137934,0.8521759198859903,True,
2250,0.06828528072837632,0.5266666666666666,1185,0.3192349137931034,0.8520772792392206,True,
2251,0.06831562974203338,0.5268769435806309,1186,0.31950431034482757,0.8519724118860518,True,
2252,0.06834597875569044,0.5266429840142096,1186,0.31950431034482757,0.8509760516197112,True,
2259,0.06855842185128984,0.5267817618415228,1190,0.32058189655172414,0.8506797511906794,True,
2260,0.06858877086494689,0.5269911504424779,1191,0.3208512931034483,0.8505266809370299,True,
2262,0.068649468892261,0.5269672855879752,1192,0.32112068965517243,0.8505004335302034,True,
2263,0.06867981790591805,0.5271763146266019,1193,0.3213900862068966,0.850340464749572,True,
2264,0.06871016691957511,0.5269434628975265,1193,0.3213900862068966,0.8502873577218971,True,
2265,0.06874051593323217,0.5271523178807948,1194,0.32165948275862066,0.8502187089569597,True,
2266,0.06877086494688922,0.5273609885260371,1195,0.3219288793103448,0.8494021801019844,True,
2267,0.06880121396054628,0.5271283634759594,1195,0.3219288793103448,0.8493037175449245,True,
2268,0.06883156297420334,0.5268959435626103,1195,0.3219288793103448,0.8490971057691798,True,
2288,0.06943854324734446,0.5253496503496503,1202,0.3238146551724138,0.8487709407522696,True,
2291,0.06952959028831562,0.5246617197730249,1202,0.3238146551724138,0.8484087299174162,True,
2308,0.07004552352048558,0.5238301559792028,1209,0.32570043103448276,0.8483202180657345,True,
2327,0.07062215477996965,0.5225612376450365,1216,0.3275862068965517,0.8483156620493586,True,
2348,0.07125948406676783,0.5212947189097104,1224,0.3297413793103448,0.8480466748309627,True,
2349,0.07128983308042489,0.5210727969348659,1224,0.3297413793103448,0.8480367848218038,True,
2351,0.071350531107739,0.5214802211824755,1226,0.3302801724137931,0.8477798269412808,True,
2352,0.07138088012139605,0.5216836734693877,1227,0.33054956896551724,0.8475791419353775,True,
2379,0.07220030349013656,0.5208070617906684,1239,0.3337823275862069,0.8473639590070128,True,
2380,0.07223065250379362,0.5205882352941177,1239,0.3337823275862069,0.84732937875885,True,
2382,0.07229135053110775,0.5205709487825357,1240,0.33405172413793105,0.8473048627290901,True,
2383,0.07232169954476479,0.5203524968527067,1240,0.33405172413793105,0.846329166218414,True,
2384,0.07235204855842185,0.5205536912751678,1241,0.3343211206896552,0.8463169616877554,True,
2394,0.07265553869499242,0.5192147034252298,1243,0.3348599137931034,0.8460786736677065,True,
2415,0.07329286798179059,0.5184265010351967,1252,0.33728448275862066,0.8460366731403723,True,
2416,0.07332321699544765,0.5186258278145696,1253,0.3375538793103448,0.8458400715216517,True,
2417,0.0733535660091047,0.5188249896565991,1254,0.33782327586206895,0.8452314367478085,True,
2421,0.07347496206373293,0.5187938868236266,1256,0.33836206896551724,0.8451036137401478,True,
2422,0.07350531107738999,0.518579686209744,1256,0.33836206896551724,0.8450537237462514,True,
2423,0.07353566009104705,0.5187783739166323,1257,0.3386314655172414,0.8446594054651159,True,
2424,0.0735660091047041,0.518976897689769,1258,0.3389008620689655,0.8445766501571799,True,
2425,0.07359635811836115,0.5191752577319587,1259,0.33917025862068967,0.8442005369242336,True,
2446,0.07423368740515933,0.5196238757154538,1271,0.34240301724137934,0.8439290447347475,True,
2448,0.07429438543247345,0.5196078431372549,1272,0.3426724137931034,0.8438944656464114,True,
2450,0.07435508345978756,0.52,1274,0.3432112068965517,0.8432711873786157,True,
2451,0.07438543247344462,0.5201958384332925,1275,0.34348060344827586,0.8431863068372567,True,
2452,0.07441578148710166,0.5199836867862969,1275,0.34348060344827586,0.8428024298435642,True,
2453,0.07444613050075873,0.5201793721973094,1276,0.34375,0.8427575181319324,True,
2454,0.07447647951441579,0.5203748981255094,1277,0.34401939655172414,0.8426586000729253,True,
2455,0.07450682852807283,0.5201629327902241,1277,0.34401939655172414,0.8425924795041667,True,
2456,0.0745371775417299,0.5199511400651465,1277,0.34401939655172414,0.842532254375919,True,
2457,0.07456752655538695,0.5197395197395197,1277,0.34401939655172414,0.8419455377621127,True,
2458,0.074597875569044,0.5195280716029292,1277,0.34401939655172414,0.8412099071161877,True,
2477,0.07517450682852807,0.5195801372628179,1287,0.3467133620689655,0.841206542437272,True,
2478,0.07520485584218513,0.5193704600484261,1287,0.3467133620689655,0.8411005352608337,True,
2479,0.07523520485584219,0.5195643404598629,1288,0.34698275862068967,0.8409150325085901,True,
2482,0.07532625189681336,0.5197421434327155,1290,0.34752155172413796,0.8406271578959523,True,
2485,0.07541729893778452,0.5191146881287726,1290,0.34752155172413796,0.8400799419624345,True,
2486,0.07544764795144158,0.5189058728881738,1290,0.34752155172413796,0.8398158027154266,True,
2488,0.07550834597875569,0.5188906752411575,1291,0.34779094827586204,0.8397653646216283,True,
2490,0.0755690440060698,0.5184738955823294,1291,0.34779094827586204,0.8393044833329263,True,
2503,0.07596358118361153,0.5173791450259688,1295,0.3488685344827586,0.8391683318630297,True,
2504,0.07599393019726859,0.5171725239616614,1295,0.3488685344827586,0.8388129788771641,True,
2506,0.0760546282245827,0.5167597765363129,1295,0.3488685344827586,0.8387968534317182,True,
2507,0.07608497723823976,0.516952532907858,1296,0.34913793103448276,0.8387845145566927,True,
2508,0.07611532625189682,0.5171451355661882,1297,0.3494073275862069,0.8387062308559374,True,
2509,0.07614567526555387,0.5169390195296931,1297,0.3494073275862069,0.8384430698517608,True,
2522,0.0765402124430956,0.5158604282315623,1301,0.3504849137931034,0.83839612351196,True,
2523,0.07657056145675266,0.5156559651208878,1301,0.3504849137931034,0.8378167681478562,True,
2524,0.0766009104704097,0.5158478605388273,1302,0.35075431034482757,0.8377606317234414,True,
2531,0.0768133535660091,0.5152113789016199,1304,0.35129310344827586,0.8376556924971795,True,
2532,0.07684370257966616,0.5150078988941548,1304,0.35129310344827586,0.8376077349449472,True,
2533,0.07687405159332322,0.5151993683379392,1305,0.3515625,0.8368923347038018,True,
2535,0.07693474962063733,0.5151873767258383,1306,0.35183189655172414,0.8368260768604641,True,
2536,0.07696509863429439,0.5153785488958991,1307,0.3521012931034483,0.8363147858952755,True,
2547,0.077298937784522,0.5151158225363173,1312,0.35344827586206895,0.8359014600638837,True,
2548,0.07732928679817906,0.5153061224489796,1313,0.3537176724137931,0.8343487575791748,True,
2552,0.07745068285280729,0.5148902821316614,1314,0.35398706896551724,0.8343424584822994,True,
2553,0.07748103186646434,0.5150802976889933,1315,0.3542564655172414,0.8341955516108824,True,
2566,0.07787556904400607,0.5148090413094311,1321,0.3558728448275862,0.8339916558363635,True,
2569,0.07796661608497724,0.5149863760217984,1323,0.3564116379310345,0.8339377133538367,True,
2570,0.0779969650986343,0.5151750972762645,1324,0.3566810344827586,0.8337960501589887,True,
2586,0.0784825493171472,0.5146945088940449,1331,0.35856681034482757,0.8335222191763686,True,
2589,0.07857359635811836,0.5140981073773658,1331,0.35856681034482757,0.8331466396475959,True,
2592,0.07866464339908953,0.5146604938271605,1334,0.359375,0.8328767358108067,True,
2604,0.0790288315629742,0.5142089093701997,1339,0.36072198275862066,0.8327850767865417,True,
2605,0.07905918057663126,0.5143953934740882,1340,0.3609913793103448,0.8327771913634193,True,
2607,0.07911987860394537,0.5140007671653242,1340,0.3609913793103448,0.8325673313779832,True,
2617,0.07942336874051593,0.5139472678639664,1345,0.3623383620689655,0.8324397039138602,True,
2620,0.0795144157814871,0.5137404580152671,1346,0.36260775862068967,0.8323826149499046,True,
2621,0.07954476479514416,0.5139259824494468,1347,0.3628771551724138,0.8323715598790312,True,
2622,0.07957511380880121,0.5137299771167048,1347,0.3628771551724138,0.8322659032891365,True,
2632,0.07987860394537177,0.5140577507598785,1353,0.3644935344827586,0.8321179638895482,True,
2635,0.07996965098634294,0.5134724857685009,1353,0.3644935344827586,0.8321148948789169,True,
2637,0.08003034901365706,0.5134622677284794,1354,0.36476293103448276,0.8318800561436445,True,
2638,0.08006069802731411,0.513267626990144,1354,0.36476293103448276,0.8316788854536117,True,
2641,0.08015174506828528,0.5134418780764862,1356,0.36530172413793105,0.8315630878052089,True,
2642,0.08018209408194234,0.5136260408781226,1357,0.3655711206896552,0.8313939224348914,True,
2644,0.08024279210925644,0.5132375189107413,1357,0.3655711206896552,0.8306313234253786,True,
2646,0.08030349013657057,0.5132275132275133,1358,0.36584051724137934,0.8303560387824408,True,
2648,0.08036418816388467,0.5132175226586103,1359,0.3661099137931034,0.8295750765946134,True,
2650,0.08042488619119878,0.5132075471698113,1360,0.36637931034482757,0.8294807989026078,True,
2652,0.0804855842185129,0.5131975867269984,1361,0.3666487068965517,0.8294370463615145,True,
2656,0.08060698027314113,0.5135542168674698,1364,0.36745689655172414,0.8283442897652974,True,
2657,0.08063732928679818,0.5133609333835153,1364,0.36745689655172414,0.8267313315967901,True,
2658,0.08066767830045524,0.5131677953348383,1364,0.36745689655172414,0.8263017062207755,True,
2659,0.0806980273141123,0.5129748025573524,1364,0.36745689655172414,0.8261978812728871,True,
2660,0.08072837632776934,0.512781954887218,1364,0.36745689655172414,0.8258195235773583,True,
2666,0.08091047040971168,0.5131282820705176,1368,0.36853448275862066,0.8256283080178687,True,
2669,0.08100151745068285,0.5125515174222556,1368,0.36853448275862066,0.8253904040577635,True,
2675,0.08118361153262518,0.5117757009345795,1369,0.3688038793103448,0.8252667074100655,True,
2677,0.0812443095599393,0.5113933507657826,1369,0.3688038793103448,0.8250949434405755,True,
2678,0.08127465857359636,0.5112023898431666,1369,0.3688038793103448,0.8247805961252033,True,
2679,0.08130500758725341,0.511384845091452,1370,0.36907327586206895,0.8244358964450799,True,
2681,0.08136570561456753,0.5117493472584856,1372,0.36961206896551724,0.8242600865548397,True,
2684,0.0814567526555387,0.511177347242921,1372,0.36961206896551724,0.8242490925920645,True,
2685,0.08148710166919575,0.5113594040968342,1373,0.3698814655172414,0.8239952429681653,True,
2689,0.08160849772382398,0.5105987355894385,1373,0.3698814655172414,0.8237362177836093,True,
2693,0.0817298937784522,0.5102116598588934,1374,0.3701508620689655,0.8236166218250782,True,
2696,0.08182094081942337,0.5096439169139466,1374,0.3701508620689655,0.8230314845562394,True,
2697,0.08185128983308043,0.5094549499443827,1374,0.3701508620689655,0.8229626555736912,True,
2701,0.08197268588770865,0.508700481303221,1374,0.3701508620689655,0.822232272481507,True,
2705,0.08209408194233687,0.5083179297597042,1375,0.37042025862068967,0.8220122889448124,True,
2709,0.0822154779969651,0.5083056478405316,1377,0.37095905172413796,0.8218758385041206,True,
2710,0.08224582701062215,0.5081180811808118,1377,0.37095905172413796,0.8215331211938394,True,
2711,0.08227617602427921,0.5082995204721505,1378,0.37122844827586204,0.8210499764825187,True,
2716,0.08242792109256449,0.5073637702503682,1378,0.37122844827586204,0.8210212614204757,True,
2717,0.08245827010622155,0.507177033492823,1378,0.37122844827586204,0.8209258555422838,True,
2718,0.0824886191198786,0.506990434142752,1378,0.37122844827586204,0.8204892480275888,True,
2719,0.08251896813353567,0.5068039720485472,1378,0.37122844827586204,0.8203991979592342,True,
2721,0.08257966616084977,0.5067989709665565,1379,0.3714978448275862,0.82018045487544,True,
2722,0.08261001517450683,0.5066127847171198,1379,0.3714978448275862,0.8197204110545577,True,
2726,0.08273141122913505,0.5066030814380044,1381,0.3720366379310345,0.8194505115818944,True,
2729,0.08282245827010622,0.5060461707585197,1381,0.3720366379310345,0.8193546879931412,True,
2731,0.08288315629742034,0.5060417429512999,1382,0.3723060344827586,0.8193116918819622,True,
2732,0.08291350531107738,0.5058565153733529,1382,0.3723060344827586,0.8192934770914095,True,
2735,0.08300455235204855,0.5053016453382084,1382,0.3723060344827586,0.8191483175773963,True,
2742,0.08321699544764795,0.5051057622173596,1385,0.37311422413793105,0.819145786836674,True,
2743,0.08324734446130501,0.5052861830113015,1386,0.3733836206896552,0.8187214317114118,True,
2746,0.08333839150227618,0.5050983248361253,1387,0.37365301724137934,0.8187046685036549,True,
2750,0.0834597875569044,0.5043636363636363,1387,0.37365301724137934,0.8186922673789723,True,
2752,0.08352048558421851,0.5047238372093024,1389,0.37419181034482757,0.8186438386956577,True,
2753,0.08355083459787557,0.5045405012713403,1389,0.37419181034482757,0.8184051692733697,True,
2771,0.08409711684370258,0.5034283652111151,1395,0.37580818965517243,0.8183480367876763,True,
2772,0.08412746585735964,0.5032467532467533,1395,0.37580818965517243,0.818139893820688,True,
2774,0.08418816388467375,0.5032444124008651,1396,0.3760775862068966,0.8177725816435161,True,
2776,0.08424886191198785,0.5032420749279539,1397,0.37634698275862066,0.8177595145337124,True,
2777,0.08427921092564492,0.5030608570399712,1397,0.37634698275862066,0.8177533004250126,True,
2779,0.08433990895295902,0.5026988125224902,1397,0.37634698275862066,0.8175063324177684,True,
2781,0.08440060698027314,0.5023372887450558,1397,0.37634698275862066,0.8173812111548866,True,
2782,0.0844309559939302,0.5025161754133717,1398,0.3766163793103448,0.8169498385335884,True,
2787,0.08458270106221548,0.5016146393972013,1398,0.3766163793103448,0.816428697270455,True,
2816,0.08546282245827011,0.49964488636363635,1407,0.37904094827586204,0.8162111140614693,True,
2817,0.08549317147192716,0.4994675186368477,1407,0.37904094827586204,0.816129244730253,True,
2840,0.08619119878603945,0.49753521126760564,1413,0.3806573275862069,0.8159646004990513,True,
2841,0.08622154779969651,0.4977120732136572,1414,0.38092672413793105,0.8155336785808502,True,
2842,0.08625189681335356,0.4975369458128079,1414,0.38092672413793105,0.8154238208764594,True,
2843,0.08628224582701062,0.49771368272951105,1415,0.3811961206896552,0.8151344722701209,True,
2851,0.08652503793626708,0.497720098211154,1419,0.3822737068965517,0.8151056831566498,True,
2852,0.08655538694992412,0.49754558204768584,1419,0.3822737068965517,0.8150146690707779,True,
2853,0.08658573596358118,0.4977216964598668,1420,0.38254310344827586,0.8148658407049274,True,
2874,0.08722306525037936,0.4965205288796103,1427,0.3844288793103448,0.8148272846648071,True,
2880,0.0874051593323217,0.4965277777777778,1430,0.38523706896551724,0.814706211507836,True,
2885,0.08755690440060698,0.49636048526863086,1432,0.3857758620689655,0.8146902759276528,True,
2886,0.08758725341426403,0.4961884961884962,1432,0.3857758620689655,0.8146337507885969,True,
2905,0.0881638846737481,0.49569707401032703,1440,0.3879310344827586,0.8145438828749102,True,
2906,0.08819423368740516,0.49587061252580866,1441,0.38820043103448276,0.8144245855831954,True,
2911,0.08834597875569045,0.4957059429749227,1443,0.38873922413793105,0.8143558501785212,True,
2916,0.08849772382397572,0.4948559670781893,1443,0.38873922413793105,0.8143221954695904,True,
2938,0.08916540212443096,0.49455411844792374,1453,0.39143318965517243,0.8142379661544297,True,
2942,0.08928679817905918,0.49456152277362336,1455,0.39197198275862066,0.8141570881248619,True,
2946,0.0894081942336874,0.4938900203665988,1455,0.39197198275862066,0.8141407108570994,True,
2947,0.08943854324734446,0.493722429589413,1455,0.39197198275862066,0.8140973972638778,True,
2948,0.08946889226100152,0.49389416553595655,1456,0.3922413793103448,0.8140303774462522,True,
2949,0.08949924127465857,0.49406578501186843,1457,0.39251077586206895,0.8140038905234768,True,
2952,0.08959028831562975,0.49390243902439024,1458,0.3927801724137931,0.8138544586981092,True,
2954,0.08965098634294386,0.493906567366283,1459,0.39304956896551724,0.8138379473535298,True,
2955,0.08968133535660092,0.494077834179357,1460,0.3933189655172414,0.8137109288454396,True,
2958,0.08977238239757208,0.49391480730223125,1461,0.3935883620689655,0.8136793455641675,True,
2961,0.08986342943854325,0.4937521107733874,1462,0.39385775862068967,0.813524725078259,True,
2965,0.08998482549317147,0.4934232715008432,1463,0.3941271551724138,0.8133878304900802,True,
2981,0.09047040971168437,0.49312311304931233,1470,0.39601293103448276,0.8133473202685468,True,
3007,0.09125948406676783,0.492184901895577,1480,0.39870689655172414,0.8132014722664882,True,
3010,0.091350531107739,0.4920265780730897,1481,0.3989762931034483,0.8129436714059534,True,
3014,0.09147192716236723,0.4920371599203716,1483,0.3995150862068966,0.8129417021197476,True,
3015,0.09150227617602429,0.4918739635157546,1483,0.3995150862068966,0.812911588754237,True,
3017,0.0915629742033384,0.49154789526019227,1483,0.3995150862068966,0.8127081122172276,True,
3019,0.0916236722306525,0.4918847300430606,1485,0.4000538793103448,0.8126388766396205,True,
3021,0.09168437025796662,0.4915590863952334,1485,0.4000538793103448,0.8126105234705266,True,
3027,0.09186646433990896,0.4909150974562273,1486,0.40032327586206895,0.8125737270061589,True,
3031,0.09198786039453717,0.4909270867700429,1488,0.40086206896551724,0.8125257757756452,True,
3032,0.09201820940819423,0.49076517150395776,1488,0.40086206896551724,0.812495910661785,True,
3038,0.09220030349013657,0.4901250822909809,1489,0.4011314655172414,0.8123916334265314,True,
3042,0.0923216995447648,0.4898093359631821,1490,0.4014008620689655,0.8123533715544113,True,
3064,0.09298937784522003,0.48890339425587465,1498,0.4035560344827586,0.8121905172232406,True,
3067,0.0930804248861912,0.488425171177046,1498,0.4035560344827586,0.8120857054300985,True,
3072,0.09323216995447647,0.4886067708333333,1501,0.40436422413793105,0.812042509086929,True,
3074,0.0932928679817906,0.4886141834743006,1502,0.4046336206896552,0.8119539827898449,True,
3079,0.09344461305007587,0.4884702825592725,1504,0.4051724137931034,0.8119397850806916,True,
3085,0.0936267071320182,0.48816855753646676,1506,0.4057112068965517,0.8117191583269956,True,
3088,0.09371775417298937,0.4876943005181347,1506,0.4057112068965517,0.8113992322570162,True,
3089,0.09374810318664643,0.4875364195532535,1506,0.4057112068965517,0.8111465150296051,True,
3091,0.09380880121396054,0.4875444839857651,1507,0.40598060344827586,0.8109637571261282,True,
3093,0.09386949924127466,0.48755253798900744,1508,0.40625,0.8108631470538498,True,
3094,0.09389984825493171,0.48739495798319327,1508,0.40625,0.8108627574589935,True,
3095,0.09393019726858877,0.4872374798061389,1508,0.40625,0.8108125775057556,True,
3097,0.09399089529590288,0.487568614788505,1510,0.4067887931034483,0.8105786722463368,True,
3098,0.09402124430955994,0.48741123305358297,1510,0.4067887931034483,0.8102867224137028,True,
3101,0.0941122913505311,0.4869396968719768,1510,0.4067887931034483,0.810179643668542,True,
3103,0.09417298937784523,0.48727038349983887,1512,0.4073275862068966,0.8101205793685521,True,
3112,0.09444613050075873,0.48618251928020567,1513,0.40759698275862066,0.8100632647686579,True,
3113,0.09447647951441578,0.4860263411500161,1513,0.40759698275862066,0.8100235728546886,True,
3114,0.09450682852807284,0.48587026332691075,1513,0.40759698275862066,0.8096375110543981,True,
3115,0.0945371775417299,0.4857142857142857,1513,0.40759698275862066,0.8095789240685608,True,
3116,0.09456752655538694,0.4855584082156611,1513,0.40759698275862066,0.8095138134654731,True,
3117,0.094597875569044,0.48540263073468076,1513,0.40759698275862066,0.809454066529788,True,
3123,0.09477996965098634,0.4857508805635607,1517,0.40867456896551724,0.8092382738433459,True,
3126,0.09487101669195751,0.4859245041586692,1519,0.4092133620689655,0.8091009437130615,True,
3130,0.09499241274658574,0.48594249201277956,1521,0.4097521551724138,0.8090357121910476,True,
3131,0.0950227617602428,0.48578728840625995,1521,0.4097521551724138,0.8090195625862028,True,
3132,0.09505311077389984,0.48563218390804597,1521,0.4097521551724138,0.8089469118888492,True,
3133,0.0950834597875569,0.4854771784232365,1521,0.4097521551724138,0.808928571664133,True,
3134,0.09511380880121396,0.4856413529036375,1522,0.41002155172413796,0.8088248955096548,True,
3136,0.09517450682852807,0.48533163265306123,1522,0.41002155172413796,0.8087839363758805,True,
3139,0.09526555386949924,0.4858235106721886,1525,0.41082974137931033,0.808705654191411,True,
3144,0.09541729893778453,0.4856870229007634,1527,0.4113685344827586,0.808621642195144,True,
3146,0.09547799696509864,0.48569612205975843,1528,0.41163793103448276,0.8086152750618575,True,
3147,0.0955083459787557,0.48554178582777247,1528,0.41163793103448276,0.8085997740154875,True,
3149,0.0955690440060698,0.48523340743093046,1528,0.41163793103448276,0.8085944757748619,True,
3150,0.09559939301972686,0.4853968253968254,1529,0.4119073275862069,0.808399301996975,True,
3153,0.09569044006069803,0.48525214081826834,1530,0.41217672413793105,0.8083631362838193,True,
3155,0.09575113808801214,0.48557844690966717,1532,0.41271551724137934,0.8083151445377877,True,
3157,0.09581183611532625,0.48590433956287615,1534,0.41325431034482757,0.8081244397664288,True,
3159,0.09587253414264037,0.4862298195631529,1536,0.41379310344827586,0.8081032009528032,True,
3160,0.09590288315629741,0.4860759493670886,1536,0.41379310344827586,0.8080284267278754,True,
3189,0.09678300455235204,0.48604578237692064,1550,0.4175646551724138,0.8079848771356892,True,
3192,0.09687405159332321,0.4855889724310777,1550,0.4175646551724138,0.8078568292675844,True,
3193,0.09690440060698027,0.4854368932038835,1550,0.4175646551724138,0.8078123882286627,True,
3195,0.09696509863429438,0.48575899843505477,1552,0.41810344827586204,0.8077035965070731,True,
3198,0.09705614567526555,0.48592870544090055,1554,0.41864224137931033,0.8076317880778984,True,
3199,0.09708649468892261,0.48577680525164113,1554,0.41864224137931033,0.80759253286907,True,
3201,0.09714719271623672,0.4854732895970009,1554,0.41864224137931033,0.80753546835998,True,
3203,0.09720789074355084,0.48548236028723074,1555,0.4189116379310345,0.807516541363582,True,
3205,0.09726858877086494,0.48517940717628705,1555,0.4189116379310345,0.8074999888538822,True,
3206,0.097298937784522,0.4850280723643169,1555,0.4189116379310345,0.8074486527989193,True,
3207,0.09732928679817907,0.4848768319301528,1555,0.4189116379310345,0.8074025989912904,True,
3230,0.09802731411229135,0.4823529411764706,1558,0.4197198275862069,0.8072630883647445,True,
3232,0.09808801213960547,0.48205445544554454,1558,0.4197198275862069,0.8072032786569908,True,
3234,0.09814871016691958,0.48237476808905383,1560,0.4202586206896552,0.8071183788136455,True,
3237,0.09823975720789074,0.4822366388631449,1561,0.42052801724137934,0.8070210731268561,True,
3238,0.0982701062215478,0.4823965410747375,1562,0.4207974137931034,0.8070112398886775,True,
3240,0.09833080424886191,0.48271604938271606,1564,0.4213362068965517,0.8068979700884373,True,
3241,0.09836115326251897,0.48256710891700094,1564,0.4213362068965517,0.806711195118311,True,
3246,0.09851289833080425,0.4818237831176833,1564,0.4213362068965517,0.806708700365101,True,
3249,0.09860394537177541,0.481994459833795,1566,0.421875,0.80660924951331,True,
3251,0.09866464339908954,0.4820055367579206,1567,0.42214439655172414,0.806449687776707,True,
3255,0.09878603945371775,0.4823348694316436,1570,0.4229525862068966,0.8064046591649758,True,
3256,0.09881638846737481,0.4821867321867322,1570,0.4229525862068966,0.8063455431696293,True,
3259,0.09890743550834598,0.48174286590978826,1570,0.4229525862068966,0.8063379297352211,True,
3265,0.09908952959028831,0.48147013782542114,1572,0.4234913793103448,0.8063120174325972,True,
3272,0.09930197268588771,0.480440097799511,1572,0.4234913793103448,0.8061769945653869,True,
3274,0.09936267071320182,0.4804520464263897,1573,0.42376077586206895,0.8061279228427475,True,
3278,0.09948406676783005,0.4798657718120805,1573,0.42376077586206895,0.8058617142552592,True,
3280,0.09954476479514415,0.4801829268292683,1575,0.42429956896551724,0.8057893672902793,True,
3281,0.09957511380880121,0.4800365742151783,1575,0.42429956896551724,0.8056069158624793,True,
3282,0.09960546282245827,0.4801950030469226,1576,0.4245689655172414,0.8055603259752359,True,
3285,0.09969650986342944,0.4800608828006088,1577,0.4248383620689655,0.8054836152281917,True,
3286,0.09972685887708649,0.480219111381619,1578,0.42510775862068967,0.805367726172636,True,
3287,0.09975720789074355,0.4800730149072102,1578,0.42510775862068967,0.8053017054332473,True,
3309,0.10042488619119878,0.47778785131459656,1581,0.42591594827586204,0.8052435845998777,True,
3311,0.1004855842185129,0.4774992449411054,1581,0.42591594827586204,0.8050790544984093,True,
3315,0.10060698027314112,0.477526395173454,1583,0.42645474137931033,0.8048475740804826,True,
3316,0.10063732928679818,0.4776839565741858,1584,0.4267241379310345,0.8047322096328723,True,
3319,0.10072837632776935,0.4775534799638445,1585,0.4269935344827586,0.8045441020054477,True,
3324,0.10088012139605462,0.47743682310469315,1587,0.4275323275862069,0.8045367516514419,True,
3330,0.10106221547799696,0.47717717717717717,1589,0.4280711206896552,0.8044653228225964,True,
3333,0.10115326251896814,0.47734773477347736,1591,0.4286099137931034,0.8044591624713614,True,
3338,0.10130500758725342,0.47783103654883163,1595,0.4296875,0.8042841895580093,True,
3339,0.10133535660091048,0.4776879305181192,1595,0.4296875,0.8042612143785131,True,
3340,0.10136570561456752,0.47754491017964074,1595,0.4296875,0.8040516247932391,True,
3345,0.10151745068285281,0.4774289985052317,1597,0.4302262931034483,0.8039781104099356,True,
3346,0.10154779969650986,0.4775851763299462,1598,0.43049568965517243,0.8039392268304699,True,
3347,0.10157814871016692,0.47744248580818643,1598,0.43049568965517243,0.8038962849908762,True,
3350,0.10166919575113809,0.4773134328358209,1599,0.4307650862068966,0.8037901330065104,True,
3351,0.10169954476479515,0.4774694121157863,1600,0.43103448275862066,0.8034818525736044,True,
3352,0.1017298937784522,0.47762529832935563,1601,0.4313038793103448,0.8032657702049851,True,
3354,0.10179059180576631,0.4773404889683959,1601,0.4313038793103448,0.8032098779787179,True,
3355,0.10182094081942338,0.47719821162444115,1601,0.4313038793103448,0.8029592110661149,True,
3356,0.10185128983308042,0.47735399284862934,1602,0.43157327586206895,0.8027952436151138,True,
3358,0.10191198786039454,0.47706968433591423,1602,0.43157327586206895,0.8022860934506285,True,
3362,0.10203338391502276,0.4765020820939917,1602,0.43157327586206895,0.8022340370838954,True,
3363,0.10206373292867982,0.4766577460600654,1603,0.4318426724137931,0.8021498235700896,True,
3371,0.10230652503793626,0.4758231978641353,1604,0.43211206896551724,0.8021441658859972,True,
3377,0.10248861911987861,0.47586615339058336,1607,0.43292025862068967,0.8020147175191827,True,
3379,0.10254931714719272,0.4755844924533886,1607,0.43292025862068967,0.8019437946953566,True,
3380,0.10257966616084978,0.47544378698224854,1607,0.43292025862068967,0.8016775589719798,True,
3381,0.10261001517450682,0.4753031647441585,1607,0.43292025862068967,0.801657152167757,True,
3383,0.10267071320182095,0.4753177652970736,1608,0.4331896551724138,0.8016135644689064,True,
3384,0.10270106221547799,0.475177304964539,1608,0.4331896551724138,0.8014632522978747,True,
3385,0.10273141122913505,0.4753323485967504,1609,0.43345905172413796,0.8012180146964744,True,
3387,0.10279210925644916,0.47564216120460584,1611,0.4339978448275862,0.8009581858632349,True,
3388,0.10282245827010622,0.4757969303423849,1612,0.43426724137931033,0.8007973722262398,True,
3396,0.10306525037936268,0.4752650176678445,1614,0.4348060344827586,0.8007399423772922,True,
3399,0.10315629742033385,0.47572815533980584,1617,0.43561422413793105,0.8001402094532369,True,
3405,0.10333839150227618,0.47577092511013214,1620,0.4364224137931034,0.7998123773641195,True,
3408,0.10342943854324735,0.4753521126760563,1620,0.4364224137931034,0.7997796763791225,True,
3409,0.1034597875569044,0.47550601349369315,1621,0.43669181034482757,0.7996346692585548,True,
3410,0.10349013657056146,0.475366568914956,1621,0.43669181034482757,0.7994937913087623,True,
3411,0.10352048558421852,0.475520375256523,1622,0.4369612068965517,0.7993536089228033,True,
3412,0.10355083459787556,0.4753810082063306,1622,0.4369612068965517,0.7993529146101872,True,
3414,0.10361153262518968,0.47510251903925016,1622,0.4369612068965517,0.7991720288379582,True,
3418,0.10373292867981791,0.4748390871854886,1623,0.43723060344827586,0.7989156988043603,True,
3420,0.10379362670713202,0.47514619883040937,1625,0.43776939655172414,0.7988974972680623,True,
3443,0.10449165402124432,0.4742956723787395,1633,0.43992456896551724,0.7987720130772508,True,
3445,0.10455235204855842,0.47431059506531204,1634,0.4401939655172414,0.7987614757216203,True,
3448,0.10464339908952959,0.4741879350348028,1635,0.4404633620689655,0.7986718391624624,True,
3466,0.1051896813353566,0.47345643392960185,1641,0.44207974137931033,0.7982951283123161,True,
3485,0.10576631259484066,0.4714490674318508,1643,0.4426185344827586,0.7982883666605372,True,
3487,0.10582701062215479,0.4711786636076857,1643,0.4426185344827586,0.7982653712360075,True,
3488,0.10585735963581183,0.4713302752293578,1644,0.44288793103448276,0.7977183306722425,True,
3489,0.10588770864946889,0.47148179994267697,1645,0.4431573275862069,0.7975905630218659,True,
3518,0.10676783004552352,0.46986924388857304,1653,0.4453125,0.7975344369433454,True,
3519,0.10679817905918057,0.47001989201477695,1654,0.44558189655172414,0.7975175940583789,True,
3527,0.10704097116843703,0.46980436631698325,1657,0.4463900862068966,0.7974391440182153,True,
3528,0.10707132018209409,0.46967120181405897,1657,0.4463900862068966,0.79729339037335,True,
3530,0.1071320182094082,0.46940509915014167,1657,0.4463900862068966,0.7972731924853664,True,
3544,0.10755690440060699,0.46896162528216706,1662,0.44773706896551724,0.797010507188039,True,
3546,0.1076176024279211,0.4692611393119007,1664,0.4482758620689655,0.7969520797653432,True,
3547,0.10764795144157815,0.4691288412743163,1664,0.4482758620689655,0.7968641435808015,True,
3549,0.10770864946889226,0.46886446886446886,1664,0.4482758620689655,0.7967623973821177,True,
3550,0.10773899848254932,0.4687323943661972,1664,0.4482758620689655,0.7966566206417633,True,
3571,0.1083763277693475,0.46849621954634557,1673,0.45070043103448276,0.7966377295577473,True,
3576,0.10852807283763277,0.46812080536912754,1674,0.4509698275862069,0.796632839339241,True,
3577,0.10855842185128983,0.4679899357003075,1674,0.4509698275862069,0.7965561811458539,True,
3585,0.10880121396054629,0.46834030683403066,1679,0.45231681034482757,0.7964815868128947,True,
3598,0.109195751138088,0.4677598665925514,1683,0.45339439655172414,0.7964152761089796,True,
3613,0.10965098634294386,0.46720177138112373,1688,0.4547413793103448,0.7963756260042447,True,
3614,0.1096813353566009,0.46707249584947425,1688,0.4547413793103448,0.7960659142953646,True,
3615,0.10971168437025797,0.4669432918395574,1688,0.4547413793103448,0.7960155485370141,True,
3625,0.11001517450682853,0.46648275862068966,1691,0.45554956896551724,0.7959623689375307,True,
3626,0.11004552352048558,0.4663541092112521,1691,0.45554956896551724,0.7959571040731147,True,
3628,0.1101062215477997,0.46664829106945976,1693,0.4560883620689655,0.7959213004511527,True,
3629,0.11013657056145676,0.46651970239735463,1693,0.4560883620689655,0.7958710176475106,True,
3636,0.11034901365705614,0.466996699669967,1698,0.4574353448275862,0.7956746916189553,True,
3638,0.11040971168437026,0.46701484332050575,1699,0.45770474137931033,0.795624421500864,True,
3640,0.11047040971168437,0.4673076923076923,1701,0.4582435344827586,0.7955164806964579,True,
3650,0.11077389984825493,0.46684931506849314,1704,0.45905172413793105,0.7954889054115962,True,
3653,0.1108649468892261,0.4664659184232138,1704,0.45905172413793105,0.7954077146273603,True,
3654,0.11089529590288316,0.4663382594417077,1704,0.45905172413793105,0.7953691186985821,True,
3656,0.11095599393019727,0.4663566739606127,1705,0.4593211206896552,0.7953256537139924,True,
3680,0.11168437025796661,0.46494565217391304,1711,0.4609375,0.7951293375505154,True,
3684,0.11180576631259484,0.46444082519001084,1711,0.4609375,0.7949810188951236,True,
3690,0.11198786039453718,0.46476964769647694,1715,0.4620150862068966,0.7949548855839065,True,
3691,0.11201820940819424,0.4646437279869954,1715,0.4620150862068966,0.7947323315210663,True,
3709,0.11256449165402124,0.46400647074683204,1721,0.4636314655172414,0.7946398503766329,True,
3726,0.1130804248861912,0.46349973161567365,1727,0.4652478448275862,0.7945902989614897,True,
3728,0.11314112291350531,0.4632510729613734,1727,0.4652478448275862,0.7945135328054301,True,
3730,0.11320182094081942,0.46327077747989276,1728,0.46551724137931033,0.7943379167464164,True,
3751,0.1138391502276176,0.4628099173553719,1736,0.4676724137931034,0.7942505168542103,True,
3752,0.11386949924127465,0.4626865671641791,1736,0.4676724137931034,0.7941811782907904,True,
3772,0.11447647951441578,0.46208907741251326,1743,0.46955818965517243,0.7941006080262681,True,
3776,0.11459787556904401,0.461864406779661,1744,0.4698275862068966,0.7940559191167542,True,
3785,0.11487101669195751,0.46155878467635403,1747,0.47063577586206895,0.794018940695294,True,
3786,0.11490136570561457,0.4614368726888537,1747,0.47063577586206895,0.7939661339774116,True,
3787,0.11493171471927162,0.4613150250858199,1747,0.47063577586206895,0.7935382222502916,True,
3790,0.11502276176024279,0.4614775725593668,1749,0.47117456896551724,0.7934187503547308,True,
3795,0.11517450682852808,0.4608695652173913,1749,0.47117456896551724,0.793000539004936,True,
3798,0.11526555386949924,0.4610321221695629,1751,0.4717133620689655,0.7925463663853374,True,
3801,0.11535660091047041,0.4606682451986319,1751,0.4717133620689655,0.7923501299682906,True,
3807,0.11553869499241275,0.46020488573680063,1752,0.47198275862068967,0.7921437781899882,True,
3808,0.11556904400606981,0.46034663865546216,1753,0.4722521551724138,0.7920214462753644,True,
3810,0.11562974203338391,0.4601049868766404,1753,0.4722521551724138,0.7918591288102014,True,
3819,0.11590288315629742,0.46006808064938465,1757,0.47332974137931033,0.7916286197950796,True,
3841,0.11657056145675265,0.4597760999739651,1766,0.47575431034482757,0.7914999729524752,True,
3845,0.11669195751138088,0.4598179453836151,1768,0.47629310344827586,0.7914369505239596,True,
3852,0.11690440060698028,0.45976116303219106,1771,0.4771012931034483,0.7912322191368603,True,
3867,0.11735963581183612,0.45927075252133437,1776,0.47844827586206895,0.7911866243087928,True,
3883,0.11784522003034902,0.45918104558331185,1783,0.48033405172413796,0.7908932103950059,True,
3885,0.11790591805766312,0.4594594594594595,1785,0.4808728448275862,0.7904450075535016,True,
3886,0.11793626707132018,0.45934122490993307,1785,0.4808728448275862,0.7903037060422284,True,
3889,0.11802731411229135,0.45898688608896887,1785,0.4808728448275862,0.7901498612057493,True,
3890,0.11805766312594841,0.4588688946015424,1785,0.4808728448275862,0.7900709600392916,True,
3891,0.11808801213960546,0.45875096376252894,1785,0.4808728448275862,0.7900510831274165,True,
3894,0.11817905918057663,0.4589111453518233,1787,0.4814116379310345,0.7894745699506528,True,
3895,0.11820940819423369,0.4590500641848524,1788,0.4816810344827586,0.7893742203607204,True,
3922,0.1190288315629742,0.4584395716471188,1798,0.484375,0.7892465263566171,True,
3943,0.11966616084977238,0.4585341110829318,1808,0.4870689655172414,0.7890105845701323,True,
3945,0.11972685887708649,0.4583016476552598,1808,0.4870689655172414,0.7888733820277761,True,
3952,0.11993930197268589,0.458248987854251,1811,0.4878771551724138,0.78817246622502,True,
3955,0.12003034901365706,0.4579013906447535,1811,0.4878771551724138,0.7880062507918126,True,
3958,0.12012139605462822,0.4575543203638201,1811,0.4878771551724138,0.7875653494883189,True,
3961,0.12021244309559939,0.4572077758141883,1811,0.4878771551724138,0.7871105832943371,True,
3962,0.12024279210925645,0.4573447753659768,1812,0.48814655172413796,0.7870325934320382,True,
3963,0.1202731411229135,0.45722937168811506,1812,0.48814655172413796,0.7868925483991485,True,
3967,0.12039453717754173,0.45676833879505924,1812,0.48814655172413796,0.7860398487108643,True,
3968,0.12042488619119879,0.4569052419354839,1813,0.48841594827586204,0.785668692349326,True,
3970,0.1204855842185129,0.4566750629722922,1813,0.48841594827586204,0.7856525267469601,True,
3972,0.12054628224582702,0.4564451158106747,1813,0.48841594827586204,0.7855826369156541,True,
3973,0.12057663125948406,0.4563302290460609,1813,0.48841594827586204,0.7854195371931466,True,
3980,0.12078907435508346,0.45552763819095476,1813,0.48841594827586204,0.785292015074931,True,
3981,0.12081942336874052,0.4554132127606129,1813,0.48841594827586204,0.7851374464348233,True,
3983,0.12088012139605463,0.45518453427065025,1813,0.48841594827586204,0.7843957124295687,True,
3984,0.12091047040971169,0.455070281124498,1813,0.48841594827586204,0.784390907551607,True,
3985,0.12094081942336873,0.45520702634880805,1814,0.4886853448275862,0.7836598468752367,True,
3986,0.1209711684370258,0.45509282488710484,1814,0.4886853448275862,0.783597990281442,True,
3990,0.12109256449165402,0.4548872180451128,1815,0.48895474137931033,0.7833302180258503,True,
3991,0.12112291350531108,0.45502380355800554,1816,0.4892241379310345,0.783234205146355,True,
3995,0.1212443095599393,0.45481852315394244,1817,0.4894935344827586,0.7832072053936826,True,
4005,0.12154779969650986,0.4541822721598002,1819,0.4900323275862069,0.7827681794028692,True,
4006,0.12157814871016692,0.4540688966550175,1819,0.4900323275862069,0.78162300542942,True,
4007,0.12160849772382397,0.45395557773895684,1819,0.4900323275862069,0.7815189078106631,True,
4011,0.1217298937784522,0.4535028671154326,1819,0.4900323275862069,0.7812289229937587,True,
4012,0.12176024279210926,0.4533898305084746,1819,0.4900323275862069,0.7811062057051533,True,
4014,0.12182094081942337,0.45316392625809665,1819,0.4900323275862069,0.7810454886796405,True,
4015,0.12185128983308043,0.4530510585305106,1819,0.4900323275862069,0.7809417212349249,True,
4021,0.12203338391502276,0.45361850285998506,1824,0.49137931034482757,0.7808440744427417,True,
4022,0.12206373292867982,0.4535057185479861,1824,0.49137931034482757,0.7806690751464568,True,
4023,0.12209408194233687,0.453392990305742,1824,0.49137931034482757,0.7804343056352008,True,
4025,0.12215477996965099,0.45316770186335403,1824,0.49137931034482757,0.7803829019887715,True,
4030,0.12230652503793626,0.45260545905707195,1824,0.49137931034482757,0.7803535733429575,True,
4031,0.12233687405159333,0.4524931778714959,1824,0.49137931034482757,0.7800350315712383,True,
4032,0.12236722306525039,0.45262896825396826,1825,0.4916487068965517,0.7795773667523777,True,
4035,0.12245827010622155,0.45229244114002476,1825,0.4916487068965517,0.7795402573601787,True,
4038,0.12254931714719272,0.4519564140663695,1825,0.4916487068965517,0.7794434798968386,True,
4043,0.122701062215478,0.4513974771209498,1825,0.4916487068965517,0.7793936307780219,True,
4044,0.12273141122913506,0.4512858555885262,1825,0.4916487068965517,0.7793292307746625,True,
4045,0.1227617602427921,0.4514215080346106,1826,0.49191810344827586,0.7792707215932313,True,
4046,0.12279210925644916,0.4515570934256055,1827,0.4921875,0.7792297233455171,True,
4047,0.12282245827010622,0.45169261181121817,1828,0.49245689655172414,0.7786434743502831,True,
4048,0.12285280728376327,0.4515810276679842,1828,0.49245689655172414,0.7785941488998692,True,
4049,0.12288315629742033,0.45146949864163993,1828,0.49245689655172414,0.7779337474653215,True,
4055,0.12306525037936267,0.4510480887792848,1829,0.4927262931034483,0.7770119225281518,True,
4063,0.12330804248861912,0.45089835097218806,1832,0.49353448275862066,0.7769600154523758,True,
4083,0.12391502276176024,0.4499142787166299,1837,0.4948814655172414,0.776771918527751,True,
4084,0.1239453717754173,0.44980411361410383,1837,0.4948814655172414,0.7758183266894513,True,
4086,0.1240060698027314,0.4500734214390602,1839,0.49542025862068967,0.7756001905755838,True,
4091,0.1241578148710167,0.44952334392569054,1839,0.49542025862068967,0.7751673995985331,True,
4092,0.12418816388467374,0.44941348973607037,1839,0.49542025862068967,0.7748197306201706,True,
4094,0.12424886191198786,0.44919394235466537,1839,0.49542025862068967,0.7747119513255253,True,
4095,0.12427921092564492,0.4490842490842491,1839,0.49542025862068967,0.7746626058538657,True,
4116,0.1249165402124431,0.44946550048590866,1850,0.4983836206896552,0.7745889511766978,True,
4122,0.12509863429438542,0.4492964580300825,1852,0.4989224137931034,0.774075090538629,True,
4129,0.12531107738998482,0.448534754177767,1852,0.4989224137931034,0.7740652702109933,True,
4130,0.12534142640364188,0.4486682808716707,1853,0.49919181034482757,0.7737717953036705,True,
4131,0.12537177541729894,0.448559670781893,1853,0.49919181034482757,0.7736863028558303,True,
4132,0.125402124430956,0.4484511132623427,1853,0.49919181034482757,0.7735077810498874,True,
4156,0.12613050075872534,0.4475457170356112,1860,0.5010775862068966,0.7733040422967763,True,
4167,0.12646433990895295,0.44756419486441085,1865,0.5024245689655172,0.7732332585053034,True,
4169,0.12652503793626707,0.4473494842887983,1865,0.5024245689655172,0.7730828712652603,True,
4175,0.1267071320182094,0.447185628742515,1867,0.5029633620689655,0.7729996368370368,True,
4177,0.12676783004552353,0.4469715106535791,1867,0.5029633620689655,0.7729889922651195,True,
4178,0.1267981790591806,0.4468645284825275,1867,0.5029633620689655,0.7726409102404239,True,
4179,0.12682852807283762,0.4469968892079445,1868,0.5032327586206896,0.7724846744236381,True,
4180,0.12685887708649468,0.4471291866028708,1869,0.5035021551724138,0.7724574000247751,True,
4181,0.12688922610015174,0.4470222434824205,1869,0.5035021551724138,0.7724387807657809,True,
4194,0.12728376327769347,0.44682880305197903,1874,0.5048491379310345,0.7722426325546906,True,
4206,0.12764795144157814,0.44650499286733236,1878,0.505926724137931,0.7721222892043038,True,
4220,0.12807283763277694,0.44620853080568723,1883,0.5072737068965517,0.772058061082578,True,
4221,0.128103186646434,0.4461028192371476,1883,0.5072737068965517,0.7715092247346679,True,
4236,0.12855842185128982,0.4457034938621341,1888,0.5086206896551724,0.7714178452009898,True,
4239,0.128649468892261,0.44562396791696157,1889,0.5088900862068966,0.7713480901727475,True,
4254,0.12910470409711686,0.44522802068641276,1894,0.5102370689655172,0.7712537094131029,True,
4265,0.12943854324734447,0.44501758499413835,1898,0.5113146551724138,0.7707493209596133,True,
4275,0.12974203338391502,0.44491228070175437,1902,0.5123922413793104,0.7706654006247514,True,
4277,0.12980273141122914,0.4451718494271686,1904,0.5129310344827587,0.7705706128869303,True,
4279,0.12986342943854326,0.4449637765833139,1904,0.5129310344827587,0.7699586417356876,True,
4281,0.12992412746585735,0.44498948843728103,1905,0.5132004310344828,0.769721978040661,True,
4291,0.13022761760242793,0.4446515963644838,1908,0.5140086206896551,0.7696614826867644,True,
4295,0.13034901365705615,0.44447031431897555,1909,0.5142780172413793,0.7695718556188808,True,
4300,0.13050075872534142,0.4444186046511628,1911,0.5148168103448276,0.7695079872476116,True,
4303,0.1305918057663126,0.44410876132930516,1911,0.5148168103448276,0.7693786690235599,True,
4305,0.1306525037936267,0.4443670150987224,1913,0.5153556034482759,0.7690365355757471,True,
4313,0.13089529590288315,0.4447020635288662,1918,0.5167025862068966,0.76894979728045,True,
4316,0.13098634294385433,0.44439295644114923,1918,0.5167025862068966,0.7685065978436465,True,
4325,0.13125948406676782,0.4439306358381503,1920,0.5172413793103449,0.7685047788942885,True,
4327,0.13132018209408194,0.44395655188352207,1921,0.517510775862069,0.7684505308490404,True,
4329,0.13138088012139607,0.44398244398244396,1922,0.5177801724137931,0.7682542495749622,True,
4361,0.13235204855842186,0.44164182526943363,1926,0.5188577586206896,0.7682285016772227,True,
4362,0.1323823975720789,0.44154057771664373,1926,0.5188577586206896,0.7681691305801434,True,
4366,0.13250379362670714,0.4415941365093907,1928,0.5193965517241379,0.7674261340066175,True,
4367,0.1325341426403642,0.4414930158003206,1928,0.5193965517241379,0.7671731463687559,True,
4368,0.13256449165402123,0.4416208791208791,1929,0.5196659482758621,0.7669181480301714,True,
4370,0.13262518968133535,0.4414187643020595,1929,0.5196659482758621,0.7668842183823081,True,
4371,0.13265553869499241,0.44154655685197897,1930,0.5199353448275862,0.7664758662913878,True,
4402,0.13359635811836115,0.4407087687414811,1940,0.5226293103448276,0.7658862839845767,True,
4403,0.1336267071320182,0.44060867590279357,1940,0.5226293103448276,0.7658419090886954,True,
4404,0.13365705614567527,0.44073569482288827,1941,0.5228987068965517,0.7654610062116971,True,
4405,0.13368740515933233,0.4406356413166856,1941,0.5228987068965517,0.7650929866089482,True,
4410,0.1338391502276176,0.44081632653061226,1944,0.5237068965517241,0.7648618660569589,True,
4411,0.13386949924127467,0.44094309680344596,1945,0.5239762931034483,0.7647564810528721,True,
4420,0.13414264036418816,0.4411764705882353,1950,0.525323275862069,0.7644309020866162,True,
4422,0.13420333839150228,0.4414292175486205,1952,0.5258620689655172,0.7639181672488571,True,
4425,0.13429438543247343,0.44112994350282486,1952,0.5258620689655172,0.7632569741016345,True,
4426,0.1343247344461305,0.4412562132851333,1953,0.5261314655172413,0.7625740729776542,True,
4427,0.13435508345978756,0.44115653941721256,1953,0.5261314655172413,0.7625219267561955,True,
4430,0.13444613050075874,0.44130925507900676,1955,0.5266702586206896,0.7622968949416947,True,
4431,0.13447647951441577,0.4412096592191379,1955,0.5266702586206896,0.7614661276237091,True,
4432,0.13450682852807283,0.4411101083032491,1955,0.5266702586206896,0.7611863540863004,True,
4436,0.13462822458270107,0.44116321009918846,1957,0.5272090517241379,0.7604610304681049,True,
4440,0.1347496206373293,0.4412162162162162,1959,0.5277478448275862,0.7603001801320798,True,
4459,0.13532625189681335,0.4404575016819915,1964,0.5290948275862069,0.7599885455830859,True,
4461,0.13538694992412748,0.44048419636852726,1965,0.529364224137931,0.7597617083995284,True,
4490,0.1362670713201821,0.44008908685968817,1976,0.5323275862068966,0.7596579743290366,True,
4492,0.1363277693474962,0.4401157613535174,1977,0.5325969827586207,0.7591544750942556,True,
4515,0.1370257966616085,0.4398671096345515,1986,0.5350215517241379,0.7591504359277235,True,
4516,0.13705614567526556,0.43976970770593443,1986,0.5350215517241379,0.7590798965209068,True,
4517,0.13708649468892262,0.4396723489041399,1986,0.5350215517241379,0.7590520891746106,True,
4520,0.13717754172989377,0.4393805309734513,1986,0.5350215517241379,0.7587371798094414,True,
4521,0.13720789074355083,0.43950453439504533,1987,0.5352909482758621,0.7587304531737885,True,
4523,0.13726858877086495,0.439752376741101,1989,0.5358297413793104,0.7585886666711193,True,
4526,0.1373596358118361,0.4394608926204154,1989,0.5358297413793104,0.7585240973422317,True,
4527,0.13738998482549317,0.4393638170974155,1989,0.5358297413793104,0.7583725822519942,True,
4554,0.1382094081942337,0.43873517786561267,1998,0.5382543103448276,0.7581905319104165,True,
4555,0.13823975720789075,0.4388583973655324,1999,0.5385237068965517,0.7579457910438561,True,
4562,0.13845220030349015,0.4384042086804033,2000,0.5387931034482759,0.7579305070440308,True,
4598,0.13954476479514416,0.43779904306220097,2013,0.5422952586206896,0.7578226756168545,True,
4599,0.13957511380880122,0.4379212872363557,2014,0.5425646551724138,0.7577061840769838,True,
4600,0.13960546282245828,0.43782608695652175,2014,0.5425646551724138,0.7575339421558247,True,
4623,0.14030349013657056,0.4373783257624919,2022,0.5447198275862069,0.7567155881371102,True,
4625,0.14036418816388468,0.4374054054054054,2023,0.544989224137931,0.756355514523201,True,
4629,0.1404855842185129,0.43702743573125946,2023,0.544989224137931,0.7549568376414215,True,
4632,0.14057663125948408,0.4371761658031088,2025,0.5455280172413793,0.7546614682197986,True,
4645,0.14097116843702578,0.43724434876210977,2031,0.5471443965517241,0.754170817299385,True,
4646,0.14100151745068285,0.4373654756780026,2032,0.5474137931034483,0.7541685614606846,True,
4648,0.14106221547799697,0.4373924268502582,2033,0.5476831896551724,0.7539393537796828,True,
4651,0.14115326251896812,0.4371102988604601,2033,0.5476831896551724,0.7539108793989263,True,
4652,0.14118361153262518,0.4370163370593293,2033,0.5476831896551724,0.7530945322323003,True,
4653,0.14121396054628224,0.4369224156458199,2033,0.5476831896551724,0.7519624539465221,True,
4674,0.14185128983308043,0.4368848951647411,2042,0.5501077586206896,0.7516737436694603,True,
4675,0.1418816388467375,0.43679144385026736,2042,0.5501077586206896,0.7515603746181384,True,
4676,0.14191198786039455,0.43669803250641576,2042,0.5501077586206896,0.7513606234995619,True,
4677,0.14194233687405158,0.4366046611075476,2042,0.5501077586206896,0.7511323071366021,True,
4678,0.14197268588770864,0.4365113296280462,2042,0.5501077586206896,0.750694240725714,True,
4680,0.14203338391502277,0.43632478632478633,2042,0.5501077586206896,0.7494685022578151,True,
4682,0.1420940819423369,0.43613840239214013,2042,0.5501077586206896,0.7489831893882354,True,
4683,0.14212443095599392,0.43625880845611786,2043,0.5503771551724138,0.7485230307006722,True,
4685,0.14218512898330804,0.43649946638207043,2045,0.5509159482758621,0.7484817940620055,True,
4687,0.14224582701062216,0.4363132067420525,2045,0.5509159482758621,0.7478415643420183,True,
4689,0.14230652503793625,0.436127105992749,2045,0.5509159482758621,0.7468440141094369,True,
4690,0.14233687405159332,0.43603411513859275,2045,0.5509159482758621,0.7460669659565939,True,
4691,0.14236722306525038,0.4359411639309316,2045,0.5509159482758621,0.7459461196279666,True,
4692,0.14239757207890744,0.43584825234441604,2045,0.5509159482758621,0.7447297644297273,True,
4695,0.1424886191198786,0.43578274760383384,2046,0.5511853448275862,0.7439938139295039,True,
4696,0.14251896813353565,0.43590289608177174,2047,0.5514547413793104,0.743282708163573,True,
4698,0.14257966616084977,0.43571732652192424,2047,0.5514547413793104,0.7425145216102628,True,
4699,0.14261001517450683,0.4356246009789317,2047,0.5514547413793104,0.7422579632188444,True,
4700,0.1426403641881639,0.43553191489361703,2047,0.5514547413793104,0.7417605322848716,True,
4703,0.14273141122913505,0.4352540931320434,2047,0.5514547413793104,0.7416432072316588,True,
4704,0.1427617602427921,0.4351615646258503,2047,0.5514547413793104,0.741177550460201,True,
4710,0.14294385432473444,0.4348195329087049,2048,0.5517241379310345,0.7409746597535731,True,
4717,0.14315629742033384,0.43438626245495016,2049,0.5519935344827587,0.7409670096455586,True,
4737,0.14376327769347497,0.4327633523327,2050,0.5522629310344828,0.7406815347309229,True,
4738,0.14379362670713203,0.4326720135078092,2050,0.5522629310344828,0.7405934360664411,True,
4739,0.1438239757207891,0.4327917282127031,2051,0.5525323275862069,0.7400283138682544,True,
4741,0.14388467374810318,0.4328200801518667,2052,0.552801724137931,0.739731225103154,True,
4742,0.14391502276176024,0.43272880641079714,2052,0.552801724137931,0.739622904984729,True,
4744,0.14397572078907436,0.4327571669477234,2053,0.5530711206896551,0.7393362548249353,True,
4745,0.14400606980273142,0.4326659641728135,2053,0.5530711206896551,0.7382670905323669,True,
4746,0.14403641881638846,0.432574799831437,2053,0.5530711206896551,0.7378617249194437,True,
4748,0.14409711684370258,0.4323925863521483,2053,0.5530711206896551,0.7363007649991451,True,
4749,0.14412746585735964,0.4323015371657191,2053,0.5530711206896551,0.7355578572168902,True,
4750,0.1441578148710167,0.4322105263157895,2053,0.5530711206896551,0.7355287505653596,True,
4751,0.14418816388467376,0.432119553778152,2053,0.5530711206896551,0.7349044346026873,True,
4774,0.14488619119878604,0.4306661080854629,2056,0.5538793103448276,0.7339196902106818,True,
4776,0.14494688922610016,0.4304857621440536,2056,0.5538793103448276,0.7337889239729098,True,
4777,0.1449772382397572,0.4303956458028051,2056,0.5538793103448276,0.7315974282330625,True,
4783,0.14515933232169956,0.4298557390758938,2056,0.5538793103448276,0.73078829331445,True,
4784,0.1451896813353566,0.4297658862876254,2056,0.5538793103448276,0.7304462815295497,True,
4800,0.1456752655538695,0.42875,2058,0.5544181034482759,0.7301659656043452,True,
4801,0.14570561456752656,0.42866069568839826,2058,0.5544181034482759,0.7300875184946019,True,
4802,0.14573596358118363,0.42857142857142855,2058,0.5544181034482759,0.7290780838958943,True,
4804,0.14579666160849772,0.42860116569525397,2059,0.5546875,0.7281767487983853,True,
4805,0.14582701062215478,0.4285119667013528,2059,0.5546875,0.7274428772684343,True,
4806,0.14585735963581184,0.4284228048272992,2059,0.5546875,0.7272384241333677,True,
4810,0.14597875569044005,0.42806652806652806,2059,0.5546875,0.7272219167605058,True,
4823,0.14637329286798179,0.4277420692515032,2063,0.5557650862068966,0.727033545770177,True,
4835,0.14673748103186646,0.4270941054808687,2065,0.5563038793103449,0.7267744541412473,True,
4839,0.1468588770864947,0.42694771647034513,2066,0.556573275862069,0.7266393028154573,True,
4840,0.14688922610015173,0.4268595041322314,2066,0.556573275862069,0.7258861720009825,True,
4845,0.14704097116843703,0.4264189886480908,2066,0.556573275862069,0.7256478880835046,True,
4849,0.14716236722306525,0.4260672303567746,2066,0.556573275862069,0.7249149762849156,True,
4850,0.1471927162367223,0.4261855670103093,2067,0.5568426724137931,0.7235626118767591,True,
4853,0.14728376327769346,0.426334226251803,2069,0.5573814655172413,0.7235114155072625,True,
4856,0.14737481031866465,0.4264827018121911,2071,0.5579202586206896,0.7229344286417263,True,
4857,0.1474051593323217,0.42639489396746966,2071,0.5579202586206896,0.7224082476363975,True,
4860,0.14749620637329286,0.42633744855967076,2072,0.5581896551724138,0.7222194461818539,True,
4878,0.14804248861911987,0.42517425174251744,2074,0.5587284482758621,0.722134849589746,True,
4882,0.1481638846737481,0.42503072511265877,2075,0.5589978448275862,0.7217984582966879,True,
4884,0.1482245827010622,0.4250614250614251,2076,0.5592672413793104,0.7213316188100393,True,
4886,0.14828528072837632,0.42509209987720015,2077,0.5595366379310345,0.7204981558265047,True,
4887,0.14831562974203338,0.4250051156128504,2077,0.5595366379310345,0.7191096689929027,True,
4893,0.14849772382397572,0.4248927038626609,2079,0.5600754310344828,0.718951163484491,True,
4895,0.14855842185128984,0.4247191011235955,2079,0.5600754310344828,0.7186296250202606,True,
4897,0.14861911987860393,0.42474984684500716,2080,0.5603448275862069,0.7181727094309429,True,
4910,0.14901365705614567,0.42484725050916494,2086,0.5619612068965517,0.7179595832830401,True,
4920,0.14931714719271624,0.4245934959349594,2089,0.5627693965517241,0.7163382914097038,True,
4921,0.1493474962063733,0.4245072139808982,2089,0.5627693965517241,0.7161614572955283,True,
4922,0.14937784522003034,0.4244209670865502,2089,0.5627693965517241,0.7155716507396032,True,
4927,0.14952959028831564,0.4239902577633448,2089,0.5627693965517241,0.7154353465722462,True,
4932,0.14968133535660091,0.4235604217356042,2089,0.5627693965517241,0.7151390637718888,True,
4944,0.15004552352048559,0.42334142394822005,2093,0.5638469827586207,0.7150242612863545,True,
4945,0.15007587253414265,0.4232558139534884,2093,0.5638469827586207,0.7143323913343332,True,
4946,0.1501062215477997,0.42317023857662756,2093,0.5638469827586207,0.7132042302288034,True,
4952,0.15028831562974204,0.42306138933764137,2095,0.564385775862069,0.7122613741084177,True,
4953,0.1503186646433991,0.42317787199676965,2096,0.5646551724137931,0.7113444768409427,True,
4957,0.15044006069802732,0.42323986282025416,2098,0.5651939655172413,0.7100157854299628,True,
4970,0.15083459787556905,0.42313883299798793,2103,0.5665409482758621,0.7095852693726649,True,
4976,0.15101669195751138,0.4232315112540193,2106,0.5673491379310345,0.7090300946654505,True,
4977,0.15104704097116844,0.4231464737793852,2106,0.5673491379310345,0.7082141874385894,True,
4980,0.1511380880121396,0.42289156626506025,2106,0.5673491379310345,0.7078183217998922,True,
4982,0.15119878603945372,0.42292252107587314,2107,0.5676185344827587,0.7071076811744815,True,
4983,0.15122913505311078,0.42283764800321094,2107,0.5676185344827587,0.7069588426302332,True,
4989,0.15141122913505312,0.4225295650430948,2108,0.5678879310344828,0.7068710750416366,True,
4991,0.1514719271623672,0.422360248447205,2108,0.5678879310344828,0.7049062597892055,True,
4997,0.15165402124430957,0.4220532319391635,2109,0.5681573275862069,0.7045703733220438,True,
5000,0.15174506828528073,0.422,2110,0.568426724137931,0.704153603466837,True,
5001,0.1517754172989378,0.4221155768846231,2111,0.5686961206896551,0.7030172288276434,True,
5006,0.15192716236722306,0.42189372752696763,2112,0.5689655172413793,0.7025875222204612,True,
5010,0.15204855842185128,0.4217564870259481,2113,0.5692349137931034,0.6989464991466957,True,
5011,0.15207890743550834,0.4216723208940331,2113,0.5692349137931034,0.6974511492820666,True,
5017,0.15226100151745067,0.4215666733107435,2115,0.5697737068965517,0.6957450466490149,True,
5018,0.15229135053110773,0.4214826624153049,2115,0.5697737068965517,0.6954125611569787,True,
5019,0.1523216995447648,0.42139868499701133,2115,0.5697737068965517,0.6947127241467113,True,
5020,0.15235204855842185,0.42151394422310756,2116,0.5700431034482759,0.6904099926136673,True,
5021,0.15238239757207891,0.4214299940250946,2116,0.5700431034482759,0.6853021159421291,True,
5025,0.15250379362670713,0.4210945273631841,2116,0.5700431034482759,0.6819890767107724,True,
5026,0.1525341426403642,0.42120970951054515,2117,0.5703125,0.6789164667713206,True,
5027,0.15256449165402125,0.42112592003182814,2117,0.5703125,0.6785222391287273,True,
5029,0.15262518968133534,0.4209584410419567,2117,0.5703125,0.6778485345740541,True,
5031,0.15268588770864946,0.4207910952096999,2117,0.5703125,0.6769626070102408,True,
5032,0.15271623672230653,0.4207074721780604,2117,0.5703125,0.6757486407236365,True,
5037,0.1528679817905918,0.4204883859440143,2118,0.5705818965517241,0.6739972297062286,True,
5039,0.15292867981790592,0.42032149235959515,2118,0.5705818965517241,0.6737411613450018,True,
5040,0.15295902883156298,0.42023809523809524,2118,0.5705818965517241,0.673224783209613,True,
5042,0.15301972685887708,0.42007140023800077,2118,0.5705818965517241,0.6724558673209508,True,
5043,0.15305007587253414,0.4201863969859211,2119,0.5708512931034483,0.6719997613204117,True,
5045,0.15311077389984826,0.42021803766105054,2120,0.5711206896551724,0.6717820948255634,True,
5046,0.15314112291350532,0.42013476020610385,2120,0.5711206896551724,0.6688461179502154,True,
5047,0.15317147192716238,0.42005151575193184,2120,0.5711206896551724,0.668088911640319,True,
5048,0.1532018209408194,0.41996830427892234,2120,0.5711206896551724,0.6675151448899379,False,precision
5050,0.15326251896813353,0.4198019801980198,2120,0.5711206896551724,0.6663216188936725,False,precision
5051,0.1532928679817906,0.41971886755098,2120,0.5711206896551724,0.6636772779361386,False,precision
5052,0.15332321699544765,0.41983372921615203,2121,0.5713900862068966,0.6621182515975487,False,precision
5058,0.15350531107739,0.4193357058125741,2121,0.5713900862068966,0.6584487502310223,False,precision
5059,0.15353566009104705,0.419252816762206,2121,0.5713900862068966,0.6578750806758082,False,precision
5060,0.1535660091047041,0.4191699604743083,2121,0.5713900862068966,0.6557960938895989,False,precision
5061,0.15359635811836114,0.4190871369294606,2121,0.5713900862068966,0.6554325214880601,False,precision
5062,0.1536267071320182,0.4190043461082576,2121,0.5713900862068966,0.6544601541228717,False,precision
5064,0.15368740515933232,0.41903633491311215,2122,0.5716594827586207,0.6513187441568421,False,precision
5067,0.15377845220030348,0.4187882376159463,2122,0.5716594827586207,0.6501082703944506,False,precision
5074,0.15399089529590287,0.418210484824596,2122,0.5716594827586207,0.649111414905159,False,precision
5075,0.15402124430955993,0.418128078817734,2122,0.5716594827586207,0.6485377453499449,False,precision
5077,0.15408194233687406,0.41796336419145164,2122,0.5716594827586207,0.6436906801894853,False,precision
5085,0.1543247344461305,0.41789577187807275,2125,0.5724676724137931,0.6418747241705761,False,precision
5086,0.15435508345978755,0.4178136059771923,2125,0.5724676724137931,0.6411350320956773,False,precision
5092,0.15453717754172988,0.4173212882953653,2125,0.5724676724137931,0.6398897818350702,False,precision
5096,0.15465857359635812,0.41699372056514916,2125,0.5724676724137931,0.6393056330472641,False,precision
5099,0.15474962063732928,0.41674838203569325,2125,0.5724676724137931,0.6360580372755797,False,precision
5101,0.1548103186646434,0.41658498333660066,2125,0.5724676724137931,0.6340903569025743,False,precision
5103,0.15487101669195752,0.41642171271800904,2125,0.5724676724137931,0.6336233251622169,False,precision
5106,0.15496206373292867,0.4161770466118292,2125,0.5724676724137931,0.6320712994213568,False,precision
5110,0.15508345978755692,0.4158512720156556,2125,0.5724676724137931,0.6316755786240484,False,precision
5115,0.1552352048558422,0.41544477028348,2125,0.5724676724137931,0.6297320887965506,False,precision
5117,0.15529590288315628,0.4156732460426031,2127,0.5730064655172413,0.6294242173584742,False,precision
5118,0.15532625189681334,0.4155920281359906,2127,0.5730064655172413,0.62883250843454,False,precision
5121,0.15541729893778453,0.4153485647334505,2127,0.5730064655172413,0.6269390733276264,False,precision
5123,0.15547799696509865,0.41518641421042357,2127,0.5730064655172413,0.6260032947778995,False,precision
5126,0.1555690440060698,0.41494342567303943,2127,0.5730064655172413,0.6244172485678249,False,precision
5129,0.15566009104704098,0.4147007213881848,2127,0.5730064655172413,0.6244134358072314,False,precision
5134,0.15581183611532626,0.41488118426178416,2130,0.5738146551724138,0.620245152899303,False,precision
5135,0.15584218512898332,0.4148003894839338,2130,0.5738146551724138,0.6196342721343768,False,precision
5136,0.15587253414264035,0.4147196261682243,2130,0.5738146551724138,0.6195401863092536,False,precision
5138,0.15593323216995447,0.41455819384974696,2130,0.5738146551724138,0.6186277939478665,False,precision
5144,0.1561153262518968,0.4140746500777605,2130,0.5738146551724138,0.6183159014751705,False,precision
5145,0.15614567526555387,0.4139941690962099,2130,0.5738146551724138,0.6174344613163857,False,precision
5149,0.15626707132018208,0.41386677024664986,2131,0.5740840517241379,0.6170647221900328,False,precision
5150,0.15629742033383914,0.41378640776699027,2131,0.5740840517241379,0.6163928823635108,False,precision
5152,0.15635811836115326,0.4136257763975155,2131,0.5740840517241379,0.6160415297411436,False,precision
5156,0.15647951441578148,0.41330488750969746,2131,0.5740840517241379,0.6133047921992761,False,precision
5159,0.15657056145675266,0.41325838340763715,2132,0.5743534482758621,0.6132325577276673,False,precision
5160,0.15660091047040972,0.41337209302325584,2133,0.5746228448275862,0.6113898034361676,False,precision
5161,0.15663125948406678,0.41329199767486924,2133,0.5746228448275862,0.61131028718628,False,precision
5163,0.15669195751138087,0.41313190005810574,2133,0.5746228448275862,0.6074008907130724,False,precision
5164,0.15672230652503794,0.41305189775367934,2133,0.5746228448275862,0.6048821717252143,False,precision
5166,0.15678300455235206,0.41289198606271776,2133,0.5746228448275862,0.6041845548719406,False,precision
5168,0.15684370257966615,0.41273219814241485,2133,0.5746228448275862,0.6011977982506108,False,precision
5169,0.1568740515933232,0.4126523505513639,2133,0.5746228448275862,0.6011726873999956,False,precision
5170,0.15690440060698027,0.4125725338491296,2133,0.5746228448275862,0.6008788954235145,False,precision
5173,0.15699544764795145,0.41233326889619176,2133,0.5746228448275862,0.5998558044090775,False,precision
5179,0.1571775417298938,0.41224174551071635,2135,0.5751616379310345,0.5995728768708033,False,precision
5184,0.15732928679817906,0.41184413580246915,2135,0.5751616379310345,0.5985421865133256,False,precision
5187,0.15742033383915022,0.4116059379217274,2135,0.5751616379310345,0.5982749660624923,False,precision
5188,0.15745068285280728,0.411526599845798,2135,0.5751616379310345,0.5961529231906101,False,precision
5193,0.15760242792109255,0.4113229347198151,2136,0.5754310344827587,0.5948829691718943,False,precision
5195,0.15766312594840667,0.4111645813282002,2136,0.5754310344827587,0.5937000310109173,False,precision
5197,0.1577238239757208,0.41100634981720224,2136,0.5754310344827587,0.5894336715184074,False,precision
5198,0.15775417298937786,0.4109272797229704,2136,0.5754310344827587,0.5856616786620628,False,precision
5199,0.1577845220030349,0.4108482400461627,2136,0.5754310344827587,0.5834152748234026,False,precision
5200,0.15781487101669195,0.4109615384615385,2137,0.5757004310344828,0.5817754062681234,False,precision
5205,0.15796661608497725,0.41095100864553313,2139,0.576239224137931,0.580884111928863,False,precision
5206,0.15799696509863428,0.41087207068766807,2139,0.576239224137931,0.577882911437639,False,precision
5207,0.15802731411229134,0.41079316304974073,2139,0.576239224137931,0.5761002200953602,False,precision
5211,0.1581487101669196,0.4108616388409135,2141,0.5767780172413793,0.5748007043543479,False,precision
5212,0.15817905918057662,0.4107828089025326,2141,0.5767780172413793,0.5741206340999123,False,precision
5218,0.15836115326251896,0.4105021080873898,2142,0.5770474137931034,0.5735117401653812,False,precision
5219,0.15839150227617602,0.41042345276872966,2142,0.5770474137931034,0.5659700405104344,False,precision
5220,0.15842185128983308,0.4103448275862069,2142,0.5770474137931034,0.5643500488551358,False,precision
5221,0.15845220030349014,0.41026623252250527,2142,0.5770474137931034,0.5639781955531836,False,precision
5222,0.1584825493171472,0.4101876675603217,2142,0.5770474137931034,0.5479612556098397,False,precision
5224,0.15854324734446132,0.4102220520673813,2143,0.5773168103448276,0.5404338891057149,False,precision
5226,0.1586039453717754,0.41025641025641024,2144,0.5775862068965517,0.5340740685548319,False,precision
5232,0.15878603945371775,0.40978593272171254,2144,0.5775862068965517,0.5338417256458828,False,precision
5233,0.1588163884673748,0.40989871966367286,2145,0.5778556034482759,0.5327832548241072,False,precision
5234,0.15884673748103187,0.40982040504394346,2145,0.5778556034482759,0.5324409761533049,False,precision
5238,0.15896813353566008,0.4095074455899198,2145,0.5778556034482759,0.5306175988852136,False,precision
5243,0.15911987860394536,0.40930764829296207,2146,0.578125,0.5277148191990313,False,precision
5244,0.15915022761760242,0.4092295957284516,2146,0.578125,0.5268364451498893,False,precision
5246,0.15921092564491654,0.40907357987037746,2146,0.578125,0.5258674036989679,False,precision
5250,0.15933232169954475,0.40876190476190477,2146,0.578125,0.5225484835030522,False,precision
5251,0.15936267071320181,0.40868406017901354,2146,0.578125,0.52243075313701,False,precision
5254,0.159453717754173,0.4086410354015988,2147,0.5783943965517241,0.5216675852269385,False,precision
5255,0.15948406676783006,0.40856327307326357,2147,0.5783943965517241,0.5197560730184753,False,precision
5257,0.15954476479514415,0.4084078371694883,2147,0.5783943965517241,0.5175193794865486,False,precision
5260,0.15963581183611533,0.40836501901140687,2148,0.5786637931034483,0.5092960492121439,False,precision
5261,0.1596661608497724,0.4082873978331116,2148,0.5786637931034483,0.5086764075165433,False,precision
5262,0.15969650986342943,0.40820980615735464,2148,0.5786637931034483,0.5077765970247841,False,precision
5270,0.15993930197268588,0.4081593927893738,2151,0.5794719827586207,0.5067402075243075,False,precision
5272,0.16,0.4080045523520486,2151,0.5794719827586207,0.5064498222974326,False,precision
5276,0.16012139605462822,0.40769522365428357,2151,0.5794719827586207,0.503166133975611,False,precision
5277,0.16015174506828528,0.4076179647527004,2151,0.5794719827586207,0.5027572828436838,False,precision
5279,0.1602124430955994,0.4074635347603713,2151,0.5794719827586207,0.5027377624977464,False,precision
5285,0.16039453717754174,0.4070009460737938,2151,0.5794719827586207,0.5027361727964381,False,precision
5289,0.16051593323216995,0.4068822083569673,2152,0.5797413793103449,0.5022464521675802,False,precision
5290,0.160546282245827,0.4068052930056711,2152,0.5797413793103449,0.501103667718587,False,precision
5294,0.16066767830045522,0.4066868152625614,2153,0.580010775862069,0.49788131061543317,False,precision
5296,0.16072837632776935,0.4065332326283988,2153,0.580010775862069,0.49479587413019543,False,precision
5300,0.16084977238239756,0.4062264150943396,2153,0.580010775862069,0.4945665181005028,False,precision
5301,0.16088012139605462,0.40633842671194115,2154,0.5802801724137931,0.49200702302843474,False,precision
5307,0.16106221547799696,0.40606745807424155,2155,0.5805495689655172,0.49120736747713495,False,precision
5309,0.16112291350531108,0.4059144848370691,2155,0.5805495689655172,0.4899585507421055,False,precision
5320,0.1614567526555387,0.4050751879699248,2155,0.5805495689655172,0.48955853517578046,False,precision
5327,0.16166919575113808,0.4045428946874413,2155,0.5805495689655172,0.48949036411445235,False,precision
5329,0.1617298937784522,0.4043910677425408,2155,0.5805495689655172,0.48880397090843164,False,precision
5330,0.16176024279210927,0.40431519699812385,2155,0.5805495689655172,0.4867872640267204,False,precision
5338,0.1620030349013657,0.4037092544023979,2155,0.5805495689655172,0.48618499218171624,False,precision
5339,0.16203338391502276,0.40363363925828805,2155,0.5805495689655172,0.4861080786424124,False,precision
5343,0.162154779969651,0.4033314617256223,2155,0.5805495689655172,0.48605839495120634,False,precision
5346,0.16224582701062215,0.40310512532734755,2155,0.5805495689655172,0.48501658752735327,False,precision
5348,0.16230652503793627,0.4031413612565445,2156,0.5808189655172413,0.48473590764560887,False,precision
5353,0.16245827010622155,0.40276480478236504,2156,0.5808189655172413,0.48446887496220414,False,precision
5363,0.1627617602427921,0.40220026104792095,2157,0.5810883620689655,0.4841844811336613,False,precision
5380,0.16327769347496207,0.40111524163568774,2158,0.5813577586206896,0.48408542865781273,False,precision
5393,0.1636722306525038,0.4001483404413128,2158,0.5813577586206896,0.48385900646312147,False,precision
5394,0.16370257966616086,0.40007415647015204,2158,0.5813577586206896,0.4836172420301597,False,precision
5401,0.16391502276176023,0.39992593964080725,2160,0.5818965517241379,0.479167594845736,False,precision
5406,0.16406676783004553,0.3995560488346282,2160,0.5818965517241379,0.4788516137798956,False,precision
5413,0.1642792109256449,0.3994088305930168,2162,0.5824353448275862,0.4786268765353982,False,precision
5421,0.16452200303490136,0.3991883416343848,2164,0.5829741379310345,0.47861757225790447,False,precision
5432,0.16485584218512897,0.39856406480117823,2165,0.5832435344827587,0.47518125793760385,False,precision
5434,0.1649165402124431,0.3984173721015826,2165,0.5832435344827587,0.4749887221716339,False,precision
5438,0.16503793626707133,0.39830820154468555,2166,0.5835129310344828,0.47475119837349594,False,precision
5442,0.16515933232169955,0.3980154355016538,2166,0.5835129310344828,0.47471655850899186,False,precision
5450,0.165402124430956,0.3977981651376147,2168,0.584051724137931,0.4745603632253759,False,precision
5452,0.1654628224582701,0.3976522377109318,2168,0.584051724137931,0.47415220864885294,False,precision
5457,0.1656145675265554,0.3972878871174638,2168,0.584051724137931,0.47413613514032443,False,precision
5459,0.1656752655538695,0.397142333760762,2168,0.584051724137931,0.4739499162967066,False,precision
5468,0.165948406676783,0.39703730797366493,2171,0.5848599137931034,0.47340919798636877,False,precision
5481,0.16634294385432474,0.39646049990877574,2173,0.5853987068965517,0.4728674759562339,False,precision
5488,0.16655538694992414,0.39613702623906705,2174,0.5856681034482759,0.4728399056332642,False,precision
5492,0.16667678300455235,0.39584850691915513,2174,0.5856681034482759,0.4721054000385067,False,precision
5494,0.16673748103186647,0.3958864215507827,2175,0.5859375,0.4717202311272135,False,precision
5496,0.16679817905918057,0.39592430858806404,2176,0.5862068965517241,0.47166913908024055,False,precision
5508,0.16716236722306524,0.3950617283950617,2176,0.5862068965517241,0.4712881560744047,False,precision
5510,0.16722306525037936,0.39491833030852996,2176,0.5862068965517241,0.47071015213682116,False,precision
5525,0.1676783004552352,0.39384615384615385,2176,0.5862068965517241,0.4706825818138514,False,precision
5531,0.16786039453717755,0.39396130898571685,2179,0.5870150862068966,0.4706278691007964,False,precision
5535,0.16798179059180576,0.393676603432701,2179,0.5870150862068966,0.46987449900423756,False,precision
5541,0.1681638846737481,0.3934307886663057,2180,0.5872844827586207,0.4696635776286318,False,precision
5544,0.16825493171471928,0.39321789321789324,2180,0.5872844827586207,0.4693530395828438,False,precision
5546,0.16831562974203337,0.39307609087630724,2180,0.5872844827586207,0.46920967386076656,False,precision
5548,0.1683763277693475,0.3931146359048306,2181,0.5875538793103449,0.46892278693454903,False,precision
5552,0.1684977238239757,0.3928314121037464,2181,0.5875538793103449,0.4688887898400356,False,precision
5564,0.1688619119878604,0.3923436376707405,2183,0.5880926724137931,0.46877759880795783,False,precision
5574,0.16916540212443096,0.39181916038751347,2184,0.5883620689655172,0.46863391039263486,False,precision
5577,0.1692564491654021,0.3916083916083916,2184,0.5883620689655172,0.4684330040877121,False,precision
5586,0.16952959028831563,0.3913354815610455,2186,0.5889008620689655,0.46816966064982657,False,precision
5598,0.1698937784522003,0.39103251161128977,2189,0.5897090517241379,0.46807790304479857,False,precision
5608,0.17019726858877088,0.3906918687589158,2191,0.5902478448275862,0.46796640882000623,False,precision
5611,0.17028831562974203,0.39048297986098734,2191,0.5902478448275862,0.4678282440529507,False,precision
5618,0.17050075872534143,0.38999644001423994,2191,0.5902478448275862,0.46755182112043986,False,precision
5630,0.1708649468892261,0.38952042628774425,2193,0.5907866379310345,0.4675383003326013,False,precision
5631,0.17089529590288316,0.38945125199786895,2193,0.5907866379310345,0.4673575672559817,False,precision
5663,0.17186646433990896,0.38760374359879923,2195,0.5913254310344828,0.46726324622843696,False,precision
5673,0.1721699544764795,0.3870967741935484,2196,0.5915948275862069,0.466670098702563,False,precision
5679,0.17235204855842184,0.3866877971473851,2196,0.5915948275862069,0.4654858875983282,False,precision
5682,0.17244309559939303,0.3864836325237592,2196,0.5915948275862069,0.46546677639875733,False,precision
5701,0.1730197268588771,0.38607261883880023,2201,0.5929418103448276,0.46522860378603764,False,precision
5733,0.1739908952959029,0.3844409558695273,2204,0.59375,0.46521192371262676,False,precision
5744,0.1743247344461305,0.38387883008356544,2205,0.5940193965517241,0.4650152108013594,False,precision
5761,0.17484066767830045,0.3827460510328068,2205,0.5940193965517241,0.46499424163759306,False,precision
5765,0.1749620637329287,0.38248048568950566,2205,0.5940193965517241,0.4649942000952337,False,precision
5814,0.17644916540212444,0.3797729618163055,2208,0.5948275862068966,0.4649121668907105,False,precision
5815,0.1764795144157815,0.3797076526225279,2208,0.5948275862068966,0.46478998726991205,False,precision
5817,0.1765402124430956,0.37957710159876223,2208,0.5948275862068966,0.46474610682713213,False,precision
5822,0.1766919575113809,0.3792511164548265,2208,0.5948275862068966,0.4644778801897872,False,precision
5824,0.17675265553869499,0.3792925824175824,2209,0.5950969827586207,0.4643953133702216,False,precision
5873,0.17823975720789073,0.3774902094329985,2217,0.5972521551724138,0.4640588459267625,False,precision
5903,0.17915022761760244,0.3759105539556158,2219,0.5977909482758621,0.46375900138599646,False,precision
5906,0.1792412746585736,0.37588892651540806,2220,0.5980603448275862,0.4635527467210677,False,precision
5926,0.17984825493171472,0.3747890651366858,2221,0.5983297413793104,0.4631499277363841,False,precision
5944,0.18039453717754173,0.3739905787348587,2223,0.5988685344827587,0.46267925093941525,False,precision
6008,0.18233687405159332,0.3711717709720373,2230,0.6007543103448276,0.46232860157949945,False,precision
6026,0.18288315629742033,0.3702290076335878,2231,0.6010237068965517,0.4623074297138314,False,precision
6030,0.18300455235204857,0.369983416252073,2231,0.6010237068965517,0.46228192189906736,False,precision
6033,0.18309559939301973,0.3697994364329521,2231,0.6010237068965517,0.46226237609708287,False,precision
6092,0.18488619119878605,0.3670387393302692,2236,0.6023706896551724,0.46194678066648215,False,precision
6162,0.18701062215477998,0.3638429081467056,2242,0.6039870689655172,0.46194198288937305,False,precision
6171,0.18728376327769347,0.3634743153459731,2243,0.6042564655172413,0.46191921191586244,False,precision
6184,0.1876783004552352,0.3628719275549806,2244,0.6045258620689655,0.461899185906262,False,precision
6196,0.18804248861911987,0.36265332472562944,2247,0.6053340517241379,0.46185952374105044,False,precision
6212,0.1885280728376328,0.36204121056020605,2249,0.6058728448275862,0.4617925769571214,False,precision
6239,0.18934749620637328,0.36079499919858954,2251,0.6064116379310345,0.4617205159635413,False,precision
6248,0.1896206373292868,0.360595390524968,2253,0.6069504310344828,0.4616535846608031,False,precision
6260,0.18998482549317147,0.36022364217252395,2255,0.607489224137931,0.46153629866219265,False,precision
6284,0.19071320182094081,0.359484404837683,2259,0.6085668103448276,0.4614446320863826,False,precision
6317,0.19171471927162367,0.3579230647459237,2261,0.6091056034482759,0.4612485779428118,False,precision
6320,0.19180576631259483,0.35775316455696204,2261,0.6091056034482759,0.4612117662228161,False,precision
6322,0.19186646433990895,0.3576399873457767,2261,0.6091056034482759,0.46112563943876106,False,precision
6333,0.19220030349013656,0.35733459655771355,2263,0.6096443965517241,0.46110515727367546,False,precision
6347,0.19262518968133535,0.3565463998739562,2263,0.6096443965517241,0.46106634222393417,False,precision
6354,0.19283763277693475,0.35646836638338053,2265,0.6101831896551724,0.4610403373305092,False,precision
6433,0.1952352048558422,0.3530234727187937,2271,0.6117995689655172,0.460654208159536,False,precision
6440,0.19544764795144157,0.3527950310559006,2272,0.6120689655172413,0.4606506112289668,False,precision
6473,0.19644916540212443,0.3519233740151398,2278,0.6136853448275862,0.4605956654269654,False,precision
6509,0.19754172989377844,0.35028422184667385,2280,0.6142241379310345,0.4605709227956661,False,precision
6524,0.1979969650986343,0.3497854077253219,2282,0.6147629310344828,0.4605674888076254,False,precision
6526,0.1980576631259484,0.34967821023597917,2282,0.6147629310344828,0.46051095988415186,False,precision
6556,0.1989681335356601,0.3483831604636974,2284,0.615301724137931,0.4603791096492627,False,precision
6579,0.19966616084977237,0.3473172214622283,2285,0.6155711206896551,0.46028133206586314,False,precision
6604,0.20042488619119878,0.3466081162931557,2289,0.6166487068965517,0.46017472311672253,False,precision
6671,0.20245827010622156,0.3441762854144806,2296,0.6185344827586207,0.4601004746263637,False,precision
6674,0.2025493171471927,0.3440215762661073,2296,0.6185344827586207,0.46009087422613576,False,precision
6676,0.20261001517450683,0.3440683043738766,2297,0.6188038793103449,0.45971464531968764,False,precision
6687,0.20294385432473444,0.3436518618214446,2298,0.619073275862069,0.4596524944214769,False,precision
6690,0.20303490136570562,0.3434977578475336,2298,0.619073275862069,0.45960803637054704,False,precision
6720,0.2039453717754173,0.34211309523809524,2299,0.6193426724137931,0.45935478406682506,False,precision
6721,0.20397572078907436,0.34206219312602293,2299,0.6193426724137931,0.45921912440512597,False,precision
6724,0.20406676783004551,0.3419095776323617,2299,0.6193426724137931,0.45910729684935153,False,precision
6752,0.2049165402124431,0.34108412322274884,2303,0.6204202586206896,0.45908687062254033,False,precision
6766,0.2053414264036419,0.3408217558380136,2306,0.6212284482758621,0.45905516592129647,False,precision
6776,0.20564491654021244,0.34031877213695394,2306,0.6212284482758621,0.4590101718307055,False,precision
6787,0.20597875569044005,0.3399145425077354,2307,0.6214978448275862,0.45888588070764685,False,precision
6788,0.2060091047040971,0.34001178550383027,2308,0.6217672413793104,0.45883909496184716,False,precision
6799,0.20634294385432472,0.3396087659949993,2309,0.6220366379310345,0.4588092245178113,False,precision
6860,0.20819423368740517,0.3377551020408163,2317,0.6241918103448276,0.45876291579355954,False,precision
6868,0.2084370257966616,0.3375072801397787,2318,0.6244612068965517,0.45868600614253874,False,precision
6882,0.2088619119878604,0.33696599825632084,2319,0.6247306034482759,0.45854812394154165,False,precision
6914,0.2098330804248862,0.33584032398032976,2322,0.6255387931034483,0.45843666287630097,False,precision
6932,0.2103793626707132,0.33496826312752453,2322,0.6255387931034483,0.458399911290263,False,precision
6937,0.2105311077389985,0.3348709816923742,2323,0.6258081896551724,0.45835631277489125,False,precision
6940,0.21062215477996965,0.33472622478386166,2323,0.6258081896551724,0.45792669510436274,False,precision
6974,0.21165402124430957,0.3330943504445082,2323,0.6258081896551724,0.45781631415171975,False,precision
6975,0.2116843702579666,0.33304659498207884,2323,0.6258081896551724,0.4578088785936534,False,precision
6977,0.21174506828528072,0.3329511251254121,2323,0.6258081896551724,0.4577898637739503,False,precision
6994,0.21226100151745067,0.33214183585930795,2323,0.6258081896551724,0.45777981849884425,False,precision
7003,0.2125341426403642,0.33171497929458804,2323,0.6258081896551724,0.4577602781886938,False,precision
7007,0.2126555386949924,0.33166833166833165,2324,0.6260775862068966,0.45763422995119046,False,precision
7052,0.21402124430955993,0.3304027226318775,2330,0.6276939655172413,0.457536270497699,False,precision
7131,0.21641881638846738,0.32786425466274016,2338,0.6298491379310345,0.4573195167549781,False,precision
7132,0.21644916540212444,0.32781828379136285,2338,0.6298491379310345,0.45729174796311084,False,precision
7150,0.21699544764795145,0.32755244755244756,2342,0.630926724137931,0.45726401035972963,False,precision
7156,0.21717754172989379,0.32741755170486303,2343,0.6311961206896551,0.45710372031787677,False,precision
7163,0.21738998482549318,0.32709758481083345,2343,0.6311961206896551,0.4570636538586543,False,precision
7203,0.2186039453717754,0.3262529501596557,2350,0.6330818965517241,0.4569886968508792,False,precision
7236,0.21960546282245827,0.32531785516860146,2354,0.6341594827586207,0.45686824394122666,False,precision
7259,0.22030349013657055,0.32470037195205953,2357,0.6349676724137931,0.456843638185975,False,precision
7270,0.2206373292867982,0.32434662998624486,2358,0.6352370689655172,0.45665929136680616,False,precision
7322,0.2222154779969651,0.323408904670855,2368,0.6379310344827587,0.45659004490972366,False,precision
7355,0.22321699544764795,0.32250169952413327,2372,0.6390086206896551,0.45640983753330855,False,precision
7378,0.22391502276176023,0.32230956898888585,2378,0.640625,0.45636713993178907,False,precision
7383,0.22406676783004553,0.32222673709874033,2379,0.6408943965517241,0.45634131030236796,False,precision
7393,0.22437025796661608,0.3219261463546598,2380,0.6411637931034483,0.45623342553296775,False,precision
7406,0.22476479514415781,0.3214960842560086,2381,0.6414331896551724,0.45613445166111133,False,precision
7417,0.22509863429438542,0.3211541054334637,2382,0.6417025862068966,0.45608771702611667,False,precision
7447,0.22600910470409713,0.3205317577548006,2387,0.6430495689655172,0.4560640888195575,False,precision
7461,0.2264339908952959,0.320064334539606,2388,0.6433189655172413,0.45566159780776294,False,precision
7464,0.22652503793626708,0.320069667738478,2389,0.6435883620689655,0.45557065199965685,False,precision
7473,0.22679817905918057,0.3199518265756724,2391,0.6441271551724138,0.4554686514679254,False,precision
7500,0.2276176024279211,0.3188,2391,0.6441271551724138,0.45536251567013813,False,precision
7504,0.2277389984825493,0.31863006396588484,2391,0.6441271551724138,0.45531705872340555,False,precision
7518,0.2281638846737481,0.3180367118914605,2391,0.6441271551724138,0.4551489942067989,False,precision
7545,0.22898330804248862,0.317428760768721,2395,0.6452047413793104,0.4550759522556634,False,precision
7580,0.23004552352048557,0.316622691292876,2400,0.646551724137931,0.4550305575455052,False,precision
7591,0.2303793626707132,0.316559083124753,2403,0.6473599137931034,0.4548216049710847,False,precision
7633,0.23165402124430956,0.31534128127865846,2407,0.6484375,0.45477290114343183,False,precision
7689,0.2333535660091047,0.31408505657432695,2415,0.6505926724137931,0.45467649350789396,False,precision
7691,0.23341426403641882,0.3140033805746977,2415,0.6505926724137931,0.45465014388363634,False,precision
7707,0.2338998482549317,0.3136110029843,2417,0.6511314655172413,0.45456456652966,False,precision
7743,0.23499241274658575,0.31241121012527445,2419,0.6516702586206896,0.4545205877250439,False,precision
7762,0.23556904400606982,0.31190414841535685,2421,0.6522090517241379,0.4544605338817135,False,precision
7794,0.2365402124430956,0.31088016422889403,2423,0.6527478448275862,0.45437371111952546,False,precision
7796,0.2366009104704097,0.31092868137506413,2424,0.6530172413793104,0.4543470927714047,False,precision
7829,0.23760242792109257,0.31000127730233745,2427,0.6538254310344828,0.453899425300643,False,precision
7850,0.23823975720789076,0.309171974522293,2427,0.6538254310344828,0.45353929340649624,False,precision
7851,0.2382701062215478,0.3091325945739396,2427,0.6538254310344828,0.45346416228221487,False,precision
7912,0.24012139605462823,0.30801314459049545,2437,0.6565193965517241,0.45340778955906025,False,precision
7930,0.24066767830045524,0.30756620428751574,2439,0.6570581896551724,0.453287750281874,False,precision
7955,0.24142640364188164,0.3071024512884978,2443,0.658135775862069,0.45290105240470124,False,precision
7971,0.24191198786039453,0.30661146656630284,2444,0.6584051724137931,0.45288028006238185,False,precision
7980,0.24218512898330805,0.306516290726817,2446,0.6589439655172413,0.45268121246454773,False,precision
7986,0.24236722306525038,0.3062860005008765,2446,0.6589439655172413,0.45250909360400654,False,precision
7989,0.24245827010622154,0.30629615721617226,2447,0.6592133620689655,0.4524847031087279,False,precision
7996,0.24267071320182093,0.3061530765382691,2448,0.6594827586206896,0.4524190224697321,False,precision
8045,0.2441578148710167,0.30466128029832196,2451,0.6602909482758621,0.4522945623396443,False,precision
8047,0.2442185128983308,0.3045855598359637,2451,0.6602909482758621,0.45214034693715655,False,precision
8069,0.24488619119878605,0.3040029743462635,2453,0.6608297413793104,0.45145018101617684,False,precision
8070,0.2449165402124431,0.3039653035935564,2453,0.6608297413793104,0.4512910476519641,False,precision
8081,0.24525037936267072,0.30355154065090956,2453,0.6608297413793104,0.4512042972328006,False,precision
8119,0.24640364188163885,0.30250030791969457,2456,0.6616379310344828,0.4511864941160183,False,precision
8125,0.2465857359635812,0.3024,2457,0.6619073275862069,0.4509711160008225,False,precision
8146,0.24722306525037938,0.30186594647679843,2459,0.6624461206896551,0.45096497050578205,False,precision
8160,0.24764795144157814,0.3014705882352941,2460,0.6627155172413793,0.4502957206105962,False,precision
8165,0.24779969650986344,0.3012859767299449,2460,0.6627155172413793,0.4501885523794297,False,precision
8166,0.24783004552352048,0.30124908155767816,2460,0.6627155172413793,0.4498800736342208,False,precision
8170,0.24795144157814872,0.3011015911872705,2460,0.6627155172413793,0.4494573635816213,False,precision
8173,0.24804248861911987,0.30099106815122967,2460,0.6627155172413793,0.44908813486265525,False,precision
8177,0.24816388467374811,0.30084383025559497,2460,0.6627155172413793,0.44872244436863673,False,precision
8195,0.24871016691957512,0.30042708968883464,2462,0.6632543103448276,0.44865605980984646,False,precision
8200,0.2488619119878604,0.3003658536585366,2463,0.6635237068965517,0.44861995353695366,False,precision
8202,0.24892261001517452,0.30029261155815656,2463,0.6635237068965517,0.44854211966456636,False,precision
8216,0.24934749620637328,0.2997809152872444,2463,0.6635237068965517,0.44848311764161825,False,precision
8223,0.24955993930197268,0.2998905508938344,2466,0.6643318965517241,0.4459645303750571,False,precision
8247,0.250288315629742,0.299139080877895,2467,0.6646012931034483,0.4451934707760995,False,precision
8276,0.25116843702579666,0.2989366843885935,2474,0.6664870689655172,0.44435727715561185,False,precision
8278,0.2512291350531108,0.29886446001449624,2474,0.6664870689655172,0.4438621080871708,False,precision
8279,0.25125948406676785,0.2988283609131538,2474,0.6664870689655172,0.4434112924424425,False,precision
8280,0.2512898330804249,0.29879227053140095,2474,0.6664870689655172,0.4424302180456757,False,precision
8297,0.2518057663125948,0.298421116066048,2476,0.6670258620689655,0.4423849907539185,False,precision
8322,0.25256449165402123,0.29800528719057917,2480,0.6681034482758621,0.44220319222215204,False,precision
8324,0.25262518968133535,0.2979336857280154,2480,0.6681034482758621,0.441738859233186,False,precision
8346,0.25329286798179057,0.2972681524083393,2481,0.6683728448275862,0.4413319387324012,False,precision
8348,0.2533535660091047,0.29719693339722086,2481,0.6683728448275862,0.44130732618990637,False,precision
8355,0.2535660091047041,0.29730700179533215,2484,0.6691810344827587,0.44110296905325935,False,precision
8360,0.25371775417298936,0.2972488038277512,2485,0.6694504310344828,0.441057741761502,False,precision
8394,0.2547496206373293,0.29664045746962114,2490,0.6707974137931034,0.44097884299426665,False,precision
8448,0.2563884673748103,0.29521780303030304,2494,0.671875,0.4406653973231707,False,precision
8454,0.25657056145675267,0.29524485450674237,2496,0.6724137931034483,0.4405814629289683,False,precision
8499,0.25793626707132017,0.29379927050241206,2497,0.6726831896551724,0.44040455871584117,False,precision
8510,0.2582701062215478,0.29353701527614573,2498,0.6729525862068966,0.44011399032284293,False,precision
8513,0.25836115326251896,0.29355103958651474,2499,0.6732219827586207,0.4401015076036096,False,precision
8549,0.259453717754173,0.2930167271025851,2505,0.6748383620689655,0.43964217878414696,False,precision
8607,0.26121396054628226,0.2915069129778088,2509,0.6759159482758621,0.43944489280479143,False,precision
8629,0.2618816388467375,0.29076370378954686,2509,0.6759159482758621,0.4392888578424377,False,precision
8640,0.2622154779969651,0.29050925925925924,2510,0.6761853448275862,0.43865831233805647,False,precision
8641,0.26224582701062216,0.2904756393935887,2510,0.6761853448275862,0.43854737942725014,False,precision
8651,0.2625493171471927,0.29037105536932145,2512,0.6767241379310345,0.4383297396738204,False,precision
8652,0.26257966616084977,0.29033749422098937,2512,0.6767241379310345,0.43731264862952657,False,precision
8700,0.26403641881638845,0.28942528735632184,2518,0.6783405172413793,0.4371585330977549,False,precision
8702,0.2640971168437026,0.2894736842105263,2519,0.6786099137931034,0.4371441704782004,False,precision
8705,0.26418816388467375,0.2893739230327398,2519,0.6786099137931034,0.436757544948277,False,precision
8706,0.2642185128983308,0.28934068458534346,2519,0.6786099137931034,0.4367301270927195,False,precision
8730,0.26494688922610016,0.28865979381443296,2520,0.6788793103448276,0.43663365478744753,False,precision
8731,0.2649772382397572,0.28862673233306607,2520,0.6788793103448276,0.43657493595921176,False,precision
8732,0.2650075872534143,0.2885936784241869,2520,0.6788793103448276,0.43645208344515124,False,precision
8746,0.26543247344461307,0.28813171735650583,2520,0.6788793103448276,0.4362968940554534,False,precision
8753,0.26564491654021244,0.2879012909859477,2520,0.6788793103448276,0.43624614622061736,False,precision
8768,0.2661001517450683,0.2875228102189781,2521,0.6791487068965517,0.4360487116349141,False,precision
8805,0.26722306525037937,0.2864281658148779,2522,0.6794181034482759,0.4357495533434835,False,precision
8811,0.2674051593323217,0.28623311769379184,2522,0.6794181034482759,0.435466190098107,False,precision
8817,0.26758725341426404,0.28603833503459225,2522,0.6794181034482759,0.43543479695926224,False,precision
8823,0.2677693474962064,0.2858438172957044,2522,0.6794181034482759,0.4353859775657187,False,precision
8845,0.2684370257966616,0.2851328434143584,2522,0.6794181034482759,0.4349087374017014,False,precision
8846,0.2684673748103187,0.285100610445399,2522,0.6794181034482759,0.4348897432705261,False,precision
8881,0.26952959028831563,0.28431482941110237,2525,0.6802262931034483,0.434717452264363,False,precision
8884,0.2696206373292868,0.2843313822602431,2526,0.6804956896551724,0.43468235320620124,False,precision
8886,0.26968133535660094,0.28426738690074277,2526,0.6804956896551724,0.4341556498805898,False,precision
8895,0.2699544764795144,0.2840921866216976,2527,0.6807650862068966,0.43389496763555974,False,precision
8944,0.27144157814871017,0.28275939177101966,2529,0.6813038793103449,0.43346631071554526,False,precision
8987,0.27274658573596355,0.28151774785801714,2530,0.681573275862069,0.4334205460142231,False,precision
9005,0.2732928679817906,0.2810660744031094,2531,0.6818426724137931,0.43305571528137937,False,precision
9017,0.27365705614567526,0.2806920261727847,2531,0.6818426724137931,0.4325657617182987,False,precision
9027,0.2739605462822458,0.2804918577600532,2532,0.6821120689655172,0.43218692282833787,False,precision
9029,0.27402124430955993,0.28042972643703623,2532,0.6821120689655172,0.4321621871847157,False,precision
9039,0.2743247344461305,0.2802301139506583,2533,0.6823814655172413,0.43197311643550235,False,precision
9041,0.2743854324734446,0.2801681229952439,2533,0.6823814655172413,0.4319437036108042,False,precision
9067,0.27517450682852806,0.279475019300761,2534,0.6826508620689655,0.431497684781898,False,precision
9119,0.276752655538695,0.2783199912271082,2538,0.6837284482758621,0.43141184720807535,False,precision
9161,0.27802731411229137,0.2776989411636284,2544,0.6853448275862069,0.4314016747841905,False,precision
9166,0.2781790591805766,0.27754745799694525,2544,0.6853448275862069,0.4312665853187911,False,precision
9176,0.27848254931714717,0.2773539668700959,2545,0.685614224137931,0.4312006413459908,False,precision
9195,0.27905918057663126,0.276889613920609,2546,0.6858836206896551,0.4309658430829543,False,precision
9208,0.279453717754173,0.2766072980017376,2547,0.6861530172413793,0.4307699002775565,False,precision
9213,0.2796054628224583,0.2765657223488549,2548,0.6864224137931034,0.4305071068890264,False,precision
9222,0.2798786039453718,0.2766211234005639,2551,0.6872306034482759,0.4301981486119789,False,precision
9227,0.28003034901365703,0.2765796033380297,2552,0.6875,0.429949634849342,False,precision
9232,0.28018209408194233,0.27642980935875217,2552,0.6875,0.42924949819418856,False,precision
9233,0.2802124430955994,0.2763998700314091,2552,0.6875,0.4281036142868349,False,precision
9251,0.28075872534142643,0.27597016538752567,2553,0.6877693965517241,0.4278454373064514,False,precision
9260,0.2810318664643399,0.2757019438444924,2553,0.6877693965517241,0.4275483938705443,False,precision
9264,0.28115326251896816,0.2756908462867012,2554,0.6880387931034483,0.427223232888643,False,precision
9307,0.28245827010622154,0.274524551412915,2555,0.6883081896551724,0.4271004943739498,False,precision
9319,0.2828224582701062,0.2741710483957506,2555,0.6883081896551724,0.4270646298138834,False,precision
9325,0.2830045523520486,0.2741018766756032,2556,0.6885775862068966,0.42668598280796827,False,precision
9331,0.2831866464339909,0.27392562426320866,2556,0.6885775862068966,0.426465615675649,False,precision
9341,0.28349013657056144,0.2736323734075581,2556,0.6885775862068966,0.4263353063282639,False,precision
9363,0.2841578148710167,0.2732030332158496,2558,0.6891163793103449,0.42583246609159536,False,precision
9369,0.284339908952959,0.27313480627601666,2559,0.689385775862069,0.4255779401806347,False,precision
9373,0.28446130500758726,0.2730182438920303,2559,0.689385775862069,0.4253455970450896,False,precision
9374,0.2844916540212443,0.27298911883934285,2559,0.689385775862069,0.42521220797733683,False,precision
9382,0.28473444613050075,0.2727563419313579,2559,0.689385775862069,0.4252031372076699,False,precision
9385,0.28482549317147193,0.2726691529035695,2559,0.689385775862069,0.4241481957878557,False,precision
9386,0.284855842185129,0.27264010227999147,2559,0.689385775862069,0.4236530419473946,False,precision
9395,0.2851289833080425,0.2724853645556147,2560,0.6896551724137931,0.42349443887263505,False,precision
9399,0.2852503793626707,0.27236940100010637,2560,0.6896551724137931,0.42348101240203695,False,precision
9410,0.28558421851289834,0.2720510095642933,2560,0.6896551724137931,0.42337610250174484,False,precision
9417,0.2857966616084977,0.2718487841138367,2560,0.6896551724137931,0.4226459954509763,False,precision
9434,0.2863125948406677,0.27135891456434175,2560,0.6896551724137931,0.4226369246813094,False,precision
9444,0.28661608497723823,0.2710715798390512,2560,0.6896551724137931,0.42247185974859736,False,precision
9446,0.28667678300455235,0.27112005081515983,2561,0.6899245689655172,0.42180331480433286,False,precision
9500,0.2883156297420334,0.27042105263157895,2569,0.6920797413793104,0.4217935783356813,False,precision
9505,0.28846737481031864,0.2702788006312467,2569,0.6920797413793104,0.4217728649611341,False,precision
9546,0.28971168437025796,0.26964173475801384,2574,0.693426724137931,0.42147472405146436,False,precision
9553,0.2899241274658574,0.2694441536690045,2574,0.693426724137931,0.421389077241413,False,precision
9561,0.2901669195751138,0.2692187009727016,2574,0.693426724137931,0.42133039535388966,False,precision
9563,0.29022761760242793,0.2692669664331277,2575,0.6936961206896551,0.4213133698831325,False,precision
9568,0.2903793626707132,0.269126254180602,2575,0.6936961206896551,0.4212140418064342,False,precision
9582,0.290804248861912,0.26915049050302653,2579,0.6947737068965517,0.42109305691999366,False,precision
9587,0.2909559939301973,0.26901011786794615,2579,0.6947737068965517,0.42088023937260527,False,precision
9599,0.29132018209408195,0.26867382018960306,2579,0.6947737068965517,0.42079635888756756,False,precision
9606,0.2915326251896813,0.26847803456173225,2579,0.6947737068965517,0.42075660518713354,False,precision
9619,0.29192716236722305,0.26811518868905293,2579,0.6947737068965517,0.42054960374424005,False,precision
9621,0.29198786039453717,0.2680594532792849,2579,0.6947737068965517,0.4199222165925615,False,precision
9622,0.29201820940819423,0.26803159426314693,2579,0.6947737068965517,0.4197522563435704,False,precision
9640,0.29256449165402126,0.2675311203319502,2579,0.6947737068965517,0.4192662636107672,False,precision
9647,0.29277693474962063,0.26733699595729243,2579,0.6947737068965517,0.4192115089600802,False,precision
9659,0.2931411229135053,0.26710839631431826,2580,0.6950431034482759,0.41908242807156554,False,precision
9706,0.2945675265553869,0.2664331341438286,2586,0.6966594827586207,0.41846392321011,False,precision
9710,0.29468892261001517,0.26642636457260555,2587,0.6969288793103449,0.41842259708090845,False,precision
9717,0.2949013657056146,0.2662344344962437,2587,0.6969288793103449,0.4183297530758559,False,precision
9724,0.29511380880121396,0.2660427807486631,2587,0.6969288793103449,0.418279195347332,False,precision
9727,0.29520485584218514,0.2659607278708749,2587,0.6969288793103449,0.4181856829957457,False,precision
9732,0.2953566009104704,0.26582408549116315,2587,0.6969288793103449,0.4180216410620759,False,precision
9739,0.2955690440060698,0.2656330218708286,2587,0.6969288793103449,0.41792048085260086,False,precision
9754,0.29602427921092567,0.26532704531474266,2588,0.697198275862069,0.41786992312407706,False,precision
9757,0.2961153262518968,0.2652454647945065,2588,0.697198275862069,0.41759532156954676,False,precision
9766,0.29638846737481034,0.2650010239606799,2588,0.697198275862069,0.41755406115829147,False,precision
9769,0.29647951441578146,0.26502200839389906,2589,0.6974676724137931,0.4174480616185013,False,precision
9777,0.29672230652503795,0.2648051549555078,2589,0.6974676724137931,0.41742189341821945,False,precision
9786,0.29699544764795144,0.26456161863887184,2589,0.6974676724137931,0.41739291522370336,False,precision
9795,0.2972685887708649,0.26452271567126084,2591,0.6980064655172413,0.41697178742833235,False,precision
9802,0.29748103186646435,0.2644358294225668,2592,0.6982758620689655,0.41663990762211145,False,precision
9803,0.2975113808801214,0.26440885443231665,2592,0.6982758620689655,0.41619332372939616,False,precision
9815,0.2978755690440061,0.26408558329088133,2592,0.6982758620689655,0.415812153717377,False,precision
9821,0.2980576631259484,0.2639242439670095,2592,0.6982758620689655,0.4156916314762803,False,precision
9838,0.29857359635811836,0.26356983126651756,2593,0.6985452586206896,0.41524257857420244,False,precision
9860,0.2992412746585736,0.26328600405679514,2596,0.6993534482758621,0.41523836355062077,False,precision
9873,0.2996358118361153,0.26293932948445253,2596,0.6993534482758621,0.41517311639417714,False,precision
9894,0.3002731411229135,0.26258338386901153,2598,0.6998922413793104,0.4144191810292034,False,precision
9908,0.30069802731411227,0.26221235365361323,2598,0.6998922413793104,0.4143463642396648,False,precision
9922,0.30112291350531106,0.26194315662164885,2599,0.7001616379310345,0.41374152656920327,False,precision
9925,0.30121396054628224,0.2618639798488665,2599,0.7001616379310345,0.4137028453151999,False,precision
9943,0.3017602427921093,0.26138992255858395,2599,0.7001616379310345,0.4135426706998137,False,precision
9953,0.30206373292867983,0.2612277705214508,2600,0.7004310344827587,0.4135054109811577,False,precision
9964,0.30239757207890744,0.2609393817743878,2600,0.7004310344827587,0.4134567419808036,False,precision
9977,0.30279210925644917,0.26069960910093215,2601,0.7007004310344828,0.41315121933674837,False,precision
9978,0.30282245827010623,0.2607737021447184,2602,0.7009698275862069,0.4121944914346228,False,precision
9983,0.3029742033383915,0.2606430932585395,2602,0.7009698275862069,0.4117014608021321,False,precision
9996,0.3033687405159332,0.26040416166466585,2603,0.701239224137931,0.41134556291711727,False,precision
9997,0.30339908952959027,0.2603781134340302,2603,0.701239224137931,0.4112859141876888,False,precision
10006,0.3036722306525038,0.2601439136518089,2603,0.701239224137931,0.41043019922132695,False,precision
10009,0.30376327769347494,0.26006594065341193,2603,0.701239224137931,0.41007153073037844,False,precision
10011,0.30382397572078906,0.2600139846169214,2603,0.701239224137931,0.4093512707431369,False,precision
10019,0.30406676783004555,0.2598063679009881,2603,0.701239224137931,0.4091467804556736,False,precision
10020,0.30409711684370255,0.25978043912175647,2603,0.701239224137931,0.40911009184571107,False,precision
10022,0.3041578148710167,0.2597285970864099,2603,0.701239224137931,0.4082175360123234,False,precision
10029,0.3043702579666161,0.2595473127929006,2603,0.701239224137931,0.4066764469948461,False,precision
10042,0.30476479514415783,0.2593108942441745,2604,0.7015086206896551,0.4064771845184806,False,precision
10044,0.30482549317147195,0.25935882118677817,2605,0.7017780172413793,0.4055751294678776,False,precision
10049,0.3049772382397572,0.2592297741068763,2605,0.7017780172413793,0.40533702409887057,False,precision
10052,0.3050682852807284,0.2591524074810983,2605,0.7017780172413793,0.4049018850448138,False,precision
10053,0.30509863429438544,0.2591266288670049,2605,0.7017780172413793,0.4042267441564951,False,precision
10062,0.30537177541729893,0.25909361955873583,2607,0.7023168103448276,0.40420094194189427,False,precision
10068,0.3055538694992413,0.25893921334922526,2607,0.7023168103448276,0.40389972856116757,False,precision
10070,0.3056145675265554,0.25888778550148955,2607,0.7023168103448276,0.40388240540520487,False,precision
10071,0.3056449165402124,0.25886207923741433,2607,0.7023168103448276,0.4037448710933455,False,precision
10072,0.3056752655538695,0.25883637807783955,2607,0.7023168103448276,0.40367887700273875,False,precision
10077,0.3058270106221548,0.258707948794284,2607,0.7023168103448276,0.4035610709195358,False,precision
10078,0.30585735963581184,0.2586822782298075,2607,0.7023168103448276,0.40330181881760213,False,precision
10095,0.3063732928679818,0.25844477464091137,2609,0.7028556034482759,0.4032935219527852,False,precision
10096,0.3064036418816388,0.25841917591125196,2609,0.7028556034482759,0.4030006054368755,False,precision
10112,0.30688922610015174,0.2581091772151899,2610,0.703125,0.4027824843596301,False,precision
10113,0.3069195751138088,0.2580836547018689,2610,0.703125,0.4008321880024499,False,precision
10118,0.3070713201820941,0.25795611780984384,2610,0.703125,0.40073652654428665,False,precision
10120,0.3071320182094082,0.25790513833992096,2610,0.703125,0.4003232662694573,False,precision
10123,0.30722306525037935,0.25782870690506765,2610,0.703125,0.4002330922200055,False,precision
10139,0.30770864946889226,0.25742183647302497,2610,0.703125,0.3998916185231156,False,precision
10154,0.3081638846737481,0.25733701004530235,2613,0.7039331896551724,0.39958053596458504,False,precision
10158,0.30828528072837635,0.2572356763142351,2613,0.7039331896551724,0.39900236813070566,False,precision
10161,0.3083763277693475,0.2571597283731916,2613,0.7039331896551724,0.39873639310205133,False,precision
10166,0.3085280728376328,0.2570332480818414,2613,0.7039331896551724,0.3960683136483055,False,precision
10170,0.308649468892261,0.2569321533923304,2613,0.7039331896551724,0.39253299723672475,False,precision
10184,0.30907435508345976,0.25677533385703066,2615,0.7044719827586207,0.39244054777458903,False,precision
10185,0.3091047040971168,0.25675012272950415,2615,0.7044719827586207,0.3923074621975424,False,precision
10194,0.30937784522003037,0.25652344516382186,2615,0.7044719827586207,0.392099519635309,False,precision
10199,0.3095295902883156,0.25639768604765173,2615,0.7044719827586207,0.3918429475800373,False,precision
10200,0.3095599393019727,0.2563725490196078,2615,0.7044719827586207,0.39183791834437603,False,precision
10203,0.30965098634294386,0.25629716749975495,2615,0.7044719827586207,0.39125406247365047,False,precision
10209,0.30983308042488616,0.2561465373689881,2615,0.7044719827586207,0.3904498786912727,False,precision
10216,0.3100455235204856,0.25597102584181675,2615,0.7044719827586207,0.38969826494114074,False,precision
10217,0.31007587253414265,0.25594597239894296,2615,0.7044719827586207,0.388663951953381,False,precision
10229,0.3104400606980273,0.25564571316844265,2615,0.7044719827586207,0.388219611271728,False,precision
10235,0.31062215477996963,0.2554958475818271,2615,0.7044719827586207,0.38791839789100135,False,precision
10240,0.31077389984825493,0.25537109375,2615,0.7044719827586207,0.38761970253671024,False,precision
10248,0.31101669195751136,0.2553669008587041,2617,0.705010775862069,0.3874941474007831,False,precision
10249,0.3110470409711684,0.2553419845838618,2617,0.705010775862069,0.3873836286052343,False,precision
10253,0.31116843702579666,0.25524236808738904,2617,0.705010775862069,0.3872039726775929,False,precision
10254,0.3111987860394537,0.2552174761068851,2617,0.705010775862069,0.38702754206670076,False,precision
10265,0.31153262518968133,0.2551388212372138,2619,0.7055495689655172,0.3868195995044673,False,precision
10273,0.31177541729893776,0.25513481942957267,2621,0.7060883620689655,0.3863976852151689,False,precision
10277,0.311896813353566,0.2551328208621193,2622,0.7063577586206896,0.3863052773676616,False,precision
10281,0.31201820940819425,0.2550335570469799,2622,0.7063577586206896,0.38603070834711156,False,precision
10289,0.3122610015174507,0.2549324521333463,2623,0.7066271551724138,0.3855508601272346,False,precision
10293,0.3123823975720789,0.2549305353152628,2624,0.7068965517241379,0.38510444613558825,False,precision
10294,0.312412746585736,0.2549057703516612,2624,0.7068965517241379,0.3850367354298935,False,precision
10297,0.3125037936267071,0.2548315043216471,2624,0.7068965517241379,0.3848352504948821,False,precision
10298,0.31253414264036417,0.2548067585939017,2624,0.7068965517241379,0.3844182498732107,False,precision
10301,0.31262518968133535,0.25473255023784097,2624,0.7068965517241379,0.3840135866373979,False,precision
10306,0.31277693474962065,0.25460896565107705,2624,0.7068965517241379,0.3834933741125728,False,precision
10307,0.3128072837632777,0.25458426312215,2624,0.7068965517241379,0.3834611882489396,False,precision
10308,0.31283763277693477,0.25455956538610786,2624,0.7068965517241379,0.38345975080476274,False,precision
10310,0.31289833080424884,0.2545101842870999,2624,0.7068965517241379,0.382883020261593,False,precision
10317,0.31311077389984826,0.25433750121159254,2624,0.7068965517241379,0.3826261744686322,False,precision
10329,0.31347496206373293,0.2540420176202924,2624,0.7068965517241379,0.38189236197389065,False,precision
10333,0.3135963581183612,0.2539436756024388,2624,0.7068965517241379,0.3813132605160786,False,precision
10340,0.31380880121396054,0.2538684719535783,2625,0.7071659482758621,0.38103530170422834,False,precision
10341,0.3138391502276176,0.253843922251233,2625,0.7071659482758621,0.3809674862132527,False,precision
10345,0.31396054628224584,0.2537457709038183,2625,0.7071659482758621,0.3800851313425068,False,precision
10355,0.3142640364188164,0.25379043940125545,2628,0.7079741379310345,0.3797538540770012,False,precision
10362,0.31447647951441576,0.25361899247249564,2628,0.7079741379310345,0.37945491539331144,False,precision
10366,0.314597875569044,0.2535211267605634,2628,0.7079741379310345,0.3794090937604329,False,precision
10373,0.3148103186646434,0.25344644750795337,2629,0.7082435344827587,0.37905787926277484,False,precision
10376,0.31490136570561456,0.25337316885119504,2629,0.7082435344827587,0.3786852356718489,False,precision
10381,0.31505311077389986,0.2534437915422406,2631,0.7087823275862069,0.37862802454354044,False,precision
10382,0.3150834597875569,0.25351570025043346,2632,0.709051724137931,0.37858176113289393,False,precision
10390,0.31532625189681335,0.2535129932627527,2634,0.7095905172413793,0.37836636674818847,False,precision
10394,0.3154476479514416,0.25341543197998845,2634,0.7095905172413793,0.37836188367348167,False,precision
10397,0.31553869499241277,0.2533423102818121,2634,0.7095905172413793,0.3778113639657097,False,precision
10468,0.31769347496206374,0.2519105846388995,2637,0.7103987068965517,0.3773403994518689,False,precision
10530,0.3195751138088012,0.2506172839506173,2639,0.7109375,0.3767959385112431,False,precision
10532,0.31963581183611534,0.2505696923661223,2639,0.7109375,0.3767343661061288,False,precision
10542,0.3199393019726859,0.250332005312085,2639,0.7109375,0.3765125493925655,False,precision
10556,0.3203641881638847,0.25,2639,0.7109375,0.37618911473521255,False,precision
10559,0.32045523520485586,0.24992897054645327,2639,0.7109375,0.37555168653959947,False,precision
10561,0.32051593323217,0.2498816399962125,2639,0.7109375,0.3751424076121179,False,precision
10562,0.320546282245827,0.24985798144290855,2639,0.7109375,0.3742514664877581,False,precision
10567,0.3206980273141123,0.24973975584366423,2639,0.7109375,0.3738957768429216,False,precision
10571,0.32081942336874053,0.24964525588875225,2639,0.7109375,0.37361000959452384,False,precision
10583,0.3211836115326252,0.24936218463573656,2639,0.7109375,0.3729358410555192,False,precision
10594,0.3215174506828528,0.24919765905229374,2640,0.7112068965517241,0.37283453026042224,False,precision
10649,0.3231866464339909,0.24819231852756127,2643,0.7120150862068966,0.3727129106666614,False,precision
10661,0.3235508345978756,0.24791295375668324,2643,0.7120150862068966,0.3725925386403801,False,precision
10711,0.3250682852807284,0.24684903370366912,2644,0.7122844827586207,0.3725479746059957,False,precision
10714,0.3251593323216995,0.2467799141310435,2644,0.7122844827586207,0.3724784235091801,False,precision
10717,0.3252503793626707,0.24671083325557525,2644,0.7122844827586207,0.372323240487052,False,precision
10739,0.3259180576631259,0.24639165657882484,2646,0.712823275862069,0.3717165089491194,False,precision
10756,0.3264339908952959,0.24609520267757531,2647,0.7130926724137931,0.37123546127053864,False,precision
10774,0.32698027314112293,0.24577687024317801,2648,0.7133620689655172,0.37105170762415296,False,precision
10790,0.3274658573596358,0.2454124189063948,2648,0.7133620689655172,0.37071953398680907,False,precision
10859,0.3295599393019727,0.24431347269546,2653,0.7147090517241379,0.37070720885864644,False,precision
10860,0.32959028831562975,0.24429097605893185,2653,0.7147090517241379,0.37068797367666917,False,precision
10868,0.3298330804248862,0.24411115200588884,2653,0.7147090517241379,0.37055030950848533,False,precision
10924,0.33153262518968135,0.24340900768949103,2659,0.7163254310344828,0.3704399712842713,False,precision
10934,0.3318361153262519,0.243186391073715,2659,0.7163254310344828,0.3703458148654608,False,precision
10935,0.33186646433990896,0.2431641518061271,2659,0.7163254310344828,0.37015694033378743,False,precision
10991,0.3335660091047041,0.24256209626057684,2666,0.7182112068965517,0.36981239486750617,False,precision
11009,0.3341122913505311,0.2423471704968662,2668,0.71875,0.36962851550158554,False,precision
11014,0.3342640364188164,0.2422371527147267,2668,0.71875,0.36960197279944995,False,precision
11032,0.3348103186646434,0.24193255982596085,2669,0.7190193965517241,0.3693485727611715,False,precision
11090,0.3365705614567527,0.24075743913435527,2670,0.7192887931034483,0.3691499965839584,False,precision
11099,0.33684370257966617,0.24065231101901072,2671,0.7195581896551724,0.36905067657395313,False,precision
11127,0.33769347496206376,0.24022647613912107,2673,0.7200969827586207,0.3687501688768953,False,precision
11129,0.3377541729893778,0.24018330487914458,2673,0.7200969827586207,0.3684117711802518,False,precision
11198,0.3398482549317147,0.23906054652616537,2677,0.7211745689655172,0.36815654655809815,False,precision
11209,0.34018209408194233,0.2388259434383085,2677,0.7211745689655172,0.36803299562755903,False,precision
11213,0.3403034901365706,0.2388299295460626,2678,0.7214439655172413,0.36771187988691917,False,precision
11244,0.3412443095599393,0.23817146922803273,2678,0.7214439655172413,0.36729552624284495,False,precision
11260,0.3417298937784522,0.23783303730017763,2678,0.7214439655172413,0.36726274131232545,False,precision
11331,0.34388467374810316,0.2368722972376666,2684,0.7230603448275862,0.36709325310636964,False,precision
11340,0.3441578148710167,0.23668430335097002,2684,0.7230603448275862,0.3670852159013766,False,precision
11347,0.3443702579666161,0.23653829205957522,2684,0.7230603448275862,0.3670693633191428,False,precision
11358,0.3447040971168437,0.2363972530375066,2685,0.7233297413793104,0.3667438921491771,False,precision
11376,0.3452503793626707,0.23619901547116737,2687,0.7238685344827587,0.3666398555057374,False,precision
11379,0.3453414264036419,0.2361367431232973,2687,0.7238685344827587,0.36656174637947175,False,precision
11391,0.3457056145675266,0.23588798173997017,2687,0.7238685344827587,0.3664739652766925,False,precision
11408,0.3462215477996965,0.23562412342215988,2688,0.7241379310344828,0.366446276231327,False,precision
11413,0.3463732928679818,0.2355208972224656,2688,0.7241379310344828,0.36637783774464777,False,precision
11473,0.34819423368740515,0.2346378453761004,2692,0.7252155172413793,0.36636797241218677,False,precision
11475,0.3482549317147193,0.23459694989106752,2692,0.7252155172413793,0.3663261836052292,False,precision
11495,0.3488619119878604,0.23427577207481515,2693,0.7254849137931034,0.366113955241463,False,precision
11557,0.35074355083459785,0.23362464307346198,2700,0.7273706896551724,0.3660625876316982,False,precision
11563,0.3509256449165402,0.23358989881518638,2701,0.7276400862068966,0.36605696612679967,False,precision
11620,0.3526555386949924,0.2327882960413081,2705,0.7287176724137931,0.36599787486421426,False,precision
11621,0.35268588770864945,0.2327682643490233,2705,0.7287176724137931,0.3659171767807412,False,precision
11622,0.3527162367223065,0.2327482361039408,2705,0.7287176724137931,0.3658577105345412,False,precision
11630,0.352959028831563,0.23267411865864143,2706,0.7289870689655172,0.36582372538415514,False,precision
11635,0.35311077389984824,0.2325741297808337,2706,0.7289870689655172,0.36578415925649815,False,precision
11643,0.3533535660091047,0.23241432620458644,2706,0.7289870689655172,0.3657564496163922,False,precision
11675,0.3543247344461305,0.23186295503211993,2707,0.7292564655172413,0.3657453179827021,False,precision
11677,0.3543854324734446,0.2318232422711313,2707,0.7292564655172413,0.36574032078050656,False,precision
11718,0.35562974203338393,0.2310974569039085,2708,0.7295258620689655,0.3657349585627921,False,precision
11762,0.3569650986342944,0.23040299268831832,2710,0.7300646551724138,0.36573137468623046,False,precision
11818,0.35866464339908954,0.22973430360467084,2715,0.7314116379310345,0.36565061236174873,False,precision
11820,0.35872534142640367,0.2296954314720812,2715,0.7314116379310345,0.3654389556356719,False,precision
11827,0.35893778452200303,0.2296440348355458,2716,0.7316810344827587,0.36516268732776813,False,precision
11833,0.3591198786039454,0.2295275923265444,2716,0.7316810344827587,0.36509813755861026,False,precision
11834,0.3591502276176024,0.22959269900287307,2717,0.7319504310344828,0.36503909400140133,False,precision
11894,0.3609711684370258,0.2287708088111653,2721,0.7330280172413793,0.36488268313167455,False,precision
11970,0.3632776934749621,0.22815371762740183,2731,0.7357219827586207,0.3647580603317391,False,precision
11971,0.36330804248861914,0.2281346587586668,2731,0.7357219827586207,0.3646610713742368,False,precision
12000,0.36418816388467373,0.22808333333333333,2737,0.7373383620689655,0.3644820134805917,False,precision
12024,0.3649165402124431,0.2277944111776447,2739,0.7378771551724138,0.36419663908807093,False,precision
12075,0.36646433990895294,0.2269151138716356,2740,0.7381465517241379,0.3641612346215622,False,precision
12087,0.3668285280728376,0.22677256556631092,2741,0.7384159482758621,0.36397702452450964,False,precision
12155,0.36889226100151745,0.22591526120937885,2746,0.7397629310344828,0.3638595973765239,False,precision
12187,0.3698634294385432,0.22556822844014113,2749,0.7405711206896551,0.3638021973528368,False,precision
12192,0.3700151745068285,0.22555774278215224,2750,0.7408405172413793,0.3637491789372237,False,precision
12241,0.37150227617602427,0.22489992647659504,2753,0.7416487068965517,0.3637080512669033,False,precision
12262,0.37213960546282243,0.22459631381503833,2754,0.7419181034482759,0.36367821550135626,False,precision
12325,0.37405159332321697,0.22385395537525354,2759,0.7432650862068966,0.36334249851705547,False,precision
12328,0.37414264036418815,0.22379948085658663,2759,0.7432650862068966,0.36323823034199954,False,precision
12356,0.37499241274658573,0.2234541922952412,2761,0.7438038793103449,0.36316183004999497,False,precision
12418,0.3768740515933232,0.22282171042035753,2767,0.7454202586206896,0.36305307705483114,False,precision
12472,0.37851289833080426,0.22201731879409878,2769,0.7459590517241379,0.3630308084398442,False,precision
12488,0.3789984825493172,0.22173286354900704,2769,0.7459590517241379,0.36302853924210976,False,precision
12502,0.3794233687405159,0.22156454967205247,2770,0.7462284482758621,0.36302350856490245,False,precision
12503,0.37945371775417297,0.22154682876109733,2770,0.7462284482758621,0.3630051700711908,False,precision
12513,0.3797572078907436,0.2213697754335491,2770,0.7462284482758621,0.36279022775608527,False,precision
12518,0.3799089529590288,0.22136123981466688,2771,0.7464978448275862,0.3627420574428706,False,precision
12521,0.38,0.22130820222026995,2771,0.7464978448275862,0.36263671941931686,False,precision
12526,0.3801517450682853,0.22121986268561392,2771,0.7464978448275862,0.36254206867242705,False,precision
12528,0.3802124430955994,0.2211845466155811,2771,0.7464978448275862,0.3623822254766788,False,precision
12547,0.38078907435508347,0.22092930581015383,2772,0.7467672413793104,0.3623474486076956,False,precision
12549,0.3808497723823976,0.22089409514702366,2772,0.7467672413793104,0.36233973503424,False,precision
12575,0.38163884673748105,0.22059642147117295,2774,0.7473060344827587,0.36222779234536845,False,precision
12580,0.3817905918057663,0.2205087440381558,2774,0.7473060344827587,0.3622106030780192,False,precision
12610,0.382701062215478,0.21998413957176843,2774,0.7473060344827587,0.3621859150205027,False,precision
12611,0.38273141122913507,0.2199666957418127,2774,0.7473060344827587,0.36217178812151074,False,precision
12650,0.38391502276176026,0.2192885375494071,2774,0.7473060344827587,0.3621456681335631,False,precision
12652,0.3839757207890744,0.2192538729054695,2774,0.7473060344827587,0.3621251018293606,False,precision
12653,0.3840060698027314,0.2192365446929582,2774,0.7473060344827587,0.3620690976055029,False,precision
12663,0.384309559939302,0.21906341309326383,2774,0.7473060344827587,0.36198871140085326,False,precision
12667,0.3844309559939302,0.21899423699376333,2774,0.7473060344827587,0.36187459808876077,False,precision
12669,0.3844916540212443,0.2189596653248086,2774,0.7473060344827587,0.36177871182987664,False,precision
12670,0.38452200303490136,0.21894238358326756,2774,0.7473060344827587,0.36166984097813065,False,precision
12692,0.3851896813353566,0.218562874251497,2774,0.7473060344827587,0.3615812886298144,False,precision
12693,0.38522003034901364,0.21854565508548018,2774,0.7473060344827587,0.36151512161392296,False,precision
12701,0.3854628224582701,0.21840799937012834,2774,0.7473060344827587,0.36148026500779856,False,precision
12709,0.38570561456752656,0.21827051695648753,2774,0.7473060344827587,0.3613429400504691,False,precision
12710,0.3857359635811836,0.21825334382376083,2774,0.7473060344827587,0.3612388007514951,False,precision
12719,0.3860091047040971,0.21809890714678826,2774,0.7473060344827587,0.36123515342555623,False,precision
12750,0.38694992412746587,0.21764705882352942,2775,0.7475754310344828,0.36107260624100557,False,precision
12753,0.38704097116843705,0.21759585979769466,2775,0.7475754310344828,0.3608169427247567,False,precision
12756,0.3871320182094082,0.21754468485418627,2775,0.7475754310344828,0.3607637651000801,False,precision
12768,0.38749620637329285,0.21734022556390978,2775,0.7475754310344828,0.36074743709364504,False,precision
12840,0.38968133535660093,0.2163551401869159,2778,0.7483836206896551,0.3607463153733968,False,precision
12892,0.3912594840667678,0.21602544213465716,2785,0.7502693965517241,0.36063306335883605,False,precision
12894,0.3913201820940819,0.21599193423297658,2785,0.7502693965517241,0.36011809229740616,False,precision
12953,0.3931107738998483,0.21531691500038602,2789,0.7513469827586207,0.3599856032218854,False,precision
13013,0.39493171471927163,0.21478521478521478,2795,0.7529633620689655,0.3598946837053272,False,precision
13031,0.3954779969650986,0.214488527357839,2795,0.7529633620689655,0.3598366663606664,False,precision
13054,0.39617602427921095,0.21418722230733875,2796,0.7532327586206896,0.3597877279170204,False,precision
13058,0.39629742033383913,0.21412161127278298,2796,0.7532327586206896,0.35940883267624013,False,precision
13059,0.3963277693474962,0.21410521479439468,2796,0.7532327586206896,0.3590214718861518,False,precision
13077,0.39687405159332323,0.2140399174122505,2799,0.7540409482758621,0.35898507488935694,False,precision
13091,0.397298937784522,0.21381101520128332,2799,0.7540409482758621,0.35887678109562954,False,precision
13152,0.39915022761760244,0.21335158150851583,2806,0.755926724137931,0.3586456893937169,False,precision
13153,0.3991805766312595,0.21333536075420056,2806,0.755926724137931,0.35851476700022983,False,precision
13197,0.40051593323216994,0.21277563082518755,2808,0.7564655172413793,0.3584122117776992,False,precision
13245,0.4019726858877086,0.2123065307663269,2812,0.7575431034482759,0.3584119659735928,False,precision
13275,0.40288315629742033,0.21190207156308852,2813,0.7578125,0.3580148442216529,False,precision
13278,0.4029742033383915,0.21192950745594216,2814,0.7580818965517241,0.3579172947697139,False,precision
13282,0.40309559939301975,0.21186568287908447,2814,0.7580818965517241,0.3578014249796387,False,precision
13295,0.40349013657056143,0.21165851823993984,2814,0.7580818965517241,0.35693014452493044,False,precision
13297,0.40355083459787555,0.2116266827103858,2814,0.7580818965517241,0.35690146809119205,False,precision
13323,0.404339908952959,0.21136380695038656,2816,0.7586206896551724,0.3568530770712486,False,precision
13328,0.4044916540212443,0.211359543817527,2817,0.7588900862068966,0.3568369021106408,False,precision
13330,0.40455235204855844,0.2113278319579895,2817,0.7588900862068966,0.3566094760954196,False,precision
13364,0.40558421851289833,0.21101466626758456,2820,0.759698275862069,0.3566083624705049,False,precision
13370,0.4057663125948407,0.21091997008227376,2820,0.759698275862069,0.35640336479764956,False,precision
13384,0.40619119878603943,0.21069934249850567,2820,0.759698275862069,0.3562818619279375,False,precision
13396,0.4065553869499241,0.21058524932815767,2821,0.7599676724137931,0.35619239703923056,False,precision
13399,0.4066464339908953,0.21053809985819838,2821,0.7599676724137931,0.3559436402957918,False,precision
13406,0.4068588770864947,0.21042816649261525,2821,0.7599676724137931,0.3558667299976903,False,precision
13410,0.4069802731411229,0.21036539895600298,2821,0.7599676724137931,0.3555732804349209,False,precision
13443,0.4079817905918058,0.2102953209848992,2827,0.7615840517241379,0.35540556092810405,False,precision
13446,0.4080728376327769,0.21032277257176857,2828,0.7618534482758621,0.35526616768251784,False,precision
13448,0.40813353566009103,0.21029149315883403,2828,0.7618534482758621,0.35526303055323044,False,precision
13451,0.4082245827010622,0.21024459148018734,2828,0.7618534482758621,0.35498383824876584,False,precision
13457,0.4084066767830046,0.2102251616259196,2829,0.7621228448275862,0.35482978894257905,False,precision
13458,0.40843702579666163,0.21020954079358004,2829,0.7621228448275862,0.3548130486641337,False,precision
13479,0.4090743550834598,0.2101787966466355,2833,0.7632004310344828,0.3547329642725606,False,precision
13487,0.4093171471927162,0.21005412619559577,2833,0.7632004310344828,0.3547078837954203,False,precision
13488,0.4093474962063733,0.21003855278766312,2833,0.7632004310344828,0.35439028926353355,False,precision
13511,0.41004552352048557,0.20990304196580564,2836,0.7640086206896551,0.3541480552591134,False,precision
13532,0.4106828528072838,0.209651197162282,2837,0.7642780172413793,0.35407211468548594,False,precision
13539,0.41089529590288315,0.2095428022749095,2837,0.7642780172413793,0.3540659854383426,False,precision
13540,0.4109256449165402,0.20952732644017724,2837,0.7642780172413793,0.3537988288999124,False,precision
13541,0.41095599393019727,0.20951185289121926,2837,0.7642780172413793,0.35371710961349456,False,precision
13547,0.4111380880121396,0.2094928766516572,2838,0.7645474137931034,0.35363571263644156,False,precision
13552,0.4112898330804249,0.20941558441558442,2838,0.7645474137931034,0.35353082483217063,False,precision
13555,0.41138088012139606,0.20936923644411656,2838,0.7645474137931034,0.3533409532092511,False,precision
13563,0.4116236722306525,0.2093194720931947,2839,0.7648168103448276,0.3533166055996064,False,precision
13570,0.4118361153262519,0.2092851879145173,2840,0.7650862068965517,0.35330023898512797,False,precision
13587,0.41235204855842184,0.2091705306543019,2842,0.765625,0.35308498296578344,False,precision
13599,0.4127162367223065,0.2089859548496213,2842,0.765625,0.3530845929110354,False,precision
13606,0.41292867981790593,0.20887843598412464,2842,0.765625,0.3530658569589074,False,precision
13615,0.4132018209408194,0.20881380829966947,2843,0.7658943965517241,0.3529357590508489,False,precision
13620,0.4133535660091047,0.20881057268722467,2844,0.7661637931034483,0.3528507309706054,False,precision
13641,0.4139908952959029,0.20878234733523934,2848,0.7672413793103449,0.35280279542936516,False,precision
13645,0.4141122913505311,0.20879443019421035,2849,0.767510775862069,0.35264955670461356,False,precision
13654,0.4143854324734446,0.2087300424783946,2850,0.7677801724137931,0.35261574027572645,False,precision
13665,0.4147192716236722,0.20863519941456274,2851,0.7680495689655172,0.3525612942930541,False,precision
13670,0.41487101669195753,0.208558888076079,2851,0.7680495689655172,0.35249313160170953,False,precision
13689,0.41544764795144157,0.20826941339761854,2851,0.7680495689655172,0.3523864625517123,False,precision
13695,0.41562974203338393,0.2081781672143118,2851,0.7680495689655172,0.35227378688716904,False,precision
13716,0.4162670713201821,0.20807815689705453,2854,0.7688577586206896,0.3522439129660501,False,precision
13718,0.4163277693474962,0.2080478203819799,2854,0.7688577586206896,0.3522011513378716,False,precision
13753,0.41738998482549317,0.207736493855886,2857,0.7696659482758621,0.35208884663386225,False,precision
13754,0.4174203338391502,0.20772139014104987,2857,0.7696659482758621,0.3520769384297051,False,precision
13785,0.418361153262519,0.20747188973521943,2860,0.7704741379310345,0.35205077821989744,False,precision
13786,0.418391502276176,0.20745684027274047,2860,0.7704741379310345,0.3520504528450132,False,precision
13791,0.4185432473444613,0.2075266478137916,2862,0.7710129310344828,0.35189767481318274,False,precision
13792,0.41857359635811836,0.20751160092807425,2862,0.7710129310344828,0.3518122047458667,False,precision
13796,0.4186949924127466,0.20745143519860829,2862,0.7710129310344828,0.3517041883229295,False,precision
13798,0.4187556904400607,0.2074213654152776,2862,0.7710129310344828,0.3517037760498477,False,precision
13801,0.41884673748103185,0.2073762770813709,2862,0.7710129310344828,0.35162359876886584,False,precision
13806,0.41899848254931715,0.20730117340286833,2862,0.7710129310344828,0.3516058675440551,False,precision
13814,0.4192412746585736,0.20718112060228752,2862,0.7710129310344828,0.351273055104751,False,precision
13823,0.4195144157814871,0.20704622730232222,2862,0.7710129310344828,0.3507167362595235,False,precision
13824,0.41954476479514413,0.20703125,2862,0.7710129310344828,0.3500437029027281,False,precision
13825,0.4195751138088012,0.20701627486437613,2862,0.7710129310344828,0.34994545992885634,False,precision
13826,0.41960546282245825,0.20700130189498048,2862,0.7710129310344828,0.3499003165087133,False,precision
13827,0.4196358118361153,0.206986331091343,2862,0.7710129310344828,0.3497473999100364,False,precision
13848,0.42027314112291353,0.20667244367417678,2862,0.7710129310344828,0.3494699299141365,False,precision
13854,0.42045523520485584,0.20665511765555075,2863,0.7712823275862069,0.3493272625036341,False,precision
13864,0.4207587253414264,0.20657818811309867,2864,0.771551724137931,0.3493116787833771,False,precision
13867,0.42084977238239757,0.20653349679094252,2864,0.771551724137931,0.34919223671996014,False,precision
13870,0.42094081942336875,0.20648882480173036,2864,0.771551724137931,0.3491145800138933,False,precision
13873,0.42103186646433993,0.20644417213292007,2864,0.771551724137931,0.34891685677710044,False,precision
13880,0.4212443095599393,0.2064121037463977,2865,0.7718211206896551,0.3487145790427038,False,precision
13890,0.42154779969650985,0.20633549316054717,2866,0.7720905172413793,0.34853038071213716,False,precision
13899,0.4218209408194234,0.20627383264983093,2867,0.7723599137931034,0.3485013894205714,False,precision
13900,0.4218512898330804,0.2062589928057554,2867,0.7723599137931034,0.34844052160420297,False,precision
13904,0.42197268588770864,0.20619965477560415,2867,0.7723599137931034,0.3484062107751283,False,precision
13906,0.42203338391502276,0.2061699985617719,2867,0.7723599137931034,0.34837342051662806,False,precision
13909,0.42212443095599395,0.20612553023222374,2867,0.7723599137931034,0.34812780419443123,False,precision
13915,0.42230652503793625,0.20603665109593963,2867,0.7723599137931034,0.34808025843618884,False,precision
13923,0.42254931714719274,0.20591826474179414,2867,0.7723599137931034,0.34806228582082616,False,precision
13930,0.4227617602427921,0.20581478822684854,2867,0.7723599137931034,0.34796997302365473,False,precision
13936,0.42294385432473447,0.20572617680826635,2867,0.7723599137931034,0.34784319882170567,False,precision
13937,0.4229742033383915,0.20571141565616705,2867,0.7723599137931034,0.34774810002486756,False,precision
13939,0.4230349013657056,0.20575364086376355,2868,0.7726293103448276,0.34764377895009096,False,precision
13946,0.423247344461305,0.205650365696257,2868,0.7726293103448276,0.3476352663631825,False,precision
13951,0.42339908952959027,0.20564834062074402,2869,0.7728987068965517,0.34760676981682176,False,precision
13952,0.4234294385432473,0.2056336009174312,2869,0.7728987068965517,0.347540211655724,False,precision
13955,0.4235204855842185,0.20558939448226443,2869,0.7728987068965517,0.34735750820318617,False,precision
13964,0.423793626707132,0.20552850186193067,2870,0.7731681034482759,0.34730139958423756,False,precision
13975,0.4241274658573596,0.20565295169946332,2874,0.7742456896551724,0.3472713541950626,False,precision
13977,0.42418816388467373,0.20562352436145095,2874,0.7742456896551724,0.34703096788965426,False,precision
13993,0.42467374810318664,0.20545987279353964,2875,0.7745150862068966,0.3469232131576138,False,precision
13995,0.42473444613050076,0.20543051089674885,2875,0.7745150862068966,0.3467381059025691,False,precision
14002,0.42494688922610013,0.20554206541922582,2878,0.775323275862069,0.34655917963742194,False,precision
14006,0.4250682852807284,0.20548336427245467,2878,0.775323275862069,0.34653653509483523,False,precision
14008,0.4251289833080425,0.20545402627070244,2878,0.775323275862069,0.34585486829642287,False,precision
14014,0.4253110773899848,0.20536606250891964,2878,0.775323275862069,0.34563059534048335,False,precision
14032,0.42585735963581184,0.20510262257696693,2878,0.775323275862069,0.34557463380640946,False,precision
14035,0.425948406676783,0.2050587816173851,2878,0.775323275862069,0.34549882688765815,False,precision
14039,0.4260698027314112,0.20500035615072298,2878,0.775323275862069,0.3453055377847103,False,precision
14076,0.4271927162367223,0.2048167092924126,2883,0.7766702586206896,0.3452498382699056,False,precision
14085,0.4274658573596358,0.20468583599574014,2883,0.7766702586206896,0.34509518979648374,False,precision
14091,0.42764795144157813,0.20459868000851608,2883,0.7766702586206896,0.3450732716594651,False,precision
14092,0.4276783004552352,0.20458416122622763,2883,0.7766702586206896,0.3450210111914208,False,precision
14095,0.4277693474962064,0.2046115643845335,2884,0.7769396551724138,0.3448808897638437,False,precision
14097,0.4278300455235205,0.2046534723700078,2885,0.7772090517241379,0.3446930741904216,False,precision
14098,0.42786039453717756,0.2046389558802667,2885,0.7772090517241379,0.34413558446456893,False,precision
14112,0.42828528072837635,0.2044359410430839,2885,0.7772090517241379,0.3440914785880593,False,precision
14114,0.4283459787556904,0.2044069718010486,2885,0.7772090517241379,0.3439691511473316,False,precision
14118,0.42846737481031866,0.20434905794021815,2885,0.7772090517241379,0.34393237126927134,False,precision
14121,0.42855842185128984,0.20430564407619856,2885,0.7772090517241379,0.34378275302699546,False,precision
14130,0.42883156297420333,0.20424628450106158,2886,0.7774784482758621,0.34376037561237793,False,precision
14141,0.42916540212443094,0.20408740541687292,2886,0.7774784482758621,0.3437268975721995,False,precision
14154,0.42955993930197267,0.2038999576091564,2886,0.7774784482758621,0.3431265624569491,False,precision
14157,0.42965098634294385,0.20385674931129477,2886,0.7774784482758621,0.34302297101304546,False,precision
14158,0.4296813353566009,0.20391298205961295,2887,0.7777478448275862,0.34294809945262267,False,precision
14159,0.429711684370258,0.20389858040822093,2887,0.7777478448275862,0.3428603296095176,False,precision
14162,0.42980273141122916,0.2038553876571106,2887,0.7777478448275862,0.342665825385255,False,precision
14165,0.4298937784522003,0.20381221320155313,2887,0.7777478448275862,0.34263144029980674,False,precision
14167,0.4299544764795144,0.2037834403896379,2887,0.7777478448275862,0.34246769767922425,False,precision
14169,0.4300151745068285,0.20375467570047287,2887,0.7777478448275862,0.3422502852430525,False,precision
14184,0.4304704097116844,0.20360970107163,2888,0.7780172413793104,0.3422412482804159,False,precision
14186,0.4305311077389985,0.20358099534752572,2888,0.7780172413793104,0.3420699867810039,False,precision
14188,0.4305918057663126,0.20355229771638003,2888,0.7780172413793104,0.3419655348881323,False,precision
14199,0.43092564491654023,0.2033946052538911,2888,0.7780172413793104,0.34191965782149647,False,precision
14200,0.4309559939301973,0.20338028169014086,2888,0.7780172413793104,0.3418590468624322,False,precision
14202,0.43101669195751136,0.20335164061399802,2888,0.7780172413793104,0.34176443481269103,False,precision
14207,0.43116843702579666,0.20328007320335045,2888,0.7780172413793104,0.3416503211286392,False,precision
14212,0.43132018209408196,0.20320855614973263,2888,0.7780172413793104,0.3410919715832868,False,precision
14213,0.431350531107739,0.2031942587771758,2888,0.7780172413793104,0.34101702010816964,False,precision
14224,0.43168437025796663,0.203107424071991,2889,0.7782866379310345,0.34081548873368367,False,precision
14225,0.4317147192716237,0.20309314586994728,2889,0.7782866379310345,0.3405615603991276,False,precision
14228,0.4318057663125948,0.20305032330615688,2889,0.7782866379310345,0.34055955980242497,False,precision
14243,0.43226100151745067,0.2028364810784245,2889,0.7782866379310345,0.34038512113160885,False,precision
14246,0.43235204855842185,0.20286396181384247,2890,0.7785560344827587,0.34010853508952665,False,precision
14254,0.4325948406676783,0.20275010523361864,2890,0.7785560344827587,0.33960448804411014,False,precision
14257,0.43268588770864946,0.20270744195833626,2890,0.7785560344827587,0.3395381495588223,False,precision
14263,0.4328679817905918,0.2026221692491061,2890,0.7785560344827587,0.3394504026996787,False,precision
14270,0.4330804248861912,0.2025928521373511,2891,0.7788254310344828,0.3393955357340922,False,precision
14281,0.4334142640364188,0.20243680414536797,2891,0.7788254310344828,0.3392830132896207,False,precision
14286,0.4335660091047041,0.20236595268094637,2891,0.7788254310344828,0.33920537467898326,False,precision
14287,0.43359635811836117,0.2023517883390495,2891,0.7788254310344828,0.3387351806982861,False,precision
14299,0.43396054628224584,0.20218197076718653,2891,0.7788254310344828,0.3386147817945118,False,precision
14301,0.43402124430955996,0.20215369554576604,2891,0.7788254310344828,0.3383076789188741,False,precision
14304,0.4341122913505311,0.2021112975391499,2891,0.7788254310344828,0.3382551707818761,False,precision
14308,0.43423368740515933,0.20205479452054795,2891,0.7788254310344828,0.33820148816521267,False,precision
14314,0.4344157814871017,0.20197009920357692,2891,0.7788254310344828,0.3381321768062013,False,precision
14319,0.43456752655538694,0.20196941127173684,2892,0.7790948275862069,0.338130988757259,False,precision
14320,0.434597875569044,0.20202513966480448,2893,0.779364224137931,0.33811824602935436,False,precision
14336,0.4350834597875569,0.20193917410714285,2895,0.7799030172413793,0.3380919284131634,False,precision
14343,0.4352959028831563,0.20184061911733947,2895,0.7799030172413793,0.33764071058918477,False,precision
14360,0.43581183611532626,0.2016016713091922,2895,0.7799030172413793,0.3374611720978286,False,precision
14363,0.43590288315629744,0.201559562765439,2895,0.7799030172413793,0.3369194292856997,False,precision
14366,0.43599393019726856,0.2015174718084366,2895,0.7799030172413793,0.33654742823104367,False,precision
14370,0.4361153262518968,0.20146137787056367,2895,0.7799030172413793,0.33614573120034713,False,precision
14379,0.4363884673748103,0.20133528061756728,2895,0.7799030172413793,0.33598781708120357,False,precision
14381,0.4364491654021244,0.2013768166330575,2896,0.7801724137931034,0.33585579152580514,False,precision
14391,0.43675265553869497,0.20123688416371344,2896,0.7801724137931034,0.3358395224150565,False,precision
14393,0.4368133535660091,0.20120892100326548,2896,0.7801724137931034,0.33581385098858335,False,precision
14407,0.4372382397572079,0.2010828069688346,2897,0.7804418103448276,0.33565056871040966,False,precision
14425,0.4377845220030349,0.2008318890814558,2897,0.7804418103448276,0.33554589764152054,False,precision
14430,0.43793626707132016,0.20076230076230075,2897,0.7804418103448276,0.33545231924558233,False,precision
14433,0.43802731411229134,0.20078985657867388,2898,0.7807112068965517,0.33533744477422467,False,precision
14437,0.4381487101669196,0.20073422456188958,2898,0.7807112068965517,0.3352922582366853,False,precision
14440,0.43823975720789077,0.20069252077562327,2898,0.7807112068965517,0.3348686755320204,False,precision
14442,0.43830045523520483,0.20066472787702536,2898,0.7807112068965517,0.3346458707299648,False,precision
14447,0.43845220030349014,0.20066449781961654,2899,0.7809806034482759,0.3341281238527584,False,precision
14450,0.4385432473444613,0.20062283737024222,2899,0.7809806034482759,0.33363388681795814,False,precision
14457,0.4387556904400607,0.20052569689423808,2899,0.7809806034482759,0.33336019048920645,False,precision
14470,0.4391502276176024,0.2003455425017277,2899,0.7809806034482759,0.3332270825678977,False,precision
14480,0.43945371775417297,0.200207182320442,2899,0.7809806034482759,0.33321713304147177,False,precision
14482,0.4395144157814871,0.2001795332136445,2899,0.7809806034482759,0.33287303307557703,False,precision
14501,0.4400910470409712,0.19998620784773463,2900,0.78125,0.33250334132890674,False,precision
14509,0.4403338391502276,0.19987593907229995,2900,0.78125,0.33244504888458426,False,precision
14510,0.4403641881638847,0.19986216402481047,2900,0.78125,0.33236044621836175,False,precision
14512,0.4404248861911988,0.19983461962513782,2900,0.78125,0.33223668421561414,False,precision
14515,0.44051593323217,0.1998622115053393,2901,0.7815193965517241,0.3318372371465074,False,precision
14517,0.44057663125948404,0.1998346765860715,2901,0.7815193965517241,0.33173867131837165,False,precision
14529,0.4409408194233687,0.19966962626471196,2901,0.7815193965517241,0.3310920398049419,False,precision
14530,0.4409711684370258,0.19965588437715073,2901,0.7815193965517241,0.3309017768661283,False,precision
14535,0.4411229135053111,0.19965600275197798,2902,0.7817887931034483,0.3308963860023312,False,precision
14536,0.44115326251896814,0.19964226747385802,2902,0.7817887931034483,0.33079984589537353,False,precision
14537,0.4411836115326252,0.19962853408543715,2902,0.7817887931034483,0.3307730490288069,False,precision
14541,0.44130500758725344,0.19957361942094767,2902,0.7817887931034483,0.3305339787273749,False,precision
14546,0.4414567526555387,0.19950501856180394,2902,0.7817887931034483,0.33032144885316844,False,precision
14549,0.44154779969650987,0.19946388067908447,2902,0.7817887931034483,0.33027887385435506,False,precision
14562,0.4419423368740516,0.19928581238840817,2902,0.7817887931034483,0.33019523547362983,False,precision
14572,0.44224582701062215,0.1991490529783146,2902,0.7817887931034483,0.33013266417548287,False,precision
14586,0.44267071320182094,0.1990264637323461,2903,0.7820581896551724,0.3299975591298261,False,precision
14587,0.442701062215478,0.19901281963392062,2903,0.7820581896551724,0.3297884979950198,False,precision
14589,0.4427617602427921,0.19898553704846117,2903,0.7820581896551724,0.329622810522598,False,precision
14590,0.4427921092564492,0.1990404386566141,2904,0.7823275862068966,0.3295505842978733,False,precision
14606,0.44327769347496204,0.19882240175270438,2904,0.7823275862068966,0.3294707635366872,False,precision
14607,0.4433080424886191,0.19880879030601767,2904,0.7823275862068966,0.32943746452038586,False,precision
14609,0.4433687405159332,0.19878157300294338,2904,0.7823275862068966,0.32922477874898093,False,precision
14625,0.44385432473444614,0.19863247863247863,2905,0.7825969827586207,0.3289775324172263,False,precision
14628,0.4439453717754173,0.1985917418649166,2905,0.7825969827586207,0.32884855048778877,False,precision
14630,0.4440060698027314,0.19856459330143542,2905,0.7825969827586207,0.3287062587958328,False,precision
14652,0.44467374810318666,0.19833469833469833,2906,0.7828663793103449,0.32837532583172635,False,precision
14654,0.4447344461305008,0.19830762931622764,2906,0.7828663793103449,0.32814840075864404,False,precision
14657,0.4448254931714719,0.19826703963976258,2906,0.7828663793103449,0.3280693449596457,False,precision
14670,0.44522003034901364,0.19815950920245398,2907,0.783135775862069,0.3279998160233618,False,precision
14683,0.44561456752655537,0.19805216917523666,2908,0.7834051724137931,0.3279519793175752,False,precision
14684,0.44564491654021243,0.19803868155815854,2908,0.7834051724137931,0.32777561696381374,False,precision
14699,0.4461001517450683,0.19790461936186135,2909,0.7836745689655172,0.3276911973334221,False,precision
14701,0.4461608497723824,0.1978776953948711,2909,0.7836745689655172,0.32755102543469566,False,precision
14832,0.45013657056145673,0.19633225458468176,2912,0.7844827586206896,0.3273066470400787,False,precision
14844,0.4505007587253414,0.19624090541632982,2913,0.7847521551724138,0.32723877311859045,False,precision
14846,0.4505614567526555,0.1962144685437155,2913,0.7847521551724138,0.3266332561956074,False,precision
14848,0.45062215477996964,0.19618803879310345,2913,0.7847521551724138,0.32656156779205725,False,precision
14850,0.45068285280728376,0.19616161616161615,2913,0.7847521551724138,0.3260213893573154,False,precision
14922,0.4528679817905918,0.19548317919849886,2917,0.7858297413793104,0.325293829211502,False,precision
14923,0.45289833080424885,0.19547007974267908,2917,0.7858297413793104,0.32509437540227987,False,precision
14924,0.4529286798179059,0.1954569820423479,2917,0.7858297413793104,0.32493536824843694,False,precision
14931,0.45314112291350533,0.19536534726408145,2917,0.7858297413793104,0.324847614726242,False,precision
14942,0.45347496206373294,0.19522152322312944,2917,0.7858297413793104,0.32471871901598615,False,precision
14952,0.4537784522003035,0.19515783841626538,2918,0.7860991379310345,0.3245613065969696,False,precision
14963,0.4541122913505311,0.19508120029405868,2919,0.7863685344827587,0.32453823072889015,False,precision
14968,0.4542640364188164,0.19501603420630678,2919,0.7863685344827587,0.3245120907331294,False,precision
14969,0.45429438543247347,0.19500300621283986,2919,0.7863685344827587,0.32410614897373746,False,precision
14998,0.45517450682852806,0.19462595012668354,2919,0.7863685344827587,0.3238044605305863,False,precision
15001,0.45526555386949924,0.1945870275314979,2919,0.7863685344827587,0.32353821175705955,False,precision
15002,0.4552959028831563,0.19457405679242767,2919,0.7863685344827587,0.32348557546500545,False,precision
15011,0.4555690440060698,0.19445739790820066,2919,0.7863685344827587,0.3233565868165584,False,precision
15027,0.4560546282245827,0.19431689625341053,2920,0.7866379310344828,0.32285080845847436,False,precision
15172,0.4604552352048558,0.1928552596889006,2926,0.7882543103448276,0.32263004636831,False,precision
15227,0.4621244309559939,0.1923556839823997,2929,0.7890625,0.32248459380241296,False,precision
15233,0.4623065250379363,0.19234556554848029,2930,0.7893318965517241,0.32244063774159987,False,precision
15235,0.46236722306525035,0.19232031506399738,2930,0.7893318965517241,0.32220928280699124,False,precision
15254,0.46294385432473445,0.1922118788514488,2932,0.7898706896551724,0.32213666602382224,False,precision
15318,0.46488619119878605,0.19140880010445227,2932,0.7898706896551724,0.32183656836189695,False,precision
15320,0.46494688922610017,0.19138381201044385,2932,0.7898706896551724,0.3213410746776228,False,precision
15323,0.4650379362670713,0.19141160347190497,2933,0.7901400862068966,0.32118053635669497,False,precision
15325,0.4650986342943854,0.19138662316476346,2933,0.7901400862068966,0.32096133755745837,False,precision
15327,0.46515933232169954,0.19136164937691655,2933,0.7901400862068966,0.32079347204114766,False,precision
15464,0.4693171471927162,0.18992498706673563,2937,0.7912176724137931,0.320532715197085,False,precision
15469,0.4694688922610015,0.18992824358394209,2938,0.7914870689655172,0.3205302556287017,False,precision
15473,0.46959028831562977,0.18987914431590514,2938,0.7914870689655172,0.3203238967414351,False,precision
15480,0.46980273141122914,0.18979328165374676,2938,0.7914870689655172,0.3203142410302009,False,precision
15482,0.46986342943854326,0.18976876372561685,2938,0.7914870689655172,0.3200075602479348,False,precision
15483,0.4698937784522003,0.1897565071368598,2938,0.7914870689655172,0.31997759856067115,False,precision
15484,0.4699241274658574,0.18974425213123225,2938,0.7914870689655172,0.31980236265858525,False,precision
15489,0.4700758725341426,0.18974756278649363,2939,0.7917564655172413,0.3195601527102351,False,precision
15499,0.4703793626707132,0.18968965739725144,2940,0.7920258620689655,0.31927827333600484,False,precision
15501,0.4704400606980273,0.18966518289142636,2940,0.7920258620689655,0.31923703551488203,False,precision
15555,0.47207890743550834,0.18932819029251044,2945,0.7933728448275862,0.3191796540781771,False,precision
15560,0.47223065250379365,0.18926735218508997,2945,0.7933728448275862,0.3191740039461257,False,precision
15564,0.47235204855842183,0.18928296067848882,2946,0.7936422413793104,0.3189925499450308,False,precision
15585,0.47298937784522005,0.18909207571382738,2947,0.7939116379310345,0.3189232724147268,False,precision
15594,0.47326251896813354,0.18898294215723996,2947,0.7939116379310345,0.31887670077313085,False,precision
15597,0.4733535660091047,0.18894659229338975,2947,0.7939116379310345,0.3187666267564127,False,precision
15598,0.4733839150227618,0.18893447877933067,2947,0.7939116379310345,0.31874104325510044,False,precision
15610,0.47374810318664645,0.1889173606662396,2949,0.7944504310344828,0.3185126149578244,False,precision
15630,0.47435508345978755,0.18873960332693537,2950,0.7947198275862069,0.31835060942491555,False,precision
15632,0.4744157814871017,0.1887154554759468,2950,0.7947198275862069,0.31815665067449145,False,precision
15702,0.4765402124430956,0.18793784231308114,2951,0.794989224137931,0.31809616805688384,False,precision
15716,0.47696509863429437,0.18777042504454058,2951,0.794989224137931,0.318096086665299,False,precision
15719,0.47705614567526555,0.1877345887142948,2951,0.794989224137931,0.3179503916421655,False,precision
15730,0.47738998482549316,0.18760330578512396,2951,0.794989224137931,0.31794198458899015,False,precision
15740,0.4776934749620637,0.1875476493011436,2952,0.7952586206896551,0.31762523673392445,False,precision
15741,0.4777238239757208,0.18753573470554602,2952,0.7952586206896551,0.3173716976473045,False,precision
15744,0.47781487101669196,0.1875,2952,0.7952586206896551,0.3171068899301449,False,precision
15760,0.47830045523520487,0.18730964467005076,2952,0.7952586206896551,0.31703604728190427,False,precision
15900,0.48254931714719274,0.1861006289308176,2959,0.7971443965517241,0.3168774797082997,False,precision
16008,0.4858270106221548,0.18509495252373814,2963,0.7982219827586207,0.3164550731303537,False,precision
16039,0.48676783004552354,0.18479955109420787,2964,0.7984913793103449,0.31626377835527003,False,precision
16044,0.4869195751138088,0.18480428820742956,2965,0.798760775862069,0.316262638941108,False,precision
16048,0.48704097116843703,0.18482053838484547,2966,0.7990301724137931,0.31623176910194367,False,precision
16054,0.48722306525037934,0.18475146380964247,2966,0.7990301724137931,0.31608837251852717,False,precision
16184,0.49116843702579666,0.18382352941176472,2975,0.8014547413793104,0.3160320345060922,False,precision
16210,0.4919575113808801,0.18352868599629857,2975,0.8014547413793104,0.31591803217407427,False,precision
16269,0.4937481031866464,0.18304751367631691,2978,0.8022629310344828,0.31550311513450435,False,precision
16272,0.4938391502276176,0.18301376597836774,2978,0.8022629310344828,0.31546380534190777,False,precision
16275,0.4939301972685888,0.1829800307219662,2978,0.8022629310344828,0.31537344413162716,False,precision
16291,0.4944157814871017,0.18292308636670554,2980,0.802801724137931,0.3153513529605735,False,precision
16331,0.4956297420333839,0.182475047455759,2980,0.802801724137931,0.3148026036375573,False,precision
16472,0.4999089529590288,0.18139873725109276,2988,0.8049568965517241,0.3147955808152056,False,precision
16499,0.5007283763277693,0.181101884962725,2988,0.8049568965517241,0.3146237436673982,False,precision
16501,0.5007890743550835,0.18107993454942126,2988,0.8049568965517241,0.31460448525788826,False,precision
16607,0.5040060698027314,0.18004455952309267,2990,0.8054956896551724,0.31456685618384883,False,precision
16640,0.5050075872534142,0.1796875,2990,0.8054956896551724,0.31444853317898025,False,precision
16756,0.5085280728376328,0.1787419431845309,2995,0.8068426724137931,0.31418775487536665,False,precision
16758,0.5085887708649469,0.17872061105143813,2995,0.8068426724137931,0.31356849587894386,False,precision
16889,0.5125644916540213,0.17774883059979868,3002,0.8087284482758621,0.31348781764324024,False,precision
16912,0.5132625189681336,0.17750709555345318,3002,0.8087284482758621,0.3134839336900989,False,precision
16913,0.5132928679817906,0.1774966002483297,3002,0.8087284482758621,0.31346884630599625,False,precision
16931,0.5138391502276176,0.1773078967574272,3002,0.8087284482758621,0.3133692579099994,False,precision
16941,0.5141426403641882,0.17726226314857446,3003,0.8089978448275862,0.3130895548410403,False,precision
16963,0.5148103186646434,0.177032364558156,3003,0.8089978448275862,0.31294275355406337,False,precision
16981,0.5153566009104704,0.1768447087921795,3003,0.8089978448275862,0.31293222551764843,False,precision
17037,0.5170561456752656,0.17643951399894348,3006,0.8098060344827587,0.3128628363073387,False,precision
17045,0.517298937784522,0.17641537107656205,3007,0.8100754310344828,0.3127471651616522,False,precision
17059,0.5177238239757208,0.17627059030423822,3007,0.8100754310344828,0.31211665277139783,False,precision
17069,0.5180273141122913,0.17622590661433007,3008,0.8103448275862069,0.31201400020453046,False,precision
17072,0.5181183611532625,0.17619493908153702,3008,0.8103448275862069,0.3119557457504178,False,precision
17076,0.5182397572078907,0.17615366596392598,3008,0.8103448275862069,0.31193228861655986,False,precision
17088,0.5186039453717755,0.1760299625468165,3008,0.8103448275862069,0.31173717063170875,False,precision
17091,0.5186949924127466,0.17599906383476685,3008,0.8103448275862069,0.3116247915369153,False,precision
17106,0.5191502276176024,0.17584473284227756,3008,0.8103448275862069,0.31159591289176813,False,precision
17107,0.5191805766312595,0.17583445373239026,3008,0.8103448275862069,0.31156168771683274,False,precision
17109,0.5192412746585736,0.17587234788707698,3009,0.810614224137931,0.3113625759808033,False,precision
17132,0.5199393019726859,0.17569460658416997,3010,0.8108836206896551,0.31112210336039187,False,precision
17152,0.520546282245827,0.17548973880597016,3010,0.8108836206896551,0.3111157615865791,False,precision
17185,0.5215477996965099,0.17526913005528078,3012,0.8114224137931034,0.31109928550451965,False,precision
17325,0.5257966616084977,0.1741991341991342,3018,0.8130387931034483,0.31104122237994575,False,precision
17328,0.5258877086494689,0.17416897506925208,3018,0.8130387931034483,0.3109820844526826,False,precision
17330,0.525948406676783,0.1742065781881131,3019,0.8133081896551724,0.3109570381606442,False,precision
17345,0.5264036418816388,0.17411357739982705,3020,0.8135775862068966,0.3108836760128118,False,precision
17348,0.52649468892261,0.1740834678349089,3020,0.8135775862068966,0.3107507247246144,False,precision
17367,0.5270713201820941,0.17406575689526113,3023,0.814385775862069,0.3107321457076075,False,precision
17370,0.5271623672230652,0.1740356937248129,3023,0.814385775862069,0.3106618254444878,False,precision
17374,0.5272837632776934,0.17399562564751928,3023,0.814385775862069,0.31040702628386424,False,precision
17375,0.5273141122913505,0.17398561151079137,3023,0.814385775862069,0.310306242246801,False,precision
17437,0.529195751138088,0.17371107415266387,3029,0.8160021551724138,0.3101506058803063,False,precision
17439,0.5292564491654022,0.17374849475313953,3030,0.8162715517241379,0.31013509490010255,False,precision
17479,0.5304704097116844,0.17340808970764918,3031,0.8165409482758621,0.3098629843668702,False,precision
17482,0.5305614567526555,0.17337833199862715,3031,0.8165409482758621,0.3098412486804238,False,precision
17534,0.5321396054628225,0.17286414965210448,3031,0.8165409482758621,0.3097922554917141,False,precision
17545,0.5324734446130501,0.17275577087489313,3031,0.8165409482758621,0.309770282891815,False,precision
17551,0.5326555386949924,0.17275368924847587,3032,0.8168103448275862,0.309594991938244,False,precision
17677,0.5364795144157815,0.17186174124568648,3038,0.818426724137931,0.3095783596701524,False,precision
17698,0.5371168437025796,0.17171431800203413,3039,0.8186961206896551,0.3095374117009642,False,precision
17728,0.5380273141122913,0.1715365523465704,3041,0.8192349137931034,0.3094583817573841,False,precision
17732,0.5381487101669196,0.17155425219941348,3042,0.8195043103448276,0.3093181044210387,False,precision
17742,0.5384522003034902,0.1715139217675572,3043,0.8197737068965517,0.3093083161295264,False,precision
17890,0.5429438543247345,0.1704304080491895,3049,0.8213900862068966,0.3091457508779556,False,precision
17896,0.5431259484066768,0.17037326776933392,3049,0.8213900862068966,0.3091420217508271,False,precision
17914,0.5436722306525038,0.1702578988500614,3050,0.8216594827586207,0.30910248284519803,False,precision
17960,0.5450682852807284,0.16987750556792874,3051,0.8219288793103449,0.30908238676149763,False,precision
17976,0.5455538694992412,0.16994882064975522,3055,0.8230064655172413,0.3088890705838848,False,precision
17987,0.5458877086494689,0.16984488797464836,3055,0.8230064655172413,0.30886850291486034,False,precision
17988,0.545918057663126,0.16983544585279076,3055,0.8230064655172413,0.3087358741602711,False,precision
18004,0.5464036418816388,0.16974005776494114,3056,0.8232758620689655,0.30873287331423993,False,precision
18021,0.5469195751138088,0.16969091615337661,3058,0.8238146551724138,0.30847477618980906,False,precision
18034,0.5473141122913505,0.16962404347343907,3059,0.8240840517241379,0.3084680196854757,False,precision
18054,0.5479210925644916,0.1694915254237288,3060,0.8243534482758621,0.30817198896601683,False,precision
18059,0.5480728376327769,0.16944459826125477,3060,0.8243534482758621,0.3075353224667911,False,precision
18122,0.5499848254931715,0.1693521686348085,3069,0.8267780172413793,0.30750366152030206,False,precision
18137,0.5504400606980273,0.16932237966587638,3071,0.8273168103448276,0.3073793195911481,False,precision
18151,0.550864946889226,0.1692468734504986,3072,0.8275862068965517,0.30715437408006974,False,precision
18157,0.5510470409711684,0.1691909456407997,3072,0.8275862068965517,0.30706127476965306,False,precision
18268,0.5544157814871017,0.1686008320560543,3080,0.8297413793103449,0.3070602563973272,False,precision
18276,0.5546585735963582,0.16852702998467936,3080,0.8297413793103449,0.3069082414137696,False,precision
18281,0.5548103186646434,0.1684809364914392,3080,0.8297413793103449,0.3068004019322241,False,precision
18286,0.5549620637329287,0.1684348682051843,3080,0.8297413793103449,0.3067951017318909,False,precision
18292,0.555144157814871,0.1684889569210584,3082,0.8302801724137931,0.3067373572096004,False,precision
18293,0.5551745068285281,0.1685344120701908,3083,0.8305495689655172,0.306694836031254,False,precision
18299,0.5553566009104705,0.1684791518662222,3083,0.8305495689655172,0.3064515954664684,False,precision
18325,0.5561456752655539,0.16824010914051843,3083,0.8305495689655172,0.3064071065459832,False,precision
18352,0.5569650986342943,0.16810156931124673,3085,0.8310883620689655,0.3061267355026425,False,precision
18366,0.5573899848254932,0.1681367744745726,3088,0.8318965517241379,0.3058838076290946,False,precision
18373,0.5576024279210926,0.1680727153975943,3088,0.8318965517241379,0.30568251849897354,False,precision
18517,0.5619726858877087,0.16730571906896366,3098,0.8345905172413793,0.30553472927162245,False,precision
18559,0.563247344461305,0.16703486179212243,3100,0.8351293103448276,0.3054570749150006,False,precision
18562,0.5633383915022762,0.1670078655317315,3100,0.8351293103448276,0.3053952047834372,False,precision
18694,0.5673444613050076,0.16620305980528513,3107,0.8370150862068966,0.30522791918638204,False,precision
18825,0.571320182094082,0.1655245683930943,3116,0.8394396551724138,0.30498132528215155,False,precision
18841,0.5718057663125948,0.16549015445040072,3118,0.8399784482758621,0.3048504959153265,False,precision
18885,0.5731411229135053,0.16521048451151707,3120,0.8405172413793104,0.30481313090515255,False,precision
18897,0.57350531107739,0.16510557231306558,3120,0.8405172413793104,0.30481265701469634,False,precision
18899,0.5735660091047041,0.16508809989946557,3120,0.8405172413793104,0.3047095334318351,False,precision
18903,0.5736874051593324,0.16505316616410093,3120,0.8405172413793104,0.30463666501789427,False,precision
18905,0.5737481031866465,0.16503570483998942,3120,0.8405172413793104,0.30451441051786343,False,precision
18906,0.5737784522003034,0.16502697556331322,3120,0.8405172413793104,0.304453392740163,False,precision
18938,0.5747496206373293,0.16490653712113212,3123,0.8413254310344828,0.3043747317825626,False,precision
18940,0.5748103186646434,0.16488912354804647,3123,0.8413254310344828,0.30437026680476154,False,precision
18947,0.5750227617602428,0.16482820499287487,3123,0.8413254310344828,0.30406962734847115,False,precision
18980,0.5760242792109257,0.16454162276080084,3123,0.8413254310344828,0.3039534037883661,False,precision
18982,0.5760849772382397,0.16452428616584133,3123,0.8413254310344828,0.30378685699021457,False,precision
19002,0.5766919575113809,0.16435112093463847,3123,0.8413254310344828,0.3034645917900394,False,precision
19011,0.5769650986342943,0.1642733154489506,3123,0.8413254310344828,0.30331307985129147,False,precision
19021,0.577268588770865,0.1642395247358183,3124,0.8415948275862069,0.3032392710398153,False,precision
19036,0.5777238239757208,0.1641101071653709,3124,0.8415948275862069,0.3032209986143997,False,precision
19040,0.577845220030349,0.16407563025210084,3124,0.8415948275862069,0.30315983117397444,False,precision
19046,0.5780273141122914,0.16402394203507298,3124,0.8415948275862069,0.30295419492380854,False,precision
19067,0.5786646433990895,0.16394818272407824,3126,0.8421336206896551,0.30275049647260144,False,precision
19073,0.5788467374810319,0.16394903790698895,3127,0.8424030172413793,0.3027118745019119,False,precision
19094,0.57948406676783,0.16387346810516393,3129,0.8429418103448276,0.3026334027571812,False,precision
19111,0.58,0.16383234786248757,3131,0.8434806034482759,0.30250021269332594,False,precision
19113,0.5800606980273141,0.1638152043112018,3131,0.8434806034482759,0.3024835216301248,False,precision
19118,0.5802124430955994,0.16377236112564075,3131,0.8434806034482759,0.3023989272691954,False,precision
19164,0.581608497723824,0.1634836151116677,3133,0.8440193965517241,0.3022297753832549,False,precision
19167,0.5816995447647951,0.16345802681692492,3133,0.8440193965517241,0.3020363182956174,False,precision
19208,0.5829438543247345,0.16326530612244897,3136,0.8448275862068966,0.3018689867413189,False,precision
19221,0.5833383915022762,0.1632069091098278,3137,0.8450969827586207,0.3017933817578784,False,precision
19225,0.5834597875569044,0.16317295188556566,3137,0.8450969827586207,0.3017570011077701,False,precision
19258,0.5844613050075873,0.16299719597050577,3139,0.845635775862069,0.30175403238065596,False,precision
19271,0.584855842185129,0.16299102278034353,3141,0.8461745689655172,0.301669820298048,False,precision
19295,0.5855842185128983,0.16284011401917595,3142,0.8464439655172413,0.30166395445444516,False,precision
19299,0.5857056145675266,0.16280636302399087,3142,0.8464439655172413,0.3016347948367724,False,precision
19318,0.5862822458270106,0.16269800186354694,3143,0.8467133620689655,0.30160022047849183,False,precision
19353,0.5873444613050076,0.16240376169069395,3143,0.8467133620689655,0.3014235322391415,False,precision
19359,0.58752655538695,0.16235342734645383,3143,0.8467133620689655,0.301378986295174,False,precision
19384,0.5882852807283764,0.1622472141972761,3145,0.8472521551724138,0.30135961471902206,False,precision
19393,0.5885584218512898,0.16222348269994327,3146,0.8475215517241379,0.30104488090728665,False,precision
19412,0.5891350531107739,0.16211621677313,3147,0.8477909482758621,0.3008943253386736,False,precision
19413,0.5891654021244309,0.16210786586308143,3147,0.8477909482758621,0.30085663665723295,False,precision
19439,0.5899544764795144,0.1619424867534338,3148,0.8480603448275862,0.3008224835410722,False,precision
19445,0.5901365705614567,0.16189251735664695,3148,0.8480603448275862,0.3007101602506925,False,precision
19475,0.5910470409711684,0.16169448010269577,3149,0.8483297413793104,0.30059132542474415,False,precision
19479,0.5911684370257967,0.16166127624621388,3149,0.8483297413793104,0.3005911010857925,False,precision
19497,0.5917147192716237,0.1615633174334513,3150,0.8485991379310345,0.30052354416413496,False,precision
19518,0.5923520485584218,0.16149195614304745,3152,0.8491379310344828,0.30048329229201287,False,precision
19552,0.5933839150227618,0.16126227495908346,3153,0.8494073275862069,0.3004777115169242,False,precision
19561,0.5936570561456752,0.16129032258064516,3155,0.8499461206896551,0.30044417246911653,False,precision
19576,0.5941122913505311,0.16121781773600327,3156,0.8502155172413793,0.30043346978538077,False,precision
19614,0.5952655538694992,0.16105842765371672,3159,0.8510237068965517,0.30035611038974114,False,precision
19619,0.5954172989377845,0.16101738111014832,3159,0.8510237068965517,0.3001592582119942,False,precision
19622,0.5955083459787557,0.1609927632249516,3159,0.8510237068965517,0.30013051533586993,False,precision
19651,0.5963884673748103,0.16075517785354435,3159,0.8510237068965517,0.3001274599515929,False,precision
19652,0.5964188163884674,0.16074699776104212,3159,0.8510237068965517,0.30004655099962163,False,precision
19653,0.5964491654021244,0.16073881850099223,3159,0.8510237068965517,0.30003999287742555,False,precision
19657,0.5965705614567527,0.16070610978277458,3159,0.8510237068965517,0.30000614025672945,False,precision
19788,0.600546282245827,0.16019809985850011,3170,0.8539870689655172,0.2999843408413215,False,precision
19796,0.6007890743550834,0.1601838755304102,3171,0.8542564655172413,0.2999261709679446,False,precision
19823,0.601608497723824,0.15996569641325734,3171,0.8542564655172413,0.29985001459937094,False,precision
19848,0.6023672230652504,0.15981459089076985,3172,0.8545258620689655,0.2998407805141585,False,precision
19857,0.6026403641881639,0.1597421564183915,3172,0.8545258620689655,0.29982402676092196,False,precision
19885,0.6034901365705615,0.15961780236359063,3174,0.8550646551724138,0.29979998539401165,False,precision
19890,0.6036418816388467,0.1596279537456008,3175,0.8553340517241379,0.29970780757473264,False,precision
19891,0.6036722306525037,0.15961992861092958,3175,0.8553340517241379,0.2997033417925401,False,precision
19894,0.6037632776934749,0.15959585804765256,3175,0.8553340517241379,0.2995456549883547,False,precision
19923,0.6046433990895296,0.1594137429102043,3176,0.8556034482758621,0.2993405848861085,False,precision
19949,0.605432473444613,0.15920597523685398,3176,0.8556034482758621,0.2992961565548943,False,precision
19952,0.6055235204855842,0.15918203688853247,3176,0.8556034482758621,0.29926531353806995,False,precision
19953,0.6055538694992413,0.15922417681551645,3177,0.8558728448275862,0.29923263349025325,False,precision
19961,0.6057966616084978,0.15921046039777567,3178,0.8561422413793104,0.29921629527729177,False,precision
19975,0.6062215477996965,0.15914893617021278,3179,0.8564116379310345,0.2990644849633556,False,precision
19981,0.6064036418816389,0.15910114608878434,3179,0.8564116379310345,0.29903837874617917,False,precision
19994,0.6067981790591805,0.1590477143142943,3180,0.8566810344827587,0.29903545294136913,False,precision
20012,0.6073444613050076,0.159004597241655,3182,0.8572198275862069,0.2989346371182788,False,precision
20039,0.6081638846737482,0.15879035880033934,3182,0.8572198275862069,0.2989143550259303,False,precision
20103,0.6101062215477997,0.15878227130279063,3192,0.8599137931034483,0.29851929436752606,False,precision
20111,0.6103490136570562,0.15876883297697778,3193,0.8601831896551724,0.2984194632120653,False,precision
20113,0.6104097116843703,0.1587530452940884,3193,0.8601831896551724,0.29841710880889144,False,precision
20119,0.6105918057663126,0.15870570107858242,3193,0.8601831896551724,0.2984037307292662,False,precision
20120,0.6106221547799696,0.15869781312127237,3193,0.8601831896551724,0.29830600488690073,False,precision
20122,0.6106828528072837,0.15868203955869198,3193,0.8601831896551724,0.2981760389471003,False,precision
20127,0.610834597875569,0.15864261936701943,3193,0.8601831896551724,0.29815556597558185,False,precision
20143,0.6113201820940819,0.15851660626520378,3193,0.8601831896551724,0.29809430212635435,False,precision
20149,0.6115022761760243,0.15846940294803713,3193,0.8601831896551724,0.2979682895987779,False,precision
20154,0.6116540212443096,0.1584300883199365,3193,0.8601831896551724,0.29784229331967343,False,precision
20157,0.6117450682852807,0.158406508905095,3193,0.8601831896551724,0.2976616478262475,False,precision
20168,0.6120789074355083,0.1583201110670369,3193,0.8601831896551724,0.29759271236686374,False,precision
20170,0.6121396054628224,0.15830441249380267,3193,0.8601831896551724,0.29750806773718863,False,precision
20174,0.6122610015174507,0.15827302468523843,3193,0.8601831896551724,0.29745974577808776,False,precision
20178,0.6123823975720789,0.15824164932104273,3193,0.8601831896551724,0.29745215257111224,False,precision
20198,0.61298937784522,0.15823348846420437,3196,0.8609913793103449,0.29744664184003533,False,precision
20202,0.6131107738998482,0.1582021582021582,3196,0.8609913793103449,0.2973798258123244,False,precision
20229,0.6139301972685888,0.1580404369963913,3197,0.861260775862069,0.29727172141726743,False,precision
20238,0.6142033383915023,0.1579701551536713,3197,0.861260775862069,0.29725755305289153,False,precision
20244,0.6143854324734446,0.15792333530922742,3197,0.861260775862069,0.29718853334396517,False,precision
20249,0.6145371775417299,0.1578843399674058,3197,0.861260775862069,0.2971010009250497,False,precision
20265,0.6150227617602428,0.15790772267456205,3200,0.8620689655172413,0.2969550654603019,False,precision
20272,0.6152352048558422,0.15785319652722968,3200,0.8620689655172413,0.2969520690066335,False,precision
20281,0.6155083459787557,0.15783245402100488,3201,0.8623383620689655,0.29693830838457563,False,precision
20292,0.6158421851289833,0.15779617583284053,3202,0.8626077586206896,0.2969372188065062,False,precision
20294,0.6159028831562974,0.15778062481521632,3202,0.8626077586206896,0.2969039240199834,False,precision
20420,0.6197268588770865,0.15754162585700293,3217,0.8666487068965517,0.2968444429078373,False,precision
20427,0.6199393019726859,0.15758554853869877,3219,0.8671875,0.2967853024929629,False,precision
20430,0.6200303490136571,0.15756240822320117,3219,0.8671875,0.29677203814649383,False,precision
20456,0.6208194233687405,0.15741102854908096,3220,0.8674568965517241,0.2966630356057383,False,precision
20487,0.6217602427921093,0.157172841314004,3220,0.8674568965517241,0.29662390240510134,False,precision
20502,0.6222154779969651,0.15705784801482783,3220,0.8674568965517241,0.29653962308425896,False,precision
20509,0.6224279210925645,0.15700424204007996,3220,0.8674568965517241,0.29651491831019955,False,precision
20520,0.6227617602427921,0.1570175438596491,3222,0.8679956896551724,0.2964226046958552,False,precision
20549,0.6236418816388467,0.1568932794783201,3224,0.8685344827586207,0.2963986658318163,False,precision
20588,0.624825493171472,0.15659607538371867,3224,0.8685344827586207,0.2962762435057621,False,precision
20593,0.6249772382397573,0.15655805370757053,3224,0.8685344827586207,0.29623504303891285,False,precision
20599,0.6251593323216995,0.15651245206077966,3224,0.8685344827586207,0.2961417953168106,False,precision
20604,0.6253110773899848,0.15652300524170065,3225,0.8688038793103449,0.2960011660321505,False,precision
20605,0.6253414264036419,0.15651540888133947,3225,0.8688038793103449,0.29597969622237025,False,precision
20606,0.6253717754172989,0.1565078132582743,3225,0.8688038793103449,0.2959370251388972,False,precision
20611,0.6255235204855842,0.1565183639803988,3226,0.869073275862069,0.29589311576765503,False,precision
20648,0.6266464339908953,0.15638318481208835,3229,0.8698814655172413,0.295882513014792,False,precision
20653,0.6267981790591806,0.15634532513436306,3229,0.8698814655172413,0.2957832623572943,False,precision
20657,0.6269195751138088,0.15631505058817835,3229,0.8698814655172413,0.2957808901439833,False,precision
20674,0.6274355083459787,0.15623488439585953,3230,0.8701508620689655,0.29575144231070605,False,precision
20682,0.6276783004552352,0.1561744512136157,3230,0.8701508620689655,0.29571164714829146,False,precision
20695,0.6280728376327769,0.15617298864460014,3232,0.8706896551724138,0.29563909117171316,False,precision
20701,0.6282549317147192,0.1561277232983914,3232,0.8706896551724138,0.29563034634227314,False,precision
20707,0.6284370257966616,0.15613077703192157,3233,0.8709590517241379,0.29551889703492745,False,precision
20712,0.6285887708649469,0.15609308613364234,3233,0.8709590517241379,0.2954400421136802,False,precision
20735,0.6292867981790592,0.15591994212683868,3233,0.8709590517241379,0.2953697038680114,False,precision
20767,0.630257966616085,0.15567968411421967,3233,0.8709590517241379,0.2950957034065877,False,precision
20800,0.6312594840667678,0.15548076923076923,3234,0.8712284482758621,0.29500905850734943,False,precision
20811,0.6315933232169955,0.15539858728557013,3234,0.8712284482758621,0.29500401689538075,False,precision
20854,0.6328983308042488,0.15522201975640165,3237,0.8720366379310345,0.29498339467561635,False,precision
20855,0.6329286798179059,0.15526252697194917,3238,0.8723060344827587,0.29474117560537233,False,precision
20860,0.6330804248861912,0.15527325023969318,3239,0.8725754310344828,0.29464041730723123,False,precision
20861,0.6331107738998483,0.15526580700829298,3239,0.8725754310344828,0.2945995341609968,False,precision
21008,0.6375720789074355,0.15484577303884234,3253,0.8763469827586207,0.2945569938607589,False,precision
21013,0.6377238239757208,0.15480892780659591,3253,0.8763469827586207,0.29441315743814145,False,precision
21014,0.6377541729893779,0.15480156086418578,3253,0.8763469827586207,0.29441108604155997,False,precision
21096,0.6402427921092565,0.15438945771710277,3257,0.8774245689655172,0.29435098732175474,False,precision
21100,0.6403641881638846,0.1543601895734597,3257,0.8774245689655172,0.2943097390010228,False,precision
21103,0.6404552352048558,0.15433824574705018,3257,0.8774245689655172,0.2942898091853905,False,precision
21109,0.6406373292867982,0.15429437680610167,3257,0.8774245689655172,0.29425161365343766,False,precision
21117,0.6408801213960547,0.15423592366339917,3257,0.8774245689655172,0.2942469932773558,False,precision
21121,0.6410015174506829,0.15420671369726813,3257,0.8774245689655172,0.2942119006421419,False,precision
21126,0.6411532625189681,0.15417021679447127,3257,0.8774245689655172,0.2941898786196228,False,precision
21158,0.6421244309559939,0.15407883542867945,3260,0.8782327586206896,0.294001780236394,False,precision
21163,0.6422761760242792,0.1540424325473704,3260,0.8782327586206896,0.2939908247492411,False,precision
21168,0.6424279210925645,0.15400604686318972,3260,0.8782327586206896,0.2939568277041802,False,precision
21197,0.6433080424886192,0.15379534839835826,3260,0.8782327586206896,0.29376428592150733,False,precision
21218,0.6439453717754173,0.15364313318880196,3260,0.8782327586206896,0.2936925578959006,False,precision
21219,0.6439757207890744,0.1536358923606202,3260,0.8782327586206896,0.2936289031319558,False,precision
21262,0.6452807283763278,0.1533722133383501,3261,0.8785021551724138,0.29353144759649197,False,precision
21287,0.6460394537177542,0.15323906609667873,3262,0.8787715517241379,0.29350358387718345,False,precision
21289,0.6461001517450683,0.15322467001737985,3262,0.8787715517241379,0.29338154351998286,False,precision
21296,0.6463125948406677,0.15317430503380916,3262,0.8787715517241379,0.2932263479064088,False,precision
21308,0.6466767830045523,0.1530880420499343,3262,0.8787715517241379,0.2931658383904844,False,precision
21310,0.6467374810318665,0.15307367433129987,3262,0.8787715517241379,0.2930364034619033,False,precision
21311,0.6467678300455235,0.15306649148327156,3262,0.8787715517241379,0.2928619131818507,False,precision
21316,0.6469195751138088,0.1530305873522237,3262,0.8787715517241379,0.2927620620822499,False,precision
21321,0.6470713201820941,0.15299470006097274,3262,0.8787715517241379,0.2927560428253303,False,precision
21408,0.649711684370258,0.15269992526158446,3269,0.8806573275862069,0.2927559185586338,False,precision
21414,0.6498937784522003,0.1526571401886616,3269,0.8806573275862069,0.29255556876208255,False,precision
21444,0.650804248861912,0.1525368401417646,3271,0.8811961206896551,0.2924966321117399,False,precision
21456,0.6511684370257966,0.1525447427293065,3273,0.8817349137931034,0.292185630300892,False,precision
21477,0.6518057663125948,0.15244214741351214,3274,0.8820043103448276,0.29210133045318254,False,precision
21478,0.6518361153262519,0.15243504981841885,3274,0.8820043103448276,0.2918562444711799,False,precision
21518,0.6530500758725342,0.15219815968026768,3275,0.8822737068965517,0.29176681140945665,False,precision
21520,0.6531107738998483,0.15218401486988847,3275,0.8822737068965517,0.2916975442422724,False,precision
21522,0.6531714719271624,0.15216987268841187,3275,0.8822737068965517,0.29169303356453036,False,precision
21526,0.6532928679817905,0.15218805165845953,3276,0.8825431034482759,0.2916790914858753,False,precision
21536,0.6535963581183611,0.15211738484398216,3276,0.8825431034482759,0.2916471748157442,False,precision
21540,0.6537177541729894,0.1520891364902507,3276,0.8825431034482759,0.2916253984268291,False,precision
21568,0.654567526555387,0.15189169139465875,3276,0.8825431034482759,0.2915906732353447,False,precision
21684,0.6580880121396054,0.15112525364323925,3277,0.8828125,0.2915652388426881,False,precision
21712,0.658937784522003,0.15097641857037583,3278,0.8830818965517241,0.291502993577261,False,precision
21742,0.6598482549317147,0.15081409253978476,3279,0.8833512931034483,0.29144921612962577,False,precision
21768,0.6606373292867982,0.1507258360896729,3281,0.8838900862068966,0.2912779551826972,False,precision
21812,0.6619726858877086,0.15042178617274896,3281,0.8838900862068966,0.2909958460966541,False,precision
21904,0.6647647951441578,0.14997260774287802,3285,0.8849676724137931,0.2909591278515966,False,precision
21905,0.6647951441578148,0.14996576124172564,3285,0.8849676724137931,0.2908732705188362,False,precision
21909,0.6649165402124431,0.14993838148706012,3285,0.8849676724137931,0.2907777004940577,False,precision
21917,0.6651593323216995,0.14988365195966602,3285,0.8849676724137931,0.29051532947167524,False,precision
21920,0.6652503793626707,0.14986313868613138,3285,0.8849676724137931,0.29042518282965163,False,precision
21928,0.6654931714719272,0.14980846406421014,3285,0.8849676724137931,0.2902831401096594,False,precision
21950,0.6661608497723824,0.14965831435079727,3285,0.8849676724137931,0.2901393084908043,False,precision
21995,0.6675265553869499,0.1493975903614458,3286,0.8852370689655172,0.2898246304101918,False,precision
22029,0.6685584218512899,0.14925779654092333,3288,0.8857758620689655,0.2897679699855149,False,precision
22064,0.6696206373292868,0.1491569978245105,3291,0.8865840517241379,0.28976270360253703,False,precision
22097,0.6706221547799697,0.14902475449155994,3293,0.8871228448275862,0.2895765143054442,False,precision
22103,0.670804248861912,0.14902954350088224,3294,0.8873922413793104,0.28954445794608535,False,precision
22112,0.6710773899848255,0.14896888567293778,3294,0.8873922413793104,0.28938733556936236,False,precision
22115,0.6711684370257966,0.14894867736830206,3294,0.8873922413793104,0.28938379723254143,False,precision
22144,0.6720485584218513,0.14875361271676302,3294,0.8873922413793104,0.2890290626483373,False,precision
22145,0.6720789074355084,0.1487468954617295,3294,0.8873922413793104,0.28900819324470733,False,precision
22172,0.6728983308042489,0.1485657586144687,3294,0.8873922413793104,0.2889881383784062,False,precision
22257,0.6754779969650986,0.14840274969672462,3303,0.8898168103448276,0.28888474323806496,False,precision
22266,0.6757511380880121,0.14834276475343572,3303,0.8898168103448276,0.2888790956877676,False,precision
22293,0.6765705614567527,0.14820795765486924,3304,0.8900862068965517,0.288845112724909,False,precision
22313,0.6771775417298938,0.14811993008560032,3305,0.8903556034482759,0.28884439412718943,False,precision
22364,0.6787253414264036,0.14782686460382757,3306,0.890625,0.288793491636206,False,precision
22489,0.6825189681335356,0.14709413491040063,3308,0.8911637931034483,0.28873710701611904,False,precision
22492,0.6826100151745068,0.1471189756357816,3309,0.8914331896551724,0.2886916621432123,False,precision
22506,0.6830349013657057,0.14702745934417488,3309,0.8914331896551724,0.2886602453121038,False,precision
22510,0.6831562974203338,0.147001332741004,3309,0.8914331896551724,0.2886505206364737,False,precision
22546,0.6842488619119879,0.1469883793134037,3314,0.8927801724137931,0.288538135535401,False,precision
22549,0.684339908952959,0.14701317131580113,3315,0.8930495689655172,0.28848505654379575,False,precision
22584,0.6854021244309559,0.14682961388593693,3316,0.8933189655172413,0.28835675271193634,False,precision
22590,0.6855842185128983,0.1468348826914564,3317,0.8935883620689655,0.2881113628525162,False,precision
22596,0.6857663125948407,0.14679589307842095,3317,0.8935883620689655,0.2879012489639319,False,precision
22600,0.6858877086494689,0.14676991150442478,3317,0.8935883620689655,0.2877966964370308,False,precision
22602,0.685948406676783,0.146756924166003,3317,0.8935883620689655,0.2877763467410156,False,precision
22604,0.6860091047040972,0.14674393912581843,3317,0.8935883620689655,0.2877308256620793,False,precision
22610,0.6861911987860394,0.14670499778858911,3317,0.8935883620689655,0.2877113573121583,False,precision
22611,0.6862215477996965,0.14669850957498562,3317,0.8935883620689655,0.2877079840054169,False,precision
22654,0.68752655538695,0.14659662752714753,3321,0.8946659482758621,0.28767298631549415,False,precision
22668,0.6879514415781487,0.1465943179812952,3323,0.8952047413793104,0.2875793859676675,False,precision
22669,0.6879817905918058,0.14658785125060655,3323,0.8952047413793104,0.28746877073116656,False,precision
22676,0.6881942336874052,0.14658669959428472,3324,0.8954741379310345,0.2872377158847436,False,precision
22709,0.6891957511380881,0.146461755251222,3326,0.8960129310344828,0.28720831281929743,False,precision
22713,0.6893171471927162,0.14643596178400034,3326,0.8960129310344828,0.28718608941225354,False,precision
22732,0.6898937784522003,0.1464455393278198,3329,0.8968211206896551,0.28707627779074824,False,precision
22861,0.6938088012139605,0.14579414723765366,3333,0.8978987068965517,0.2869888431448492,False,precision
22864,0.6938998482549317,0.14577501749475158,3333,0.8978987068965517,0.2869533503045637,False,precision
22874,0.6942033383915023,0.14575500568330857,3334,0.8981681034482759,0.2866699548293436,False,precision
22881,0.6944157814871017,0.14575411913814956,3335,0.8984375,0.28663586231181576,False,precision
22897,0.6949013657056146,0.145739616543652,3337,0.8989762931034483,0.2865562288685737,False,precision
22927,0.6958118361153263,0.1456797662145069,3340,0.8997844827586207,0.2865402257768191,False,precision
22935,0.6960546282245827,0.14562895138434706,3340,0.8997844827586207,0.2864761619409358,False,precision
22980,0.6974203338391503,0.1454308093994778,3342,0.900323275862069,0.2862624952585824,False,precision
22983,0.6975113808801214,0.1454118261323587,3342,0.900323275862069,0.2859600739745432,False,precision
23073,0.7002427921092564,0.14497464568976726,3345,0.9011314655172413,0.2858948302978073,False,precision
23161,0.7029135053110774,0.14463969604075816,3350,0.9024784482758621,0.2858184528750522,False,precision
23165,0.7030349013657056,0.14461472048348803,3350,0.9024784482758621,0.28578317227917904,False,precision
23175,0.7033383915022762,0.14455231930960086,3350,0.9024784482758621,0.2856946392359687,False,precision
23254,0.7057359635811836,0.14419024683925347,3353,0.9032866379310345,0.28555330468032986,False,precision
23277,0.7064339908952959,0.1440477724792714,3353,0.9032866379310345,0.285259984047836,False,precision
23350,0.708649468892261,0.14372591006423982,3356,0.9040948275862069,0.2852506664767738,False,precision
23355,0.7088012139605463,0.14369514022693214,3356,0.9040948275862069,0.2849920844572188,False,precision
23375,0.7094081942336874,0.1436149732620321,3357,0.904364224137931,0.2848740956529509,False,precision
23377,0.7094688922610015,0.14360268640116353,3357,0.904364224137931,0.28484047158115744,False,precision
23410,0.7104704097116844,0.14365655702691157,3363,0.9059806034482759,0.2847682353651443,False,precision
23441,0.7114112291350531,0.14355189625016,3365,0.9065193965517241,0.2846604536300703,False,precision
23450,0.7116843702579666,0.14349680170575693,3365,0.9065193965517241,0.28465758333649127,False,precision
23458,0.7119271623672231,0.14349049364822236,3366,0.9067887931034483,0.28450191494009025,False,precision
23486,0.7127769347496207,0.14331942433790343,3366,0.9067887931034483,0.2844653946697643,False,precision
23526,0.7139908952959029,0.14320326447334863,3369,0.9075969827586207,0.28445203934101815,False,precision
23535,0.7142640364188164,0.1431485022307202,3369,0.9075969827586207,0.28443868545289913,False,precision
23555,0.7148710166919575,0.1430694120144343,3370,0.9078663793103449,0.2841388426767107,False,precision
23557,0.7149317147192716,0.14305726535636965,3370,0.9078663793103449,0.28385604257011554,False,precision
23558,0.7149620637329287,0.1430511928007471,3370,0.9078663793103449,0.28376553441476143,False,precision
23572,0.7153869499241274,0.14296623112166978,3370,0.9078663793103449,0.2837580903366307,False,precision
23598,0.7161760242792109,0.14285108907534536,3371,0.908135775862069,0.28362026983023264,False,precision
23640,0.7174506828528073,0.14263959390862943,3372,0.9084051724137931,0.28354549797067646,False,precision
23653,0.717845220030349,0.14256119731112332,3372,0.9084051724137931,0.2833321566524406,False,precision
23667,0.7182701062215479,0.14247686652300673,3372,0.9084051724137931,0.28330333190925516,False,precision
23708,0.7195144157814871,0.1422304707271807,3372,0.9084051724137931,0.2832737241715006,False,precision
23731,0.7202124430955994,0.14217689941426825,3374,0.9089439655172413,0.28323655062748954,False,precision
23745,0.7206373292867981,0.14213518635502212,3375,0.9092133620689655,0.2831065779793151,False,precision
23762,0.7211532625189682,0.142033498863732,3375,0.9092133620689655,0.2828568494709733,False,precision
23763,0.7211836115326252,0.14202752177755334,3375,0.9092133620689655,0.2828290102940655,False,precision
23768,0.7213353566009104,0.1419976438909458,3375,0.9092133620689655,0.28282374077629086,False,precision
23789,0.7219726858877087,0.14191433015259153,3376,0.9094827586206896,0.28274268641006656,False,precision
23793,0.7220940819423369,0.14189047198755936,3376,0.9094827586206896,0.2826408434046093,False,precision
23802,0.7223672230652504,0.14183682043525755,3376,0.9094827586206896,0.28262826474993374,False,precision
23887,0.7249468892261002,0.14170887930673587,3385,0.9119073275862069,0.2826061520135271,False,precision
24008,0.728619119878604,0.14111962679106965,3388,0.9127155172413793,0.2821295546740505,False,precision
24038,0.7295295902883157,0.14094350611531742,3388,0.9127155172413793,0.28202693419211067,False,precision
24040,0.7295902883156298,0.14093178036605658,3388,0.9127155172413793,0.28201171168626266,False,precision
24064,0.7303186646433991,0.14079122340425532,3388,0.9127155172413793,0.28189086641877537,False,precision
24065,0.7303490136570562,0.14078537294826513,3388,0.9127155172413793,0.281855666097062,False,precision
24094,0.7312291350531108,0.14082344152071055,3393,0.9140625,0.2817292346352864,False,precision
24098,0.731350531107739,0.14084156361523778,3394,0.9143318965517241,0.2816004362144008,False,precision
24183,0.7339301972685888,0.14076003804325352,3404,0.9170258620689655,0.2813601053027397,False,precision
24187,0.734051593323217,0.14077810394013313,3405,0.9172952586206896,0.281017058008754,False,precision
24213,0.7348406676783005,0.14070953619956222,3407,0.9178340517241379,0.28064939648870196,False,precision
24236,0.7355386949924128,0.14065852450899488,3409,0.9183728448275862,0.28055162435316566,False,precision
24237,0.7355690440060698,0.1406527210463341,3409,0.9183728448275862,0.2804858255977349,False,precision
24256,0.7361456752655539,0.14058377308707123,3410,0.9186422413793104,0.28031412685909723,False,precision
24291,0.7372078907435509,0.14038121114816188,3410,0.9186422413793104,0.2799346794270957,False,precision
24292,0.7372382397572079,0.14037543224106702,3410,0.9186422413793104,0.2798788342146995,False,precision
24300,0.7374810318664643,0.1403292181069959,3410,0.9186422413793104,0.27958953849617635,False,precision
24303,0.7375720789074355,0.1403118956507427,3410,0.9186422413793104,0.2794874666602534,False,precision
24338,0.7386342943854325,0.1402744679102638,3414,0.9197198275862069,0.27922404748613666,False,precision
24365,0.739453717754173,0.14016006566796635,3415,0.919989224137931,0.2789670599169965,False,precision
24369,0.7395751138088013,0.14013705937871887,3415,0.919989224137931,0.27892191079732775,False,precision
24372,0.7396661608497724,0.14011980961759396,3415,0.919989224137931,0.2788094073688678,False,precision
24408,0.7407587253414264,0.1399131432317273,3415,0.919989224137931,0.27874571955680116,False,precision
24409,0.7407890743550835,0.1399074112007866,3415,0.919989224137931,0.2785665210757777,False,precision
24413,0.7409104704097117,0.13988448777290788,3415,0.919989224137931,0.27853494152321706,False,precision
24465,0.7424886191198786,0.13983241365215615,3421,0.9216056034482759,0.2785033476010239,False,precision
24468,0.7425796661608498,0.1398152689226745,3421,0.9216056034482759,0.27835886796557036,False,precision
24496,0.7434294385432474,0.13977792292619204,3424,0.9224137931034483,0.2782814614682358,False,precision
24512,0.7439150227617602,0.13968668407310705,3424,0.9224137931034483,0.2780531388600401,False,precision
24537,0.7446737481031867,0.13954436157639483,3424,0.9224137931034483,0.27799902816196115,False,precision
24563,0.7454628224582701,0.13939665350323657,3424,0.9224137931034483,0.2779268170899968,False,precision
24686,0.749195751138088,0.13878311593615814,3426,0.9229525862068966,0.2778195893593742,False,precision
24813,0.7530500758725341,0.13835489461169548,3433,0.9248383620689655,0.277699194983396,False,precision
24858,0.7544157814871016,0.13830557566980448,3438,0.9261853448275862,0.2776589968349446,False,precision
24864,0.754597875569044,0.13827220077220076,3438,0.9261853448275862,0.277624477280393,False,precision
24986,0.7583004552352048,0.13783718882574242,3444,0.927801724137931,0.27754590771210547,False,precision
25099,0.7617298937784522,0.13733614885055181,3447,0.9286099137931034,0.277476049281846,False,precision
25150,0.7632776934749621,0.13709741550695825,3448,0.9288793103448276,0.2774271280993885,False,precision
25196,0.7646737481031867,0.13696618510874742,3451,0.9296875,0.2773832312531189,False,precision
25203,0.7648861911987861,0.13692814347498314,3451,0.9296875,0.2772448489506522,False,precision
25214,0.7652200303490136,0.13686840644086617,3451,0.9296875,0.27714796298198724,False,precision
25248,0.7662518968133536,0.1367633079847909,3453,0.9302262931034483,0.2771281275423356,False,precision
25262,0.7666767830045523,0.13676668513973558,3455,0.9307650862068966,0.27683183468015066,False,precision
25285,0.7673748103186646,0.13668182717025903,3456,0.9310344827586207,0.2767414427436242,False,precision
25333,0.7688315629742033,0.13662021868708799,3461,0.9323814655172413,0.27650477882781177,False,precision
25379,0.770227617602428,0.13653020213562395,3465,0.9334590517241379,0.27642790452275967,False,precision
25387,0.7704704097116843,0.13648717847717334,3465,0.9334590517241379,0.2764068936609727,False,precision
25486,0.7734749620637329,0.13623165659577807,3472,0.9353448275862069,0.27633303058370084,False,precision
25502,0.7739605462822459,0.13614618461297154,3472,0.9353448275862069,0.27632350120607624,False,precision
25519,0.7744764795144158,0.13605548806771425,3472,0.9353448275862069,0.2761840643784038,False,precision
25538,0.7750531107738998,0.13595426423369097,3472,0.9353448275862069,0.2759969363964515,False,precision
25556,0.7755993930197269,0.13589763656284237,3473,0.935614224137931,0.2759321246002284,False,precision
25580,0.7763277693474963,0.13577013291634088,3473,0.935614224137931,0.2758180524282168,False,precision
25585,0.7764795144157814,0.13574359976548758,3473,0.935614224137931,0.275572289542822,False,precision
25596,0.7768133535660091,0.13572433192686356,3474,0.9358836206896551,0.2753473680652738,False,precision
25608,0.7771775417298937,0.13569978131833801,3475,0.9361530172413793,0.27525009296269776,False,precision
25618,0.7774810318664643,0.13564681083613084,3475,0.9361530172413793,0.2751781495198613,False,precision
25631,0.7778755690440061,0.1355780110023019,3475,0.9361530172413793,0.27485179736323717,False,precision
25643,0.7782397572078907,0.13551456537846585,3475,0.9361530172413793,0.27467033558522314,False,precision
25687,0.7795751138088012,0.13539922918207653,3478,0.9369612068965517,0.2742372568254562,False,precision
25808,0.7832473444613051,0.13495815251084936,3483,0.9383081896551724,0.2740567536125404,False,precision
25812,0.7833687405159332,0.13493723849372385,3483,0.9383081896551724,0.27405260987825597,False,precision
25818,0.7835508345978756,0.13490587961887054,3483,0.9383081896551724,0.2739446141797979,False,precision
25819,0.7835811836115326,0.1349006545567218,3483,0.9383081896551724,0.2738956403257272,False,precision
25821,0.7836418816388467,0.13489020564656676,3483,0.9383081896551724,0.2736250529647823,False,precision
25839,0.7841881638846737,0.13479623824451412,3483,0.9383081896551724,0.2735843258448874,False,precision
25841,0.7842488619119878,0.13478580550288302,3483,0.9383081896551724,0.27357408619138546,False,precision
25847,0.7844309559939302,0.13479320617479784,3484,0.9385775862068966,0.27347070173446414,False,precision
25870,0.7851289833080425,0.13471202164669502,3485,0.9388469827586207,0.27312126226420186,False,precision
25871,0.7851593323216995,0.1347068145800317,3485,0.9388469827586207,0.27295030738902354,False,precision
25904,0.7861608497723824,0.13465101914762198,3488,0.9396551724137931,0.2728819915902438,False,precision
25917,0.7865553869499241,0.13462206273874291,3489,0.9399245689655172,0.2725670089827961,False,precision
25927,0.7868588770864947,0.13457013923708874,3489,0.9399245689655172,0.27230459473894797,False,precision
25939,0.7872230652503793,0.13462353984347894,3492,0.9407327586206896,0.2722429275316393,False,precision
25951,0.787587253414264,0.13459982274286156,3493,0.9410021551724138,0.2722145146516158,False,precision
25952,0.7876176024279211,0.1345946362515413,3493,0.9410021551724138,0.2720678284799625,False,precision
25954,0.7876783004552352,0.13458426446790475,3493,0.9410021551724138,0.2717070469811428,False,precision
25982,0.7885280728376328,0.13443922715726273,3493,0.9410021551724138,0.2716717235016955,False,precision
25984,0.7885887708649469,0.13442887931034483,3493,0.9410021551724138,0.2716282358050805,False,precision
26004,0.789195751138088,0.13436394400861407,3494,0.9412715517241379,0.2715809264131695,False,precision
26010,0.7893778452200303,0.13433294886582084,3494,0.9412715517241379,0.2715786236031704,False,precision
26019,0.7896509863429438,0.13428648295476384,3494,0.9412715517241379,0.2713116366878918,False,precision
26020,0.7896813353566009,0.13428132205995388,3494,0.9412715517241379,0.2712368528313776,False,precision
26033,0.7900758725341427,0.13421426650789384,3494,0.9412715517241379,0.271208686551883,False,precision
26056,0.790773899848255,0.1340957936751612,3494,0.9412715517241379,0.2711308331486755,False,precision
26074,0.791320182094082,0.13404157398174427,3495,0.9415409482758621,0.2709980657519938,False,precision
26087,0.7917147192716236,0.13401310997815002,3496,0.9418103448275862,0.27097522741620633,False,precision
26110,0.792412746585736,0.13389505936422827,3496,0.9418103448275862,0.27096580867677356,False,precision
26135,0.7931714719271624,0.1337669791467381,3496,0.9418103448275862,0.2709650637278702,False,precision
26150,0.7936267071320182,0.1336902485659656,3496,0.9418103448275862,0.2709277229955797,False,precision
26152,0.7936874051593323,0.1336800244723157,3496,0.9418103448275862,0.26976806643419526,False,precision
26158,0.7938694992412747,0.13364936157198562,3496,0.9418103448275862,0.26962490307186815,False,precision
26159,0.7938998482549318,0.13364425245613365,3496,0.9418103448275862,0.2695675634214315,False,precision
26167,0.7941426403641881,0.13360339358734283,3496,0.9418103448275862,0.26946279639092985,False,precision
26189,0.7948103186646434,0.133567528351598,3498,0.9423491379310345,0.26942940598787607,False,precision
26219,0.7957207890743551,0.13345283954384224,3499,0.9426185344827587,0.2692408495659538,False,precision
26253,0.796752655538695,0.13331809697939284,3500,0.9428879310344828,0.2691100490734397,False,precision
26272,0.797329286798179,0.1332216808769793,3500,0.9428879310344828,0.26874540061721425,False,precision
26288,0.7978148710166919,0.13317863664029214,3501,0.9431573275862069,0.2684860348244114,False,precision
26324,0.798907435508346,0.13307248138580763,3503,0.9436961206896551,0.2678600393005749,False,precision
26340,0.7993930197268588,0.1329916476841306,3503,0.9436961206896551,0.2676086931066174,False,precision
26341,0.7994233687405159,0.1329865988383129,3503,0.9436961206896551,0.2672298692474882,False,precision
26348,0.7996358118361153,0.13295126764839835,3503,0.9436961206896551,0.2665867987211452,False,precision
26359,0.799969650986343,0.13293372282711788,3504,0.9439655172413793,0.26643207051969325,False,precision
26396,0.801092564491654,0.1328231550234884,3506,0.9445043103448276,0.2664042594376328,False,precision
26414,0.801638846737481,0.13273264178087377,3506,0.9445043103448276,0.2662796157845953,False,precision
26421,0.8018512898330804,0.13273532417395253,3507,0.9447737068965517,0.2647549885369943,False,precision
26468,0.803277693474962,0.13261296660117877,3510,0.9455818965517241,0.26470930483827754,False,precision
26474,0.8034597875569044,0.1325829115358465,3510,0.9455818965517241,0.2641234177145296,False,precision
26496,0.8041274658573596,0.1325860507246377,3513,0.9463900862068966,0.26394302439163275,False,precision
26498,0.8041881638846737,0.13257604347497925,3513,0.9463900862068966,0.26329807860886034,False,precision
26514,0.8046737481031866,0.1324960398280154,3513,0.9463900862068966,0.2630674146761457,False,precision
26516,0.8047344461305007,0.13248604616080856,3513,0.9463900862068966,0.2630515739543018,False,precision
26551,0.8057966616084977,0.1323114007005386,3513,0.9463900862068966,0.2622866387816736,False,precision
26567,0.8062822458270106,0.13223171603869463,3513,0.9463900862068966,0.2614155810431582,False,precision
26576,0.8065553869499241,0.13226219145093318,3515,0.9469288793103449,0.26012259741732974,False,precision
26587,0.8068892261001518,0.13224508218302178,3516,0.947198275862069,0.25969012550789433,False,precision
26604,0.8074051593323217,0.13227334235453314,3519,0.9480064655172413,0.2592463612664459,False,precision
26616,0.8077693474962063,0.1322512774271115,3520,0.9482758620689655,0.2576981368582523,False,precision
26633,0.8082852807283764,0.13224195546877934,3522,0.9488146551724138,0.25754001358709216,False,precision
26674,0.8095295902883156,0.13203868936042587,3522,0.9488146551724138,0.25750916112502403,False,precision
26695,0.8101669195751138,0.1319722794530811,3523,0.9490840517241379,0.2567049180375351,False,precision
26715,0.810773899848255,0.1318734793187348,3523,0.9490840517241379,0.25649808010233816,False,precision
26721,0.8109559939301972,0.13188129186781933,3524,0.9493534482758621,0.25523144374786855,False,precision
26755,0.8119878603945372,0.13175107456550178,3525,0.9496228448275862,0.2544186904768612,False,precision
26771,0.81247344461305,0.13170968585409584,3526,0.9498922413793104,0.2542160589057528,False,precision
26775,0.8125948406676783,0.13172735760971055,3527,0.9501616379310345,0.21591066469460157,False,precision
26872,0.8155386949924127,0.1312518606728193,3527,0.9501616379310345,0.21520276477050462,False,precision
27155,0.8241274658573596,0.13003130178604308,3531,0.951239224137931,0.21490055086084886,False,precision
27245,0.8268588770864946,0.12963846577353644,3532,0.9515086206896551,0.21314221918914872,False,precision
27272,0.8276783004552352,0.12951012026987385,3532,0.9515086206896551,0.2126308501292377,False,precision
27297,0.8284370257966616,0.129391508224347,3532,0.9515086206896551,0.21176300910283413,False,precision
27399,0.8315326251896813,0.1290193072739881,3535,0.9523168103448276,0.211748173345247,False,precision
27425,0.8323216995447648,0.12889699179580674,3535,0.9523168103448276,0.21157209198448843,False,precision
27693,0.8404552352048559,0.12786624778824973,3541,0.9539331896551724,0.2113351320557957,False,precision
27775,0.8429438543247344,0.12752475247524753,3542,0.9542025862068966,0.2100696626943583,False,precision
27812,0.8440667678300455,0.12735509851862506,3542,0.9542025862068966,0.20836762585515814,False,precision
27834,0.8447344461305007,0.1272544370194726,3542,0.9542025862068966,0.20745704644142038,False,precision
27921,0.8473748103186647,0.12692955123383834,3544,0.9547413793103449,0.20743871279437082,False,precision
28160,0.854628224582701,0.12613636363636363,3552,0.9568965517241379,0.20697334233861783,False,precision
28413,0.8623065250379363,0.12518917396966178,3557,0.9582435344827587,0.20652733591860697,False,precision
28505,0.8650986342943854,0.12485528854586915,3559,0.9587823275862069,0.20463514715039557,False,precision
28698,0.8709559939301973,0.12405045647780333,3560,0.959051724137931,0.204410079304537,False,precision
28797,0.8739605462822458,0.12376289196791332,3564,0.9601293103448276,0.20435915073872926,False,precision
29056,0.8818209408194234,0.1230726872246696,3576,0.9633620689655172,0.20410559008470036,False,precision
29308,0.8894688922610016,0.12228743005322779,3584,0.9655172413793104,0.20399298626751852,False,precision
29546,0.8966919575113809,0.12157314018818115,3592,0.9676724137931034,0.2033094352041653,False,precision
29588,0.8979666160849772,0.12143436528322293,3593,0.9679418103448276,0.20248792980487157,False,precision
29607,0.8985432473444613,0.12135643597797818,3593,0.9679418103448276,0.20244210336909188,False,precision
29859,0.9061911987860395,0.12063364479721357,3602,0.9703663793103449,0.20173102195695522,False,precision
30029,0.911350531107739,0.11998401545173,3603,0.970635775862069,0.20150955712418867,False,precision
30220,0.9171471927162367,0.11929185969556586,3605,0.9711745689655172,0.20057664274858467,False,precision
30249,0.9180273141122913,0.11921055241495587,3606,0.9714439655172413,0.199649674710108,False,precision
30269,0.9186342943854324,0.11913178499454888,3606,0.9714439655172413,0.19875716654979314,False,precision
30519,0.9262215477996966,0.11848356761361775,3616,0.9741379310344828,0.19809036394019663,False,precision
30760,0.933535660091047,0.11788036410923276,3626,0.9768318965517241,0.19677830837582588,False,precision
30786,0.9343247344461305,0.11781329175599298,3627,0.9771012931034483,0.19459626599883587,False,precision
30871,0.9369044006069803,0.11765086974830748,3632,0.978448275862069,0.19451977565647868,False,precision
30967,0.9398179059180577,0.11751219039622825,3639,0.9803340517241379,0.19390229601771392,False,precision
31049,0.9423065250379362,0.1173628780314986,3644,0.9816810344827587,0.19343844970012267,False,precision
31099,0.943823975720789,0.11717418566513392,3644,0.9816810344827587,0.19230539384444284,False,precision
31267,0.9489226100151745,0.11670451274506669,3649,0.9830280172413793,0.1919886648205729,False,precision
31435,0.9540212443095599,0.1162398600286305,3654,0.984375,0.1889850111687881,False,precision
31594,0.9588467374810319,0.11581312907514085,3659,0.9857219827586207,0.18790007863414865,False,precision
31769,0.9641578148710167,0.11536403412131323,3665,0.9873383620689655,0.18621175901009845,False,precision
31786,0.9646737481031866,0.11530233436103945,3665,0.9873383620689655,0.1860605458506303,False,precision
31798,0.9650379362670714,0.11525882130951633,3665,0.9873383620689655,0.18528236390960712,False,precision
31815,0.9655538694992413,0.1151972340091152,3665,0.9873383620689655,0.184486947807753,False,precision
31994,0.9709863429438543,0.11477151965993623,3672,0.9892241379310345,0.18375096664407004,False,precision
32047,0.9725948406676783,0.11458170811620433,3672,0.9892241379310345,0.18350924740642127,False,precision
32060,0.97298937784522,0.11453524641297567,3672,0.9892241379310345,0.18295206069342884,False,precision
32086,0.9737784522003035,0.11453593467555943,3675,0.9900323275862069,0.18292128170368097,False,precision
32152,0.9757814871016692,0.11430082109977606,3675,0.9900323275862069,0.18245328825024612,False,precision
32332,0.9812443095599394,0.11394284300383521,3684,0.9924568965517241,0.18200648696155483,False,precision
32380,0.982701062215478,0.11380481778875849,3685,0.9927262931034483,0.18162876034161915,False,precision
32391,0.9830349013657056,0.11376616961501651,3685,0.9927262931034483,0.17967991924506257,False,precision
32428,0.9841578148710167,0.11372887627975824,3688,0.9935344827586207,0.1790962821992217,False,precision
32608,0.9896206373292868,0.11340775269872425,3698,0.9962284482758621,0.1790482423913994,False,precision
32667,0.9914112291350531,0.1132335384332813,3699,0.9964978448275862,0.1767791684965078,False,precision
32687,0.9920182094081942,0.11319484810475113,3700,0.9967672413793104,0.17444074813825491,False,precision
32739,0.9935963581183611,0.11301505849292892,3700,0.9967672413793104,0.16914752459133545,False,precision
32749,0.9938998482549317,0.11304161959143791,3702,0.9973060344827587,0.1687015695026562,False,precision
32761,0.9942640364188164,0.11303073776746742,3703,0.9975754310344828,0.16753324543014514,False,precision
32813,0.9958421851289833,0.11288208941578033,3704,0.9978448275862069,0.16393374360583127,False,precision
32858,0.9972078907435509,0.11278836204272932,3706,0.9983836206896551,0.16142261129990224,False,precision
32899,0.9984522003034901,0.1127389890270221,3709,0.9991918103448276,0.16040503765483635,False,precision
32950,1.0,0.11265553869499241,3712,1.0,0.16040503765483632,False,precision
