band_size,band_fraction,precision,positives_in_band,recall,threshold,feasible,binding
4,0.00031026993484331366,0.5,2,0.0005387931034482759,0.8896612597602489,False,support
5,0.0003878374185541421,0.4,2,0.0005387931034482759,0.8896449972384435,False,"support,precision"
12,0.000930809804529941,0.5,6,0.0016163793103448276,0.8846936627535881,False,support
15,0.0011635122556624264,0.5333333333333333,8,0.0021551724137931034,0.8845444076704587,False,support
19,0.00147378219050574,0.631578947368421,12,0.003232758620689655,0.88380588076231,False,support
20,0.0015513496742165685,0.6,12,0.003232758620689655,0.8837603061926449,False,support
25,0.0019391870927707106,0.64,16,0.004310344827586207,0.8836003244553401,False,support
27,0.002094322060192367,0.6296296296296297,17,0.0045797413793103444,0.8831246449206336,False,support
29,0.002249457027614024,0.6551724137931034,19,0.0051185344827586205,0.8829319006115834,False,support
30,0.0023270245113248527,0.6333333333333333,19,0.0051185344827586205,0.8811112205782254,False,support
31,0.002404591995035681,0.6451612903225806,20,0.005387931034482759,0.8802264412478007,False,support
37,0.0028699968973006514,0.6756756756756757,25,0.006734913793103448,0.8797054722685578,False,support
38,0.00294756438101148,0.6578947368421053,25,0.006734913793103448,0.8785161640288589,False,support
47,0.0036456717344089356,0.6170212765957447,29,0.0078125,0.8784867003446225,False,support
48,0.003723239218119764,0.625,30,0.008081896551724138,0.878067839694927,False,support
56,0.004343779087806391,0.625,35,0.009428879310344827,0.8772694336198957,False,support
57,0.00442134657151722,0.631578947368421,36,0.009698275862068966,0.8772136251093543,False,support
62,0.004809183990071362,0.6290322580645161,39,0.01050646551724138,0.8770886007892209,False,support
66,0.005119453924914676,0.6212121212121212,41,0.011045258620689655,0.8769978326253609,False,support
72,0.005584858827179647,0.625,45,0.012122844827586207,0.8769228730383583,False,support
75,0.005817561278312132,0.64,48,0.01293103448275862,0.8757312282390416,True,
76,0.00589512876202296,0.6447368421052632,49,0.013200431034482759,0.8753021300093189,True,
83,0.006438101147998759,0.6385542168674698,53,0.014278017241379311,0.8752979303087948,True,
87,0.006748371082842073,0.632183908045977,55,0.014816810344827586,0.8752747398933642,True,
89,0.006903506050263729,0.6404494382022472,57,0.015355603448275862,0.8751557109570804,True,
98,0.007601613403661185,0.6428571428571429,63,0.01697198275862069,0.8745453104472073,True,
101,0.007834315854793671,0.6435643564356436,65,0.017510775862068964,0.8745254685004085,True,
102,0.007911883338504499,0.6470588235294118,66,0.017780172413793104,0.8744108537622125,True,
103,0.007989450822215327,0.6504854368932039,67,0.01804956896551724,0.8743527450607217,True,
111,0.008609990691901956,0.6576576576576577,73,0.01966594827586207,0.873958108129496,True,
112,0.008687558175612783,0.6517857142857143,73,0.01966594827586207,0.8738976232094829,True,
119,0.009230530561588582,0.6470588235294118,77,0.020743534482758622,0.8736008612942946,True,
120,0.00930809804529941,0.65,78,0.02101293103448276,0.8726106264959003,True,
127,0.00985107043127521,0.6299212598425197,80,0.021551724137931036,0.8721995415823001,True,
128,0.009928637914986037,0.6328125,81,0.021821120689655173,0.8715877406887094,True,
139,0.01078188023580515,0.6330935251798561,88,0.023706896551724137,0.8714948814169863,True,
143,0.011092150170648464,0.6293706293706294,90,0.024245689655172414,0.8714520126042651,True,
152,0.01179025752404592,0.631578947368421,96,0.02586206896551724,0.8713929302564921,True,
153,0.011867825007756749,0.6339869281045751,97,0.026131465517241378,0.871332931993125,True,
161,0.012488364877443375,0.639751552795031,103,0.02774784482758621,0.8711364873423292,True,
162,0.012565932361154204,0.6419753086419753,104,0.028017241379310345,0.8711291737718297,True,
163,0.012643499844865033,0.6441717791411042,105,0.028286637931034482,0.8701988830698532,True,
165,0.012798634812286689,0.6484848484848484,107,0.02882543103448276,0.8685771923419787,True,
166,0.012876202295997518,0.6506024096385542,108,0.029094827586206896,0.86791248285698,True,
167,0.012953769779708347,0.6526946107784432,109,0.029364224137931036,0.8678287141456267,True,
169,0.013108904747130003,0.650887573964497,110,0.029633620689655173,0.8675265752502171,True,
170,0.013186472230840832,0.6529411764705882,111,0.02990301724137931,0.8670599558656206,True,
176,0.013651877133105802,0.6647727272727273,117,0.03151939655172414,0.8669629857921137,True,
180,0.013962147067949116,0.6611111111111111,119,0.03205818965517242,0.8668309444298528,True,
181,0.014039714551659943,0.6574585635359116,119,0.03205818965517242,0.8667089262324169,True,
187,0.014505119453924915,0.6577540106951871,123,0.033135775862068964,0.8664907714855413,True,
188,0.014582686937635743,0.6542553191489362,123,0.033135775862068964,0.8664235611599728,True,
190,0.0147378219050574,0.6473684210526316,123,0.033135775862068964,0.8652220920474367,True,
191,0.014815389388768228,0.643979057591623,123,0.033135775862068964,0.8651567302895712,True,
193,0.014970524356189886,0.6373056994818653,123,0.033135775862068964,0.8651318739289391,True,
194,0.015048091839900713,0.634020618556701,123,0.033135775862068964,0.8651039704320145,True,
195,0.015125659323611542,0.6358974358974359,124,0.0334051724137931,0.8649655098098167,True,
198,0.015358361774744027,0.6363636363636364,126,0.03394396551724138,0.864784736537672,True,
199,0.015435929258454856,0.6381909547738693,127,0.03421336206896552,0.8647354146774758,True,
201,0.015591064225876512,0.6417910447761194,129,0.03475215517241379,0.8642972915225003,True,
204,0.015823766677008997,0.6470588235294118,132,0.03556034482758621,0.8637035855968658,True,
205,0.015901334160719826,0.6487804878048781,133,0.035829741379310345,0.8636949953799664,True,
206,0.015978901644430655,0.6456310679611651,133,0.035829741379310345,0.8636902442633159,True,
207,0.016056469128141484,0.642512077294686,133,0.035829741379310345,0.8635478628200888,True,
208,0.016134036611852313,0.6394230769230769,133,0.035829741379310345,0.8634504891099517,True,
210,0.016289171579273967,0.6333333333333333,133,0.035829741379310345,0.8634087363981483,True,
213,0.016521874030406454,0.6338028169014085,135,0.03636853448275862,0.863316642357352,True,
214,0.016599441514117283,0.6355140186915887,136,0.036637931034482756,0.8631689169727544,True,
215,0.016677008997828112,0.6372093023255814,137,0.0369073275862069,0.8624398303057149,True,
216,0.016754576481538937,0.6342592592592593,137,0.0369073275862069,0.8622771972513461,True,
219,0.016987278932671424,0.634703196347032,139,0.03744612068965517,0.8622723077052294,True,
220,0.017064846416382253,0.6318181818181818,139,0.03744612068965517,0.8618443464103842,True,
221,0.017142413900093082,0.6334841628959276,140,0.03771551724137931,0.8617730020535983,True,
223,0.017297548867514737,0.6278026905829597,140,0.03771551724137931,0.8615538799837988,True,
224,0.017375116351225565,0.6294642857142857,141,0.037984913793103446,0.8614803677646474,True,
233,0.018073223704623022,0.6394849785407726,149,0.040140086206896554,0.8614654483961868,True,
234,0.01815079118833385,0.6367521367521367,149,0.040140086206896554,0.8610206186711787,True,
240,0.01861619609059882,0.6333333333333333,152,0.040948275862068964,0.8605171431935226,True,
241,0.01869376357430965,0.6348547717842323,153,0.0412176724137931,0.8602894593827328,True,
243,0.018848898541731305,0.6296296296296297,153,0.0412176724137931,0.8598066209984007,True,
244,0.018926466025442134,0.6311475409836066,154,0.041487068965517244,0.8594238073035481,True,
245,0.019004033509152963,0.6326530612244898,155,0.04175646551724138,0.859410437065572,True,
249,0.019314303443996275,0.6305220883534136,157,0.042295258620689655,0.8593317041569387,True,
261,0.02024511324852622,0.6245210727969349,163,0.04391163793103448,0.8586408237170714,True,
262,0.020322680732237045,0.6259541984732825,164,0.04418103448275862,0.8583646230901019,True,
263,0.020400248215947873,0.6273764258555133,165,0.044450431034482756,0.8580980821140254,True,
264,0.020477815699658702,0.6287878787878788,166,0.0447198275862069,0.857726226354056,True,
266,0.02063295066708036,0.6278195488721805,167,0.044989224137931036,0.8575705154243085,True,
268,0.020788085634502018,0.6268656716417911,168,0.04525862068965517,0.8575553004616253,True,
269,0.020865653118212844,0.6245353159851301,168,0.04525862068965517,0.8575314560672453,True,
273,0.02117592305305616,0.6263736263736264,171,0.04606681034482758,0.8574075061888812,True,
274,0.02125349053676699,0.6277372262773723,172,0.04633620689655173,0.8569391247948317,True,
275,0.021331058020477817,0.6290909090909091,173,0.04660560344827586,0.8563077739077479,True,
277,0.021486192987899472,0.631768953068592,175,0.04714439655172414,0.8558308950229103,True,
288,0.022339435308718587,0.6284722222222222,181,0.048760775862068964,0.8549151480180479,True,
291,0.02257213775985107,0.6288659793814433,183,0.049299568965517244,0.8547150064039257,True,
292,0.0226497052435619,0.6267123287671232,183,0.049299568965517244,0.8545725059839029,True,
294,0.022804840210983557,0.6258503401360545,184,0.04956896551724138,0.8545000330413342,True,
300,0.023270245113248527,0.6266666666666667,188,0.05064655172413793,0.8542877616098623,True,
303,0.02350294756438101,0.6303630363036303,191,0.051454741379310345,0.854073838318482,True,
304,0.02358051504809184,0.631578947368421,192,0.05172413793103448,0.8530448227386821,True,
306,0.023735650015513497,0.6339869281045751,194,0.052262931034482756,0.8528009552746384,True,
310,0.02404591995035681,0.632258064516129,196,0.052801724137931036,0.8527007078749572,True,
313,0.024278622401489296,0.6293929712460063,197,0.05307112068965517,0.8525263306582421,True,
315,0.024433757368910954,0.6317460317460317,199,0.053609913793103446,0.8521750276600003,True,
319,0.024744027303754267,0.6300940438871473,201,0.05414870689655173,0.8516011094303837,True,
320,0.024821594787465096,0.63125,202,0.05441810344827586,0.8508705720979867,True,
321,0.024899162271175924,0.632398753894081,203,0.0546875,0.850853853088542,True,
322,0.02497672975488675,0.6304347826086957,203,0.0546875,0.8505469761071801,True,
323,0.02505429723859758,0.631578947368421,204,0.05495689655172414,0.8501291119864065,True,
324,0.025131864722308408,0.6296296296296297,204,0.05495689655172414,0.8496545500313594,True,
327,0.025364567173440895,0.6330275229357798,207,0.055765086206896554,0.8495949877200446,True,
328,0.025442134657151724,0.6310975609756098,207,0.055765086206896554,0.8495852320382287,True,
331,0.025674837108284207,0.6344410876132931,210,0.056573275862068964,0.8493728593217812,True,
343,0.026605646912814147,0.6384839650145773,219,0.05899784482758621,0.848967665276674,True,
348,0.026993484331368292,0.6350574712643678,221,0.05953663793103448,0.8489447754391388,True,
350,0.027148619298789946,0.6342857142857142,222,0.05980603448275862,0.848793973780903,True,
352,0.027303754266211604,0.6363636363636364,224,0.0603448275862069,0.8486846918274216,True,
353,0.027381321749922433,0.6373937677053825,225,0.060614224137931036,0.8486425837249425,True,
354,0.027458889233633262,0.6384180790960452,226,0.06088362068965517,0.8481917067258616,True,
356,0.027614024201054917,0.6404494382022472,228,0.061422413793103446,0.8479624917314854,True,
363,0.028156996587030716,0.6418732782369146,233,0.06276939655172414,0.8472742536671456,True,
367,0.02846726652187403,0.6403269754768393,235,0.06330818965517242,0.8472171833739146,True,
368,0.02854483400558486,0.6385869565217391,235,0.06330818965517242,0.847069860465917,True,
371,0.028777536456717344,0.6388140161725068,237,0.06384698275862069,0.846666110751015,True,
376,0.029165373875271485,0.6409574468085106,241,0.06492456896551724,0.8464534866086991,True,
381,0.02955321129382563,0.6430446194225722,245,0.0660021551724138,0.8461936139200212,True,
383,0.029708346261247284,0.6422976501305483,246,0.06627155172413793,0.8461747055003092,True,
385,0.029863481228668942,0.638961038961039,246,0.06627155172413793,0.8461217006916867,True,
387,0.0300186161960906,0.6382428940568475,247,0.06654094827586207,0.8460991584630358,True,
389,0.030173751163512254,0.6375321336760925,248,0.0668103448275862,0.8459649567708191,True,
396,0.030716723549488054,0.6338383838383839,251,0.06761853448275862,0.8459337199612091,True,
399,0.03094942600062054,0.6340852130325815,253,0.06815732758620689,0.8458534060284558,True,
401,0.0311045609680422,0.6309226932668329,253,0.06815732758620689,0.8458106172905652,True,
402,0.031182128451753024,0.6318407960199005,254,0.06842672413793104,0.8454497178162025,True,
407,0.031569965870307165,0.6339066339066339,258,0.06950431034482758,0.8453234402130568,True,
408,0.031647533354017994,0.6323529411764706,258,0.06950431034482758,0.8442497218929075,True,
409,0.03172510083772882,0.6332518337408313,259,0.06977370689655173,0.8436846638487835,True,
410,0.03180266832143965,0.6317073170731707,259,0.06977370689655173,0.8427562933365131,True,
414,0.03211293825628297,0.6304347826086957,261,0.0703125,0.8424468113238059,True,
415,0.0321905057399938,0.6289156626506024,261,0.0703125,0.8422427239765246,True,
416,0.032268073223704626,0.6274038461538461,261,0.0703125,0.8422089939823029,True,
417,0.032345640707415454,0.6282973621103117,262,0.07058189655172414,0.8407647468120105,True,
418,0.032423208191126277,0.6267942583732058,262,0.07058189655172414,0.8406199104214263,True,
421,0.03265591064225876,0.6247030878859857,263,0.07085129310344827,0.8401047329507559,True,
422,0.03273347812596959,0.6255924170616114,264,0.07112068965517242,0.8400365649265779,True,
423,0.03281104560968042,0.624113475177305,264,0.07112068965517242,0.8399662383023121,True,
424,0.03288861309339125,0.625,265,0.07139008620689655,0.8397830541709228,True,
430,0.033354017995656224,0.6255813953488372,269,0.07246767241379311,0.8391452539521361,True,
431,0.03343158547936705,0.6264501160092807,270,0.07273706896551724,0.8390438607608235,True,
436,0.03381942289792119,0.6284403669724771,274,0.0738146551724138,0.8383284039037591,True,
447,0.0346726652187403,0.6308724832214765,282,0.07596982758620689,0.8382182498252077,True,
456,0.03537077257213776,0.6293859649122807,287,0.07731681034482758,0.8381980011150825,True,
457,0.03544834005584859,0.6301969365426696,288,0.07758620689655173,0.8381308659631934,True,
458,0.03552590753955941,0.631004366812227,289,0.07785560344827586,0.838061531840511,True,
459,0.03560347502327024,0.6318082788671024,290,0.078125,0.837910099707581,True,
466,0.036146447409246045,0.630901287553648,294,0.07920258620689655,0.8377810686100198,True,
468,0.0363015823766677,0.6282051282051282,294,0.07920258620689655,0.8373587293920757,True,
469,0.03637914986037853,0.6289978678038379,295,0.07947198275862069,0.8372867156212997,True,
470,0.03645671734408936,0.6276595744680851,295,0.07947198275862069,0.8371095516683447,True,
472,0.03661185231151101,0.625,295,0.07947198275862069,0.8369377129322444,True,
473,0.03668941979522184,0.6257928118393234,296,0.07974137931034483,0.8368564743117309,True,
474,0.03676698727893267,0.6265822784810127,297,0.08001077586206896,0.8368299753160329,True,
477,0.036999689730065156,0.6226415094339622,297,0.08001077586206896,0.8361021653537722,True,
479,0.037154824697486814,0.6200417536534447,297,0.08001077586206896,0.8361019997345372,True,
498,0.03862860688799255,0.6164658634538153,307,0.08270474137931035,0.8358814694753857,True,
499,0.03870617437170338,0.6172344689378757,308,0.08297413793103449,0.8358699237418635,True,
500,0.03878374185541421,0.618,309,0.08324353448275862,0.835774105018516,True,
504,0.039094011790257524,0.621031746031746,313,0.08432112068965517,0.835594209437255,True,
505,0.03917157927396835,0.6217821782178218,314,0.08459051724137931,0.8350910403607956,True,
506,0.03924914675767918,0.6205533596837944,314,0.08459051724137931,0.8350459292704666,True,
512,0.03971455165994415,0.62109375,318,0.08566810344827586,0.8350066290376269,True,
517,0.04010238907849829,0.6228239845261122,322,0.08674568965517242,0.8349311704094579,True,
518,0.04017995656220912,0.6235521235521235,323,0.08701508620689655,0.8346007255193689,True,
533,0.04134346881787155,0.6191369606003753,330,0.08890086206896551,0.8341592824239883,True,
545,0.04227427862240149,0.6165137614678899,336,0.09051724137931035,0.8338308445239234,True,
547,0.04242941358982315,0.6142595978062158,336,0.09051724137931035,0.8338200061963243,True,
564,0.043748060812907226,0.6117021276595744,345,0.09294181034482758,0.8336884772943541,True,
567,0.04398076326403971,0.6119929453262787,347,0.09348060344827586,0.8335192190152473,True,
569,0.04413589823146137,0.6098418277680141,347,0.09348060344827586,0.8331342814749836,True,
571,0.04429103319888303,0.6112084063047285,349,0.09401939655172414,0.8329830261259578,True,
584,0.0452994104871238,0.6113013698630136,357,0.09617456896551724,0.8327626882828503,True,
602,0.04669562519391871,0.6112956810631229,368,0.09913793103448276,0.8324957252383178,True,
624,0.048402109835556935,0.6105769230769231,381,0.10264008620689655,0.8324882788873368,True,
625,0.048479677319267764,0.6112,382,0.10290948275862069,0.8323620650879371,True,
631,0.04894508222153273,0.6117274167987322,386,0.10398706896551724,0.8323457949493769,True,
632,0.04902264970524356,0.6123417721518988,387,0.10425646551724138,0.8321733579210935,True,
634,0.04917778467266522,0.61198738170347,388,0.10452586206896551,0.8320747722350391,True,
637,0.049410487123797704,0.6138147566718996,391,0.10533405172413793,0.8318658508198236,True,
639,0.04956562209121936,0.6150234741784038,393,0.1058728448275862,0.8317726584597318,True,
642,0.04979832454235185,0.6152647975077882,395,0.10641163793103449,0.8317628953197036,True,
644,0.0499534595097735,0.6133540372670807,395,0.10641163793103449,0.8314538760763384,True,
655,0.05080670183059262,0.6137404580152672,402,0.10829741379310345,0.8313387126032598,True,
658,0.0510394042817251,0.6139817629179332,404,0.10883620689655173,0.8308073705463885,True,
659,0.05111697176543593,0.6145675265553869,405,0.10910560344827586,0.8307037391610863,True,
660,0.051194539249146756,0.6136363636363636,405,0.10910560344827586,0.8303185757837935,True,
662,0.051349674216568414,0.6148036253776435,407,0.10964439655172414,0.8300474346280841,True,
663,0.05142724170027924,0.6138763197586727,407,0.10964439655172414,0.8297907211714876,True,
675,0.05235805150480918,0.6162962962962963,416,0.11206896551724138,0.8297735433486405,True,
676,0.05243561898852001,0.6153846153846154,416,0.11206896551724138,0.8297170682954653,True,
677,0.05251318647223084,0.6159527326440177,417,0.11233836206896551,0.8292957367223999,True,
678,0.05259075395594167,0.6150442477876106,417,0.11233836206896551,0.8292019302733898,True,
683,0.052978591374495815,0.6178623718887262,422,0.1136853448275862,0.8291062189911573,True,
684,0.05305615885820664,0.6169590643274854,422,0.1136853448275862,0.8283884710957995,True,
690,0.05352156376047161,0.618840579710145,427,0.11503232758620689,0.8279294569143247,True,
693,0.0537542662116041,0.6161616161616161,427,0.11503232758620689,0.8274086305361033,True,
695,0.053909401179025755,0.6158273381294964,428,0.11530172413793104,0.8274061445624487,True,
696,0.053986968662736584,0.6149425287356322,428,0.11530172413793104,0.8273407366888281,True,
698,0.054142103630158235,0.6160458452722063,430,0.11584051724137931,0.8272131314403854,True,
700,0.05429723859757989,0.6171428571428571,432,0.11637931034482758,0.8266286680386387,True,
702,0.05445237356500155,0.6168091168091168,433,0.11664870689655173,0.8265757425698789,True,
708,0.054917778467266525,0.615819209039548,436,0.11745689655172414,0.8265162617949993,True,
709,0.05499534595097735,0.616361071932299,437,0.11772629310344827,0.8262617261788888,True,
710,0.055072913434688175,0.6154929577464788,437,0.11772629310344827,0.8262505597718641,True,
715,0.05546075085324232,0.6167832167832168,441,0.11880387931034483,0.8258176835004993,True,
718,0.05569345330437481,0.6155988857938719,442,0.11907327586206896,0.8256733391462047,True,
721,0.055926155755507294,0.6171983356449375,445,0.11988146551724138,0.8254321168064537,True,
729,0.05654669562519392,0.6131687242798354,447,0.12042025862068965,0.8253436195390313,True,
742,0.05755507291343469,0.6172506738544474,458,0.12338362068965517,0.8248568787966307,True,
745,0.057787775364567175,0.6174496644295302,460,0.12392241379310345,0.8245540245208189,True,
746,0.057865342848278004,0.6179624664879356,461,0.12419181034482758,0.8245500447570089,True,
748,0.05802047781569966,0.6189839572192514,463,0.12473060344827586,0.8244994617208136,True,
749,0.05809804529941049,0.6181575433911882,463,0.12473060344827586,0.8237629764718936,True,
751,0.05825318026683214,0.6178428761651131,464,0.125,0.8234269234367814,True,
755,0.05856345020167546,0.6185430463576159,467,0.1258081896551724,0.8229495007978453,True,
756,0.058641017685386286,0.6190476190476191,468,0.12607758620689655,0.8229048898665792,True,
766,0.05941669252249457,0.6174934725848564,473,0.12742456896551724,0.8228523868396495,True,
771,0.05980452994104871,0.6186770428015564,477,0.12850215517241378,0.8227961146709425,True,
772,0.05988209742475954,0.6191709844559585,478,0.12877155172413793,0.8227525678408287,True,
773,0.05995966490847037,0.6183699870633894,478,0.12877155172413793,0.822632074983115,True,
776,0.06019236735960285,0.6185567010309279,480,0.12931034482758622,0.8225731895956236,True,
796,0.06174371703381942,0.614321608040201,489,0.13173491379310345,0.8225053860509343,True,
797,0.06182128451753025,0.6135508155583438,489,0.13173491379310345,0.8223268375324446,True,
804,0.06236425690350605,0.6131840796019901,493,0.1328125,0.8220827814980406,True,
805,0.06244182438721688,0.613664596273292,494,0.13308189655172414,0.8219417605834078,True,
808,0.06267452683834937,0.6138613861386139,496,0.1336206896551724,0.8213469219891387,True,
815,0.06321749922432517,0.6147239263803681,501,0.1349676724137931,0.8208444001742049,True,
816,0.06329506670803599,0.6139705882352942,501,0.1349676724137931,0.8206831359477194,True,
818,0.06345020167545765,0.6124694376528117,501,0.1349676724137931,0.8201944353334668,True,
821,0.06368290412659014,0.6138855054811205,504,0.13577586206896552,0.8199447851892544,True,
822,0.06376047161030096,0.6131386861313869,504,0.13577586206896552,0.819758363207086,True,
823,0.06383803909401178,0.6136087484811664,505,0.13604525862068967,0.8193485524463486,True,
825,0.06399317406143344,0.6133333333333333,506,0.13631465517241378,0.8193128913773597,True,
832,0.06453614644740925,0.6117788461538461,509,0.13712284482758622,0.8192269409224548,True,
833,0.06461371393112007,0.6110444177671068,509,0.13712284482758622,0.8191505952818489,True,
834,0.06469128141483091,0.6103117505995204,509,0.13712284482758622,0.8190174991398936,True,
837,0.06492398386596339,0.6093189964157706,510,0.13739224137931033,0.8186835085066079,True,
840,0.06515668631709587,0.6083333333333333,511,0.13766163793103448,0.817878559921187,True,
853,0.06616506360533664,0.6060961313012896,517,0.1392780172413793,0.8170099951917182,True,
856,0.06639776605646913,0.6074766355140186,520,0.1400862068965517,0.8169604220616732,True,
858,0.06655290102389079,0.6083916083916084,522,0.140625,0.8169332105229504,True,
859,0.06663046850760161,0.6088474970896391,523,0.14089439655172414,0.8164167555116475,True,
860,0.06670803599131245,0.608139534883721,523,0.14089439655172414,0.8161801146695636,True,
861,0.06678560347502327,0.6074332171893148,523,0.14089439655172414,0.8160056935281411,True,
878,0.06810425069810735,0.6070615034168565,533,0.14358836206896552,0.8159293919166519,True,
879,0.06818181818181818,0.6075085324232082,534,0.14385775862068967,0.8155384829201399,True,
883,0.06849208811666149,0.6070215175537939,536,0.14439655172413793,0.8154722177120425,True,
887,0.06880235805150481,0.6054114994363021,537,0.14466594827586207,0.8149721382253908,True,
888,0.06887992553521564,0.6058558558558559,538,0.14493534482758622,0.8146647808216825,True,
892,0.06919019547005895,0.6065022421524664,541,0.14574353448275862,0.8141848972162872,True,
893,0.06926776295376978,0.606942889137738,542,0.14601293103448276,0.8138249137928077,True,
913,0.07081911262798635,0.6078860898138007,555,0.14951508620689655,0.8137323444766809,True,
914,0.07089668011169718,0.6072210065645515,555,0.14951508620689655,0.813465137283489,True,
918,0.07120695004654048,0.6078431372549019,558,0.15032327586206898,0.8134179052480036,True,
923,0.07159478746509464,0.609967497291441,563,0.15167025862068967,0.8134125227185764,True,
926,0.07182748991622712,0.6090712742980562,564,0.15193965517241378,0.8132178743078426,True,
927,0.07190505739993795,0.6094929881337648,565,0.15220905172413793,0.81314083950634,True,
941,0.07299100217188954,0.6099893730074389,574,0.15463362068965517,0.8129467077020244,True,
943,0.0731461371393112,0.6097560975609756,575,0.1549030172413793,0.8128072425282625,True,
946,0.07337883959044368,0.6088794926004228,576,0.15517241379310345,0.8127967362402326,True,
947,0.07345640707415452,0.6092925026399155,577,0.1554418103448276,0.8127954662853325,True,
961,0.07454235184610611,0.6087408949011447,585,0.1575969827586207,0.8127612884226763,True,
964,0.0747750542972386,0.6089211618257261,587,0.15813577586206898,0.8127590512648413,True,
967,0.07500775674837108,0.609100310237849,589,0.15867456896551724,0.8124292522783527,True,
968,0.07508532423208192,0.609504132231405,590,0.15894396551724138,0.8122930594843153,True,
969,0.07516289171579274,0.6099071207430341,591,0.15921336206896552,0.8119410641890361,True,
971,0.0753180266832144,0.6086508753861998,591,0.15921336206896552,0.8119375187138557,True,
972,0.07539559416692522,0.6080246913580247,591,0.15921336206896552,0.8116526887644433,True,
974,0.07555072913434688,0.608829568788501,593,0.15975215517241378,0.8111727297264373,True,
975,0.07562829661805771,0.6092307692307692,594,0.16002155172413793,0.811162845733579,True,
976,0.07570586410176854,0.6086065573770492,594,0.16002155172413793,0.8108221567581054,True,
978,0.0758609990691902,0.6094069529652352,596,0.16056034482758622,0.8104497827447543,True,
979,0.07593856655290103,0.6087844739530133,596,0.16056034482758622,0.8103055899601708,True,
995,0.07717964629227428,0.6100502512562814,607,0.1635237068965517,0.80981263447624,True,
996,0.0772572137759851,0.6104417670682731,608,0.16379310344827586,0.8095372390942743,True,
1000,0.07756748371082842,0.611,611,0.1646012931034483,0.8094782285365787,True,
1001,0.07764505119453925,0.6103896103896104,611,0.1646012931034483,0.8084316316434431,True,
1014,0.07865342848278002,0.6124260355029586,621,0.16729525862068967,0.8083573502086638,True,
1016,0.07880856345020168,0.6122047244094488,622,0.16756465517241378,0.8081852408616346,True,
1017,0.0788861309339125,0.6116027531956736,622,0.16756465517241378,0.807438433747406,True,
1019,0.07904126590133416,0.6113837095191365,623,0.16783405172413793,0.8071399747001271,True,
1020,0.079118833385045,0.6107843137254902,623,0.16783405172413793,0.8065676325397738,True,
1021,0.07919640086875582,0.6101860920666013,623,0.16783405172413793,0.806357406254349,True,
1026,0.07958423828730996,0.6111111111111112,627,0.16891163793103448,0.8059746751937087,True,
1027,0.07966180577102079,0.6105160662122687,627,0.16891163793103448,0.8056613279448694,True,
1028,0.07973937325473161,0.6099221789883269,627,0.16891163793103448,0.8054699474515665,True,
1029,0.07981694073844245,0.60932944606414,627,0.16891163793103448,0.8045922999804358,True,
1031,0.0799720757058641,0.6091173617846751,628,0.16918103448275862,0.8039386982977107,True,
1032,0.08004964318957493,0.6094961240310077,629,0.16945043103448276,0.8032499314702592,True,
1033,0.08012721067328576,0.6089060987415296,629,0.16945043103448276,0.8024604075610913,True,
1034,0.08020477815699659,0.6083172147001934,629,0.16945043103448276,0.8023638914700134,True,
1035,0.08028234564070741,0.6086956521739131,630,0.1697198275862069,0.8019859766481667,True,
1036,0.08035991312441824,0.6081081081081081,630,0.1697198275862069,0.8016338066707053,True,
1041,0.08074775054297238,0.6080691642651297,633,0.1705280172413793,0.8015738999336427,True,
1042,0.08082531802668322,0.6084452975047985,634,0.17079741379310345,0.8013963758750599,True,
1058,0.08206639776605647,0.610586011342155,646,0.1740301724137931,0.8013728885980506,True,
1064,0.08253180266832144,0.6090225563909775,648,0.17456896551724138,0.8009216295250592,True,
1071,0.08307477505429724,0.6087768440709617,652,0.17564655172413793,0.8008931077416147,True,
1072,0.08315234253800807,0.6091417910447762,653,0.17591594827586207,0.8007213660802552,True,
1073,0.0832299100217189,0.608574091332712,653,0.17591594827586207,0.800645024696179,True,
1074,0.08330747750542973,0.6089385474860335,654,0.17618534482758622,0.7998767275906891,True,
1078,0.08361774744027303,0.6076066790352505,655,0.17645474137931033,0.7996422538093926,True,
1082,0.08392801737511635,0.6062846580406654,656,0.17672413793103448,0.7991267901355842,True,
1083,0.08400558485882718,0.605724838411819,656,0.17672413793103448,0.7987421891407764,True,
1085,0.08416071982624884,0.6046082949308755,656,0.17672413793103448,0.7987121604030404,True,
1086,0.08423828730995966,0.6040515653775322,656,0.17672413793103448,0.7980283632512994,True,
1090,0.08454855724480298,0.6027522935779817,657,0.17699353448275862,0.7974133083758825,True,
1093,0.08478125969593546,0.6029277218664227,659,0.1775323275862069,0.7967582364406752,True,
1094,0.0848588271796463,0.6023765996343693,659,0.1775323275862069,0.7959258102520447,True,
1095,0.08493639466335712,0.6018264840182649,659,0.1775323275862069,0.7948133959211382,True,
1096,0.08501396214706795,0.6012773722627737,659,0.1775323275862069,0.7937702220655571,True,
1097,0.08509152963077878,0.601640838650866,660,0.17780172413793102,0.7929436341260967,True,
1100,0.08532423208191127,0.6,660,0.17780172413793102,0.7921841055603512,True,
1102,0.08547936704933291,0.5989110707803993,660,0.17780172413793102,0.7917937073657538,True,
1113,0.08633260937015204,0.5965858041329739,664,0.1788793103448276,0.7911098839175076,True,
1127,0.08741855414210363,0.5936113575865128,669,0.1802262931034483,0.7907794336326497,True,
1129,0.08757368910952529,0.5934455270150576,670,0.1804956896551724,0.7905120671549819,True,
1130,0.08765125659323611,0.5938053097345133,671,0.18076508620689655,0.7904145932189324,True,
1131,0.08772882407694695,0.5932802829354553,671,0.18076508620689655,0.7901274728404751,True,
1134,0.08796152652807943,0.5925925925925926,672,0.1810344827586207,0.7896795656196031,True,
1145,0.08881476884889854,0.5903930131004367,676,0.18211206896551724,0.7895662075073474,True,
1146,0.08889233633260937,0.5898778359511344,676,0.18211206896551724,0.7894592344622191,True,
1148,0.08904747130003103,0.5905923344947736,678,0.18265086206896552,0.7886488598355751,True,
1149,0.08912503878374185,0.5900783289817232,678,0.18265086206896552,0.7885250986368386,True,
1150,0.08920260626745269,0.5904347826086956,679,0.18292025862068967,0.7884313310317753,True,
1151,0.08928017375116351,0.5907906168549087,680,0.18318965517241378,0.7884042560702481,True,
1152,0.08935774123487435,0.5911458333333334,681,0.18345905172413793,0.788149825903716,True,
1153,0.08943530871858517,0.5915004336513443,682,0.18372844827586207,0.7880725272869478,True,
1154,0.08951287620229599,0.5909878682842288,682,0.18372844827586207,0.7877504294893977,True,
1158,0.0898231461371393,0.5906735751295337,684,0.18426724137931033,0.7873747557804956,True,
1159,0.08990071362085014,0.5901639344262295,684,0.18426724137931033,0.7870627055796084,True,
1160,0.08997828110456096,0.5896551724137931,684,0.18426724137931033,0.7868681159358636,True,
1161,0.0900558485882718,0.5900086132644272,685,0.18453663793103448,0.786306884152573,True,
1162,0.09013341607198262,0.5895008605851979,685,0.18453663793103448,0.7859435934800943,True,
1164,0.09028855103940428,0.5893470790378007,686,0.18480603448275862,0.7858099191324044,True,
1174,0.09106422587651257,0.5885860306643952,691,0.1861530172413793,0.7855841936765874,True,
1175,0.09114179336022339,0.5880851063829787,691,0.1861530172413793,0.7852789010514308,True,
1180,0.09152963077877754,0.588135593220339,694,0.1869612068965517,0.7850642037531114,True,
1181,0.09160719826248837,0.5884843353090601,695,0.18723060344827586,0.7846734081942314,True,
1183,0.09176233322991002,0.5891800507185122,697,0.18776939655172414,0.7843372325523207,True,
1184,0.09183990071362085,0.589527027027027,698,0.1880387931034483,0.7836234899475794,True,
1186,0.0919950356810425,0.5885328836424958,698,0.1880387931034483,0.7835509342246176,True,
1196,0.09277071051815079,0.5886287625418061,704,0.1896551724137931,0.7832007882806457,True,
1210,0.09385665529010238,0.587603305785124,711,0.19154094827586207,0.7822909638979717,True,
1212,0.09401179025752404,0.5874587458745875,712,0.19181034482758622,0.7822653868497941,True,
1213,0.09408935774123488,0.5877988458367683,713,0.19207974137931033,0.782003997939329,True,
1214,0.0941669252249457,0.5881383855024712,714,0.19234913793103448,0.781564578706638,True,
1215,0.09424449270865654,0.5876543209876544,714,0.19234913793103448,0.7812986662513036,True,
1216,0.09432206019236736,0.5879934210526315,715,0.19261853448275862,0.7811186344231823,True,
1218,0.09447719515978902,0.5878489326765188,716,0.19288793103448276,0.7807173609629027,True,
1226,0.09509773502947565,0.5872756933115824,720,0.1939655172413793,0.7804740156868669,True,
1240,0.09618367980142724,0.5854838709677419,726,0.19558189655172414,0.7798463745671096,True,
1241,0.09626124728513807,0.5850120870265915,726,0.19558189655172414,0.7784796809996223,True,
1246,0.09664908470369221,0.586677367576244,731,0.19692887931034483,0.7778457486965327,True,
1249,0.09688178715482469,0.5860688550840673,732,0.19719827586206898,0.7775810862769034,True,
1251,0.09703692212224635,0.5859312549960032,733,0.1974676724137931,0.7774992481714726,True,
1252,0.09711448960595719,0.5854632587859425,733,0.1974676724137931,0.7771773525763124,True,
1253,0.09719205708966801,0.5849960095770151,733,0.1974676724137931,0.7770749395060697,True,
1256,0.0974247595408005,0.5843949044585988,734,0.19773706896551724,0.7769097036463315,True,
1258,0.09757989450822216,0.5842607313195548,735,0.19800646551724138,0.776798399968269,True,
1259,0.09765746199193298,0.5837966640190627,735,0.19800646551724138,0.776722287145684,True,
1260,0.09773502947564382,0.5833333333333334,735,0.19800646551724138,0.7764819857408256,True,
1262,0.09789016444306546,0.5824088748019017,735,0.19800646551724138,0.7762196611582587,True,
1264,0.09804529941048712,0.5830696202531646,737,0.19854525862068967,0.7761876446153203,True,
1266,0.09820043437790878,0.5821484992101106,737,0.19854525862068967,0.7759083874049622,True,
1267,0.09827800186161961,0.5816890292028414,737,0.19854525862068967,0.7758865975926252,True,
1269,0.09843313682904127,0.582348305752561,739,0.19908405172413793,0.7756054397337725,True,
1273,0.09874340676388459,0.5813040062843676,740,0.19935344827586207,0.775253296202061,True,
1274,0.09882097424759541,0.5816326530612245,741,0.19962284482758622,0.7752388975508521,True,
1275,0.09889854173130623,0.5811764705882353,741,0.19962284482758622,0.7748319790563655,True,
1276,0.09897610921501707,0.5815047021943573,742,0.19989224137931033,0.7738865093327537,True,
1282,0.09944151411728204,0.5795631825273011,743,0.20016163793103448,0.7730781318177903,True,
1284,0.0995966490847037,0.5802180685358256,745,0.20070043103448276,0.7719081833543695,True,
1285,0.09967421656841452,0.5797665369649806,745,0.20070043103448276,0.7718663214496195,True,
1295,0.10044989140552281,0.57992277992278,751,0.2023168103448276,0.7713758029553502,True,
1297,0.10060502637294447,0.5805705474171164,753,0.20285560344827586,0.771219061212311,True,
1298,0.10068259385665529,0.5808936825885979,754,0.203125,0.7709956081065386,True,
1300,0.10083772882407695,0.58,754,0.203125,0.7701336565166375,True,
1301,0.10091529630778777,0.579554189085319,754,0.203125,0.7701189431687143,True,
1312,0.1017685386286069,0.5785060975609756,759,0.2044719827586207,0.7697871356208014,True,
1316,0.1020788085634502,0.5782674772036475,761,0.20501077586206898,0.7697682973966715,True,
1318,0.10223394353087185,0.5781487101669196,762,0.2052801724137931,0.7696500767039428,True,
1321,0.10246664598200435,0.5783497350492052,764,0.20581896551724138,0.7695701586051333,True,
1322,0.10254421346571517,0.5786686838124054,765,0.20608836206896552,0.7687932876967067,True,
1324,0.10269934843313683,0.5785498489425982,766,0.20635775862068967,0.7685694148651572,True,
1328,0.10300961836798014,0.5783132530120482,768,0.20689655172413793,0.7684359058584166,True,
1334,0.10347502327024512,0.5764617691154422,769,0.20716594827586207,0.768214347410025,True,
1335,0.10355259075395594,0.5760299625468165,769,0.20716594827586207,0.7681371494340492,True,
1339,0.10386286068879926,0.5750560119492159,770,0.20743534482758622,0.7677124966108577,True,
1341,0.10401799565622091,0.575689783743475,772,0.20797413793103448,0.7674131644814566,True,
1342,0.10409556313993173,0.5752608047690015,772,0.20797413793103448,0.7660153987097466,True,
1344,0.10425069810735339,0.5758928571428571,774,0.20851293103448276,0.7649875476328781,True,
1360,0.10549177784672666,0.5779411764705882,786,0.2117456896551724,0.7647784800720479,True,
1372,0.10642258765125659,0.5750728862973761,789,0.21255387931034483,0.7646570237065913,True,
1373,0.10650015513496743,0.5746540422432629,789,0.21255387931034483,0.7645068748792835,True,
1374,0.10657772261867825,0.5749636098981077,790,0.21282327586206898,0.7642469849622023,True,
1375,0.10665529010238908,0.5745454545454546,790,0.21282327586206898,0.7640537238122825,True,
1378,0.10688799255352156,0.5732946298984035,790,0.21282327586206898,0.7627677415035492,True,
1379,0.1069655600372324,0.5736040609137056,791,0.2130926724137931,0.7623867696713661,True,
1380,0.10704312752094322,0.5731884057971014,791,0.2130926724137931,0.762225003204397,True,
1382,0.10719826248836488,0.573082489146165,792,0.21336206896551724,0.7620748361569841,True,
1383,0.1072758299720757,0.5726681127982647,792,0.21336206896551724,0.7620098852505529,True,
1384,0.10735339745578654,0.5722543352601156,792,0.21336206896551724,0.7615255251868999,True,
1388,0.10766366739062985,0.5713256484149856,793,0.21363146551724138,0.7614916718327257,True,
1390,0.10781880235805151,0.5712230215827339,794,0.21390086206896552,0.7603584547653716,True,
1391,0.10789636984176233,0.5715312724658519,795,0.21417025862068967,0.7603463466838237,True,
1393,0.10805150480918399,0.5714285714285714,796,0.21443965517241378,0.7598249310958785,True,
1394,0.10812907229289481,0.5717360114777619,797,0.21470905172413793,0.7594715759066408,True,
1406,0.10905988209742476,0.5725462304409673,805,0.21686422413793102,0.7588356166136853,True,
1408,0.10921501706484642,0.5731534090909091,807,0.2174030172413793,0.7586846286352084,True,
1409,0.10929258454855724,0.5727466288147622,807,0.2174030172413793,0.7583341280349694,True,
1410,0.10937015203226808,0.5723404255319149,807,0.2174030172413793,0.7581856280551398,True,
1414,0.10968042196711139,0.5721357850070722,809,0.2179418103448276,0.7580589862495052,True,
1425,0.1105336642879305,0.5712280701754386,814,0.2192887931034483,0.757867964692281,True,
1433,0.11115420415761712,0.5722260990928123,820,0.2209051724137931,0.7578477553819117,True,
1451,0.11255041886441204,0.5713301171605789,829,0.22332974137931033,0.7571566307711134,True,
1452,0.11262798634812286,0.5709366391184573,829,0.22332974137931033,0.7569706616136144,True,
1453,0.1127055538318337,0.5712319339298004,830,0.22359913793103448,0.7569682137416964,True,
1454,0.11278312131554452,0.5708390646492435,830,0.22359913793103448,0.7564030146798343,True,
1456,0.11293825628296618,0.5714285714285714,832,0.22413793103448276,0.7562954978234403,True,
1457,0.11301582376667701,0.5717227179135209,833,0.2244073275862069,0.7556469269935899,True,
1459,0.11317095873409866,0.5716244002741604,834,0.22467672413793102,0.7555649177616058,True,
1464,0.11355879615265281,0.5710382513661202,836,0.2252155172413793,0.7555310253063909,True,
1478,0.1146447409246044,0.5717185385656293,845,0.22764008620689655,0.7554416979757974,True,
1490,0.11557555072913435,0.5724832214765101,853,0.22979525862068967,0.7547501996004649,True,
1491,0.11565311821284517,0.5727699530516432,854,0.23006465517241378,0.7546602003920628,True,
1496,0.11604095563139932,0.5721925133689839,856,0.23060344827586207,0.7545598508742034,True,
1497,0.11611852311511014,0.571810287241149,856,0.23060344827586207,0.7534983084072114,True,
1498,0.11619609059882098,0.5714285714285714,856,0.23060344827586207,0.753368975537378,True,
1499,0.1162736580825318,0.571714476317545,857,0.23087284482758622,0.7532187600264989,True,
1501,0.11642879304995346,0.5709526982011992,857,0.23087284482758622,0.752750549061485,True,
1502,0.11650636053366428,0.570572569906791,857,0.23087284482758622,0.7527118928256835,True,
1503,0.11658392801737512,0.5708582834331337,858,0.23114224137931033,0.7526051913382339,True,
1504,0.11666149550108594,0.5704787234042553,858,0.23114224137931033,0.7524462789357991,True,
1505,0.11673906298479678,0.5707641196013289,859,0.23141163793103448,0.7522496001731692,True,
1506,0.1168166304685076,0.5703851261620186,859,0.23141163793103448,0.7513993770566224,True,
1507,0.11689419795221843,0.570670205706702,860,0.23168103448275862,0.7513228865933551,True,
1508,0.11697176543592926,0.5709549071618037,861,0.23195043103448276,0.751224270434278,True,
1515,0.11751473782190505,0.5696369636963696,863,0.23248922413793102,0.7507978347773454,True,
1566,0.12147067949115731,0.5632183908045977,882,0.23760775862068967,0.750576303514576,True,
1567,0.12154824697486813,0.5634971282705807,883,0.23787715517241378,0.7505044903114685,True,
1570,0.12178094942600062,0.5643312101910828,886,0.23868534482758622,0.7502187436216362,True,
1629,0.1263574309649395,0.5567833026396563,907,0.2443426724137931,0.7502015955250472,True,
1630,0.12643499844865033,0.5570552147239264,908,0.24461206896551724,0.7501775235900933,True,
1632,0.12659013341607198,0.5575980392156863,910,0.24515086206896552,0.7501346918155973,True,
1636,0.1269004033509153,0.5574572127139364,912,0.24568965517241378,0.7498336416383532,True,
1648,0.12783121315544524,0.5594660194174758,922,0.24838362068965517,0.7497623013315369,True,
1650,0.12798634812286688,0.5593939393939394,923,0.2486530172413793,0.7494485917755304,True,
1654,0.1282966180577102,0.558645707376058,924,0.24892241379310345,0.7493657442617762,True,
1696,0.131554452373565,0.5530660377358491,938,0.2526939655172414,0.7492050249464207,True,
1697,0.13163201985727582,0.5533294048320566,939,0.2529633620689655,0.7490431254629761,True,
1699,0.1317871548246975,0.5532666274278988,940,0.25323275862068967,0.7487879899111668,True,
1706,0.13233012721067328,0.5527549824150059,943,0.25404094827586204,0.7485430854055712,True,
1716,0.13310580204778158,0.5541958041958042,951,0.2561961206896552,0.7485354060851672,True,
1717,0.1331833695314924,0.5544554455445545,952,0.25646551724137934,0.7484003488989341,True,
1719,0.13333850449891405,0.5549738219895288,954,0.25700431034482757,0.7477039972173546,True,
1720,0.1334160719826249,0.5546511627906977,954,0.25700431034482757,0.7473600078393176,True,
1721,0.13349363946633572,0.5549099360836722,955,0.2572737068965517,0.7469852527046141,True,
1724,0.1337263419174682,0.5545243619489559,956,0.25754310344827586,0.7468118829139719,True,
1736,0.13465715172199813,0.5535714285714286,961,0.2588900862068966,0.7465241609308598,True,
1738,0.1348122866894198,0.5529344073647872,961,0.2588900862068966,0.7463296203204707,True,
1739,0.13488985417313062,0.5526164462334675,961,0.2588900862068966,0.7459059361963125,True,
1812,0.1405522804840211,0.5474613686534217,992,0.2672413793103448,0.7457925462844748,True,
1872,0.1452063295066708,0.5454059829059829,1021,0.2750538793103448,0.7456585140210917,True,
1920,0.14892956872479057,0.5432291666666667,1043,0.28098060344827586,0.7455935633594325,True,
1976,0.15327334781259697,0.541497975708502,1070,0.28825431034482757,0.7455287337018214,True,
1978,0.1534284827800186,0.5409504550050556,1070,0.28825431034482757,0.7455244575250477,True,
2029,0.15738442444927087,0.5386890093642188,1093,0.29445043103448276,0.7451364375803733,True,
2030,0.1574619919329817,0.5389162561576355,1094,0.2947198275862069,0.7450069519445904,True,
2031,0.1575395594166925,0.5386509108813392,1094,0.2947198275862069,0.7448476274381538,True,
2032,0.15761712690040336,0.5388779527559056,1095,0.29498922413793105,0.7446330712301529,True,
2033,0.15769469438411418,0.5386128873585834,1095,0.29498922413793105,0.7439986691970926,True,
2034,0.157772261867825,0.5388397246804326,1096,0.2952586206896552,0.7439191514686154,True,
2050,0.15901334160719827,0.5380487804878049,1103,0.29714439655172414,0.743734150813726,True,
2051,0.1590909090909091,0.538274012676743,1104,0.2974137931034483,0.7436412814197199,True,
2059,0.15971144896059572,0.537639630888781,1107,0.29822198275862066,0.7432660711721641,True,
2108,0.1635122556624263,0.5355787476280834,1129,0.3041487068965517,0.7429559514411295,True,
2114,0.1639776605646913,0.5350047303689688,1131,0.3046875,0.7420540990198626,True,
2116,0.16413279553211294,0.5349716446124764,1132,0.30495689655172414,0.741948061645064,True,
2117,0.16421036301582376,0.5351913084553613,1133,0.3052262931034483,0.7417708881299581,True,
2128,0.16506360533664288,0.5357142857142857,1140,0.30711206896551724,0.7411570108491767,True,
2137,0.16576171269004034,0.5362657931679925,1146,0.30872844827586204,0.7409267705474539,True,
2138,0.16583928017375116,0.5364826941066417,1147,0.3089978448275862,0.7408839841652858,True,
2141,0.16607198262488365,0.5361980382998599,1148,0.30926724137931033,0.7407199733979162,True,
2142,0.16614955010859447,0.5359477124183006,1148,0.30926724137931033,0.7406865691009646,True,
2145,0.16638225255972697,0.5356643356643357,1149,0.3095366379310345,0.7397534632389201,True,
2152,0.16692522494570275,0.5362453531598513,1154,0.3108836206896552,0.7396483231951964,True,
2159,0.16746819733167856,0.5363594256600278,1158,0.3119612068965517,0.7396164335736747,True,
2160,0.16754576481538938,0.5361111111111111,1158,0.3119612068965517,0.7395540840347262,True,
2163,0.16777846726652187,0.5358298659269533,1159,0.31223060344827586,0.738945745394064,True,
2164,0.1678560347502327,0.5360443622920518,1160,0.3125,0.7388255233232917,True,
2167,0.1680887372013652,0.5353022611905861,1160,0.3125,0.7387755239784187,True,
2223,0.17243251628917158,0.5344129554655871,1188,0.32004310344827586,0.7386863144944537,True,
2224,0.1725100837728824,0.5346223021582733,1189,0.3203125,0.7384805563445012,True,
2235,0.17336332609370153,0.5319910514541387,1189,0.3203125,0.7383531516670006,True,
2236,0.17344089357741235,0.5317531305903399,1189,0.3203125,0.7380292617840086,True,
2237,0.17351846106112317,0.5319624497094323,1190,0.32058189655172414,0.7374180686566487,True,
2239,0.17367359602854485,0.5314872711031711,1190,0.32058189655172414,0.7369774596251419,True,
2241,0.1738287309959665,0.5314591700133868,1191,0.3208512931034483,0.7364903098487882,True,
2242,0.1739062984796773,0.5312221231043711,1191,0.3208512931034483,0.7352388108221917,True,
2243,0.17398386596338813,0.531431119037004,1192,0.32112068965517243,0.7351520009928144,True,
2244,0.17406143344709898,0.5316399286987522,1193,0.3213900862068966,0.7343435913846538,True,
2245,0.1741390009308098,0.53184855233853,1194,0.32165948275862066,0.7339633284062067,True,
2247,0.17429413589823145,0.5313751668891856,1194,0.32165948275862066,0.7329906363743413,True,
2248,0.1743717033819423,0.5311387900355872,1194,0.32165948275862066,0.7327377872288118,True,
2249,0.17444927086565312,0.5309026233881725,1194,0.32165948275862066,0.7318129807224116,True,
2250,0.17452683834936394,0.5311111111111111,1195,0.3219288793103448,0.73145843652962,True,
2251,0.17460440583307477,0.5308751665926255,1195,0.3219288793103448,0.7312717935703589,True,
2252,0.17468197331678562,0.5306394316163411,1195,0.3219288793103448,0.7312033520351039,True,
2253,0.17475954080049644,0.5308477585441633,1196,0.32219827586206895,0.7308808050472057,True,
2254,0.17483710828420726,0.531055900621118,1197,0.3224676724137931,0.7308239375902422,True,
2255,0.17491467576791808,0.530820399113082,1197,0.3224676724137931,0.7302418070183201,True,
2257,0.17506981073533975,0.5312361541869739,1199,0.3230064655172414,0.7300601972808584,True,
2258,0.17514737821905058,0.5310008857395926,1199,0.3230064655172414,0.729704796667391,True,
2259,0.1752249457027614,0.5312084993359893,1200,0.3232758620689655,0.7293530683463176,True,
2261,0.17538008067018307,0.5311808934099955,1201,0.32354525862068967,0.7293173339807226,True,
2262,0.1754576481538939,0.530946065428824,1201,0.32354525862068967,0.7292556273184635,True,
2263,0.1755352156376047,0.5311533362792753,1202,0.3238146551724138,0.7292015114088293,True,
2278,0.17669872789326715,0.5298507462686567,1207,0.3251616379310345,0.7290424903233238,True,
2280,0.1768538628606888,0.5293859649122807,1207,0.3251616379310345,0.7289309922973166,True,
2299,0.17832764505119453,0.5276207046541975,1213,0.32677801724137934,0.7285844259164582,True,
2300,0.17840521253490538,0.5278260869565218,1214,0.3270474137931034,0.7284240451860824,True,
2302,0.17856034750232702,0.5278019113814074,1215,0.32731681034482757,0.7281719165365077,True,
2304,0.1787154824697487,0.52734375,1215,0.32731681034482757,0.7276435402544627,True,
2306,0.17887061743717034,0.5277536860364267,1217,0.32785560344827586,0.7271032151760354,True,
2307,0.17894818492088116,0.5275249241439098,1217,0.32785560344827586,0.7264023252675395,True,
2308,0.17902575240459198,0.5272963604852686,1217,0.32785560344827586,0.7259442033839549,True,
2309,0.17910331988830283,0.527067994802945,1217,0.32785560344827586,0.7256587356223114,True,
2310,0.17918088737201365,0.5268398268398269,1217,0.32785560344827586,0.725341371270715,True,
2311,0.17925845485572448,0.5270445694504543,1218,0.328125,0.7243453131938623,True,
2315,0.1795687247905678,0.5269978401727862,1220,0.3286637931034483,0.7239765473446744,True,
2316,0.1796462922742786,0.5272020725388601,1221,0.32893318965517243,0.7236144797020286,True,
2319,0.1798789947254111,0.5273824924536438,1223,0.32947198275862066,0.723404200247339,True,
2323,0.18018926466025442,0.5269048643994835,1224,0.3297413793103448,0.7232776352157719,True,
2326,0.18042196711138692,0.5270851246775581,1226,0.3302801724137931,0.7232503862726896,True,
2348,0.18212845175302514,0.5255536626916525,1234,0.3324353448275862,0.7230939178354201,True,
2376,0.18430034129692832,0.5231481481481481,1243,0.3348599137931034,0.7223686947789716,True,
2377,0.18437790878063914,0.5233487589398401,1244,0.33512931034482757,0.7223030937357915,True,
2379,0.18453304374806082,0.5233291298865069,1245,0.3353987068965517,0.7215349326128387,True,
2380,0.18461061123177164,0.523109243697479,1245,0.3353987068965517,0.721478927826198,True,
2381,0.18468817871548246,0.5233095338093238,1246,0.33566810344827586,0.7213372821635579,True,
2382,0.1847657461991933,0.5230898404701931,1246,0.33566810344827586,0.721233071235392,True,
2387,0.18515358361774745,0.5236698785085881,1250,0.33674568965517243,0.7201985073746782,True,
2414,0.1872479056779398,0.5227837613918807,1262,0.33997844827586204,0.7200506861685791,True,
2415,0.18732547316165063,0.5225672877846791,1262,0.33997844827586204,0.7195792339753931,True,
2416,0.18740304064536145,0.5227649006622517,1263,0.3402478448275862,0.7190796995490917,True,
2417,0.1874806081290723,0.522548613984278,1263,0.3402478448275862,0.7187123334396953,True,
2436,0.18895439031957803,0.5217569786535303,1271,0.34240301724137934,0.7179005391062738,True,
2438,0.1891095252869997,0.522149302707137,1273,0.34294181034482757,0.7178089495932833,True,
2439,0.18918709277071052,0.5219352193521936,1273,0.34294181034482757,0.7177421203704317,True,
2440,0.18926466025442135,0.5221311475409836,1274,0.3432112068965517,0.7134312368048038,True,
2463,0.1910487123797704,0.5217214778725132,1285,0.34617456896551724,0.7123622381695609,True,
2464,0.19112627986348124,0.5219155844155844,1286,0.3464439655172414,0.7120768434941077,True,
2466,0.19128141483090288,0.5214922952149229,1286,0.3464439655172414,0.7120093724422698,True,
2467,0.1913589823146137,0.5216862586137009,1287,0.3467133620689655,0.7116092704859023,True,
2476,0.19205708966801116,0.5205977382875606,1289,0.3472521551724138,0.7106781319416748,True,
2477,0.192134657151722,0.52079127977392,1290,0.34752155172413796,0.7090102415840511,True,
2501,0.19399627676078188,0.5205917632946822,1302,0.35075431034482757,0.7084333610106012,True,
2502,0.1940738442444927,0.5207833733013589,1303,0.3510237068965517,0.7083899061461669,True,
2503,0.19415141172820355,0.5205753096284459,1303,0.3510237068965517,0.7076789241564801,True,
2523,0.1957027614024201,0.5212049147839873,1315,0.3542564655172414,0.7070180382208815,True,
2524,0.19578032888613092,0.5209984152139461,1315,0.3542564655172414,0.7069514287078497,True,
2526,0.1959354638535526,0.5209817893903405,1316,0.3545258620689655,0.7060785682498754,True,
2530,0.1962457337883959,0.5201581027667984,1316,0.3545258620689655,0.7056187698307732,True,
2531,0.19632330127210673,0.519952587909917,1316,0.3545258620689655,0.7053716766586907,True,
2532,0.19640086875581755,0.5197472353870458,1316,0.3545258620689655,0.7046736137853807,True,
2546,0.19748681352776917,0.51885310290652,1321,0.3558728448275862,0.7035876242456804,True,
2548,0.19764194849519082,0.5184458398744113,1321,0.3558728448275862,0.7028475537997427,True,
2562,0.1987278932671424,0.516783762685402,1324,0.3566810344827586,0.7026753039217519,True,
2568,0.1991932981694074,0.5159657320872274,1325,0.35695043103448276,0.7020601032517229,True,
2573,0.19958113558796153,0.5153517294986397,1326,0.3572198275862069,0.7016027244733323,True,
2574,0.19965870307167236,0.5155400155400155,1327,0.35748922413793105,0.7014647417502348,True,
2577,0.19989140552280485,0.5153279006596818,1328,0.3577586206896552,0.7011960698220653,True,
2578,0.19996897300651567,0.5151280062063616,1328,0.3577586206896552,0.7011585936931047,True,
2582,0.200279242941359,0.5143299767621998,1328,0.3577586206896552,0.7006768346643444,True,
2585,0.20051194539249148,0.5137330754352031,1328,0.3577586206896552,0.7004564397707268,True,
2586,0.2005895128762023,0.5135344160866203,1328,0.3577586206896552,0.699795552257678,True,
2587,0.20066708035991312,0.5133359103208349,1328,0.3577586206896552,0.6997391629440312,True,
2588,0.20074464784362395,0.5135239567233385,1329,0.35802801724137934,0.6987368333781672,True,
2590,0.20089978281104562,0.5138996138996139,1331,0.35856681034482757,0.6983873730996875,True,
2598,0.20152032268073225,0.5130869899923017,1333,0.35910560344827586,0.6982051039959338,True,
2599,0.20159789016444307,0.5128895729126587,1333,0.35910560344827586,0.6981237299766488,True,
2623,0.20345950977350294,0.5097216927182615,1337,0.36018318965517243,0.6977702344181561,True,
2624,0.2035370772572138,0.5095274390243902,1337,0.36018318965517243,0.6976967967864174,True,
2625,0.2036146447409246,0.5097142857142857,1338,0.3604525862068966,0.6976280097215821,True,
2640,0.20477815699658702,0.509090909090909,1344,0.3620689655172414,0.6972502489037036,True,
2654,0.20586410176853862,0.5082893745290128,1349,0.36341594827586204,0.6963856773305461,True,
2657,0.2060968042196711,0.5080918328942416,1350,0.3636853448275862,0.6962940367989389,True,
2663,0.2065622091219361,0.5069470521967706,1350,0.3636853448275862,0.6956758173022094,True,
2681,0.207958423828731,0.5061544199925401,1357,0.3655711206896552,0.6949030350588083,True,
2682,0.20803599131244183,0.506338553318419,1358,0.36584051724137934,0.6947186054983407,True,
2683,0.20811355879615265,0.5061498322773015,1358,0.36584051724137934,0.6936994386133952,True,
2685,0.20826869376357432,0.5065176908752328,1360,0.36637931034482757,0.6926612295941732,True,
2686,0.20834626124728514,0.5063291139240507,1360,0.36637931034482757,0.692490411308419,True,
2690,0.20865653118212846,0.5063197026022305,1362,0.36691810344827586,0.6922559316633997,True,
2691,0.20873409866583928,0.5061315496098104,1362,0.36691810344827586,0.6915927123778144,True,
2695,0.2090443686006826,0.5057513914656772,1363,0.3671875,0.6912434771477768,True,
2697,0.20919950356810424,0.5057471264367817,1364,0.36745689655172414,0.6902032662302937,True,
2699,0.2093546385355259,0.5053723601333827,1364,0.36745689655172414,0.6901479149899388,True,
2700,0.20943220601923673,0.5051851851851852,1364,0.36745689655172414,0.6896752910383218,True,
2727,0.2115265280794291,0.5031169783645031,1372,0.36961206896551724,0.6896746415107484,True,
2729,0.21168166304685077,0.5027482594356907,1372,0.36961206896551724,0.6895551177383527,True,
2730,0.2117592305305616,0.5025641025641026,1372,0.36961206896551724,0.6892578107017621,True,
2733,0.21199193298169408,0.5027442371020856,1374,0.3701508620689655,0.6892234195477771,True,
2734,0.2120695004654049,0.5025603511338698,1374,0.3701508620689655,0.688929043192933,True,
2735,0.21214706794911573,0.5023765996343693,1374,0.3701508620689655,0.6889086828289317,True,
2753,0.21354328265591063,0.5012713403559753,1380,0.37176724137931033,0.6878597539717549,True,
2755,0.2136984176233323,0.5016333938294011,1382,0.3723060344827586,0.6874116544213191,True,
2756,0.21377598510704313,0.5018142235123367,1383,0.37257543103448276,0.6870607498102553,True,
2759,0.21400868755817562,0.501268575570859,1383,0.37257543103448276,0.6869890026096734,True,
2760,0.21408625504188644,0.5010869565217392,1383,0.37257543103448276,0.6868804557738235,True,
2764,0.21439652497672976,0.5003617945007236,1383,0.37257543103448276,0.6866825022604545,True,
2767,0.21462922742786225,0.49981929887965304,1383,0.37257543103448276,0.6860050450608375,True,
2768,0.21470679491157307,0.49963872832369943,1383,0.37257543103448276,0.685974316339301,True,
2769,0.2147843623952839,0.49945828819068255,1383,0.37257543103448276,0.6856434120474234,True,
2770,0.21486192987899472,0.49927797833935017,1383,0.37257543103448276,0.6856356455214336,True,
2772,0.2150170648464164,0.4989177489177489,1383,0.37257543103448276,0.6849920740916532,True,
2773,0.2150946323301272,0.4987378290659935,1383,0.37257543103448276,0.6846840353843675,True,
2775,0.21524976729754886,0.4983783783783784,1383,0.37257543103448276,0.6844449824172657,True,
2776,0.2153273347812597,0.49855907780979825,1384,0.3728448275862069,0.6843256214382476,True,
2782,0.21579273968352466,0.4982027318475917,1386,0.3733836206896552,0.6840499755415999,True,
2803,0.21742165684145207,0.49696753478415984,1393,0.37526939655172414,0.6836200498013141,True,
2804,0.2174992243251629,0.4971469329529244,1394,0.3755387931034483,0.6832843984855167,True,
2807,0.21773192677629538,0.4976843605272533,1397,0.37634698275862066,0.682863242738942,True,
2808,0.2178094942600062,0.49750712250712253,1397,0.37634698275862066,0.6827321985990901,True,
2810,0.21796462922742788,0.49750889679715304,1398,0.3766163793103448,0.6825203764404495,True,
2813,0.21819733167856034,0.49733380732314253,1399,0.37688577586206895,0.6812981408322468,True,
2814,0.21827489916227116,0.4975124378109453,1400,0.3771551724137931,0.681202004440509,True,
2815,0.218352466645982,0.4976909413854352,1401,0.37742456896551724,0.680089814472367,True,
2819,0.21866273658082533,0.49698474636395884,1401,0.37742456896551724,0.679735865963427,True,
2821,0.21881787154824697,0.4966323998582063,1401,0.37742456896551724,0.6796729667296164,True,
2826,0.2192057089668011,0.49610757254069354,1402,0.3776939655172414,0.6795846839267178,True,
2829,0.2194384114179336,0.49628844114528103,1404,0.37823275862068967,0.679157710388415,True,
2834,0.21982624883648774,0.4964714184897671,1407,0.37904094827586204,0.6790194601514091,True,
2855,0.22145516599441514,0.49597197898423817,1416,0.38146551724137934,0.6788778584816172,True,
2856,0.22153273347812596,0.4957983193277311,1416,0.38146551724137934,0.6787118716455258,True,
2881,0.22347192057089668,0.4949670253384242,1426,0.38415948275862066,0.6781153720903375,True,
2882,0.2235494880546075,0.49479528105482307,1426,0.38415948275862066,0.6778647941855923,True,
2885,0.22378219050574,0.4942807625649913,1426,0.38415948275862066,0.6775777159966264,True,
2910,0.22572137759851071,0.49381443298969074,1437,0.3871228448275862,0.6773529136048647,True,
2913,0.22595408004964318,0.4936491589426708,1438,0.38739224137931033,0.6756488306131041,True,
2934,0.22758299720757058,0.4938650306748466,1449,0.39035560344827586,0.6751759826955879,True,
2936,0.22773813217499225,0.4938692098092643,1450,0.390625,0.6751404753718769,True,
2939,0.22797083462612472,0.49336509016672336,1450,0.390625,0.6750743612608023,True,
2940,0.22804840210983557,0.4931972789115646,1450,0.390625,0.6746510591174392,True,
2950,0.22882407694694384,0.4928813559322034,1454,0.3917025862068966,0.6741429954157501,True,
2953,0.22905677939807634,0.4933965458855401,1457,0.39251077586206895,0.6741325051255288,True,
2955,0.22921191436549798,0.49306260575296107,1457,0.39251077586206895,0.6740726960790667,True,
2958,0.22944461681663048,0.4935767410412441,1460,0.3933189655172414,0.674028481075707,True,
2962,0.2297548867514738,0.49358541525995947,1462,0.39385775862068967,0.6740083291079855,True,
2981,0.23122866894197952,0.49312311304931233,1470,0.39601293103448276,0.6739598101381685,True,
2990,0.23192677629537697,0.4936454849498328,1476,0.39762931034482757,0.6736117425094489,True,
2994,0.2322370462302203,0.49331997327989313,1477,0.3978987068965517,0.6735370487462135,True,
2995,0.2323146137139311,0.4931552587646077,1477,0.3978987068965517,0.673469036766441,True,
2996,0.23239218119764196,0.493324432576769,1478,0.39816810344827586,0.6729197204394265,True,
2997,0.23246974868135278,0.4931598264931598,1478,0.39816810344827586,0.6724236263852467,True,
2998,0.2325473161650636,0.49299533022014674,1478,0.39816810344827586,0.6721643462798157,True,
3002,0.23285758609990692,0.49233844103930713,1478,0.39816810344827586,0.6718935140417971,True,
3026,0.2347192057089668,0.4920687376074025,1489,0.4011314655172414,0.671125187465325,True,
3028,0.23487434067638846,0.4917437252311757,1489,0.4011314655172414,0.6709797287465555,True,
3033,0.2352621780949426,0.4909330695680844,1489,0.4011314655172414,0.6705782075972819,True,
3034,0.23533974557865342,0.4911008569545155,1490,0.4014008620689655,0.6705438220397877,True,
3040,0.2358051504809184,0.49046052631578946,1491,0.40167025862068967,0.6702560353938114,True,
3042,0.23596028544834005,0.490138067061144,1491,0.40167025862068967,0.6702158834847575,True,
3045,0.23619298789947255,0.48998357963875205,1492,0.4019396551724138,0.6700229762371721,True,
3048,0.23642569035060504,0.49015748031496065,1494,0.40247844827586204,0.6699233771250304,True,
3049,0.23650325783431586,0.49032469662184325,1495,0.4027478448275862,0.6697304952722619,True,
3052,0.23673596028544833,0.49017038007863695,1496,0.40301724137931033,0.6695350206757281,True,
3055,0.23696866273658082,0.4896890343698854,1496,0.40301724137931033,0.6692628694564647,True,
3058,0.23720136518771331,0.4898626553302812,1498,0.4035560344827586,0.6688370869917474,True,
3062,0.23751163512255663,0.48954931417374264,1499,0.40382543103448276,0.6687138354048517,True,
3066,0.23782190505739995,0.48956294846705806,1501,0.40436422413793105,0.6686858675936518,True,
3067,0.23789947254111077,0.48972937724160415,1502,0.4046336206896552,0.6685505858933173,True,
3068,0.2379770400248216,0.48989569752281614,1503,0.40490301724137934,0.6679955983034278,True,
3070,0.23813217499224326,0.48990228013029313,1504,0.4051724137931034,0.6676417094460327,True,
3073,0.23836487744337573,0.4904002603319232,1507,0.40598060344827586,0.66760505103951,True,
3074,0.23844244492708658,0.49024072869225765,1507,0.40598060344827586,0.6666596665134649,True,
3076,0.23859757989450822,0.49024707412223667,1508,0.40625,0.6665287260941172,True,
3077,0.23867514737821904,0.49041273968150795,1509,0.40651939655172414,0.6660359720647707,True,
3081,0.23898541731306236,0.48977604673807207,1509,0.40651939655172414,0.6653571155213907,True,
3084,0.23921811976419485,0.4899481193255512,1511,0.40705818965517243,0.6653523979303197,True,
3086,0.2393732547316165,0.4899546338302009,1512,0.4073275862068966,0.6650883431941039,True,
3087,0.23945082221532735,0.49011985746679626,1513,0.40759698275862066,0.6643545871399028,True,
3088,0.23952838969903817,0.49028497409326427,1514,0.4078663793103448,0.6642853722967984,True,
3098,0.24030406453614644,0.49128469980632666,1522,0.41002155172413796,0.6640712607158205,True,
3102,0.24061433447098976,0.49161831076724694,1525,0.41082974137931033,0.6640376473623882,True,
3104,0.2407694694384114,0.49162371134020616,1526,0.4110991379310345,0.6638725885780411,True,
3105,0.24084703692212225,0.49146537842190013,1526,0.4110991379310345,0.6637158112912637,True,
3106,0.24092460440583308,0.49130714745653575,1526,0.4110991379310345,0.6636031608105465,True,
3108,0.24107973937325472,0.49099099099099097,1526,0.4110991379310345,0.6635831633448029,True,
3115,0.24162271175923053,0.4911717495987159,1530,0.41217672413793105,0.6633335228581632,True,
3116,0.24170027924294135,0.4910141206675225,1530,0.41217672413793105,0.6632449830527535,True,
3119,0.24193298169407385,0.4908624559153575,1531,0.4124461206896552,0.6631614196859216,True,
3122,0.24216568414520634,0.4910313901345291,1533,0.4129849137931034,0.6630975959726231,True,
3125,0.2423983865963388,0.49088,1534,0.41325431034482757,0.6628726720035895,True,
3126,0.24247595408004965,0.490722968650032,1534,0.41325431034482757,0.6627926273097542,True,
3130,0.24278622401489297,0.4904153354632588,1535,0.4135237068965517,0.6624145003416642,True,
3131,0.2428637914986038,0.4902587032896838,1535,0.4135237068965517,0.6622623860846897,True,
3133,0.24301892646602544,0.4899457389083945,1535,0.4135237068965517,0.6622575003151318,True,
3134,0.24309649394973626,0.48978940650925334,1535,0.4135237068965517,0.66210563753709,True,
3135,0.2431740614334471,0.48963317384370014,1535,0.4135237068965517,0.6618789270928708,True,
3138,0.24340676388457957,0.4894837476099426,1536,0.41379310344827586,0.661287726311799,True,
3139,0.24348433136829042,0.489327811404906,1536,0.41379310344827586,0.6611700380686226,True,
3140,0.24356189885200125,0.489171974522293,1536,0.41379310344827586,0.6611620007845747,True,
3141,0.24363946633571207,0.4890162368672397,1536,0.41379310344827586,0.6608133130349746,True,
3145,0.24394973627055538,0.4890302066772655,1538,0.41433189655172414,0.6605523954665754,True,
3147,0.24410487123797703,0.4890371782650143,1539,0.4146012931034483,0.6601176519223363,True,
3150,0.24433757368910952,0.4888888888888889,1540,0.41487068965517243,0.6598741468997243,True,
3151,0.24441514117282034,0.48873373532211994,1540,0.41487068965517243,0.6598523869705947,True,
3152,0.2444927086565312,0.4885786802030457,1540,0.41487068965517243,0.6591931861484442,True,
3153,0.24457027614024202,0.48842372343799556,1540,0.41487068965517243,0.6590804522578853,True,
3157,0.24488054607508533,0.4878048780487805,1540,0.41487068965517243,0.6587399502019231,True,
3158,0.24495811355879615,0.48796706776440785,1541,0.4151400862068966,0.6584392591251066,True,
3165,0.24550108594477196,0.4878357030015798,1544,0.41594827586206895,0.6584093929431657,True,
3166,0.24557865342848278,0.48799747315224257,1545,0.4162176724137931,0.6583435312242184,True,
3167,0.2456562209121936,0.4878433849068519,1545,0.4162176724137931,0.6582836155512761,True,
3169,0.24581135587961528,0.4878510571158094,1546,0.41648706896551724,0.6582736110746911,True,
3172,0.24604405833074774,0.48738965952080704,1546,0.41648706896551724,0.6580858840900405,True,
3173,0.24612162581445857,0.4875512133627482,1547,0.4167564655172414,0.6580546608076084,True,
3175,0.24627676078188024,0.48724409448818895,1547,0.4167564655172414,0.6579571285504784,True,
3176,0.24635432826559106,0.4870906801007557,1547,0.4167564655172414,0.6579405171260543,True,
3177,0.24643189574930188,0.48693736229146994,1547,0.4167564655172414,0.6576857455654256,True,
3183,0.24689730065156687,0.4866478165252906,1549,0.41729525862068967,0.6576497208076664,True,
3184,0.2469748681352777,0.48680904522613067,1550,0.4175646551724138,0.6574286049295844,True,
3185,0.24705243561898851,0.48665620094191525,1550,0.4175646551724138,0.657401888302928,True,
3188,0.247285138070121,0.48651191969887075,1551,0.41783405172413796,0.6573542798323029,True,
3191,0.2475178405212535,0.48636790974616106,1552,0.41810344827586204,0.6573520939165769,True,
3216,0.2494570276140242,0.4841417910447761,1557,0.41945043103448276,0.6572017087189611,True,
3217,0.24953459509773504,0.4839912962387317,1557,0.41945043103448276,0.6571873401535996,True,
3218,0.24961216258144586,0.4838408949658173,1557,0.41945043103448276,0.6570587205321364,True,
3224,0.25007756748371085,0.483560794044665,1559,0.41998922413793105,0.6570430161258141,True,
3225,0.25015513496742164,0.48372093023255813,1560,0.4202586206896552,0.6567755485919958,True,
3228,0.25038783741855414,0.4838909541511772,1562,0.4207974137931034,0.6566665534522387,True,
3229,0.250465404902265,0.4837410963146485,1562,0.4207974137931034,0.6566566176590589,True,
3230,0.2505429723859758,0.4839009287925697,1563,0.42106681034482757,0.6563790358631307,True,
3235,0.2509308098045299,0.484080370942813,1566,0.421875,0.6562389138995446,True,
3236,0.25100837728824077,0.48393077873918416,1566,0.421875,0.6562147128163012,True,
3237,0.2510859447719516,0.48378127896200185,1566,0.421875,0.6559864501725841,True,
3241,0.2513962147067949,0.4831842024066646,1566,0.421875,0.655881039219331,True,
3242,0.25147378219050576,0.48303516347933373,1566,0.421875,0.6558312601751357,True,
3259,0.2527924294135898,0.4820497084995397,1571,0.42322198275862066,0.6558295000720045,True,
3262,0.2530251318647223,0.4822194972409565,1573,0.42376077586206895,0.655749787427406,True,
3263,0.25310269934843316,0.482378179589335,1574,0.4240301724137931,0.6557124901243329,True,
3269,0.2535681042506981,0.482104619149587,1576,0.4245689655172414,0.6556009285314561,True,
3271,0.2537232392181198,0.4821155609905228,1577,0.4248383620689655,0.6552164764740869,True,
3272,0.2538008067018306,0.48227383863080686,1578,0.42510775862068967,0.6551969231805869,True,
3275,0.2540335091529631,0.4818320610687023,1578,0.42510775862068967,0.6546936794244924,True,
3276,0.2541110766366739,0.481990231990232,1579,0.4253771551724138,0.6544388320071072,True,
3286,0.2548867514737822,0.48234936092513697,1585,0.4269935344827586,0.6540428076103629,True,
3288,0.25504188644120385,0.48266423357664234,1587,0.4275323275862069,0.6535554740978193,True,
3290,0.2551970214086255,0.4826747720364742,1588,0.42780172413793105,0.6531482336704032,True,
3291,0.25527458889233634,0.48283196596779093,1589,0.4280711206896552,0.6526965818227256,True,
3296,0.2556624263108905,0.48270631067961167,1591,0.4286099137931034,0.6524177323980721,True,
3297,0.25573999379460133,0.48286320897785867,1592,0.42887931034482757,0.6518440481462356,True,
3298,0.2558175612783121,0.48271679805942996,1592,0.42887931034482757,0.6518239519489729,True,
3301,0.2560502637294446,0.48288397455316573,1594,0.42941810344827586,0.6517601052219137,True,
3302,0.25612783121315547,0.48273773470623865,1594,0.42941810344827586,0.6515048925529074,True,
3305,0.2563605336642879,0.48229954614220877,1594,0.42941810344827586,0.6513900271548965,True,
3307,0.2565156686317096,0.4823102509827638,1595,0.4296875,0.6513168281403817,True,
3311,0.2568259385665529,0.4823316218665056,1597,0.4302262931034483,0.6508167258263154,True,
3312,0.25690350605026374,0.482487922705314,1598,0.43049568965517243,0.6504355230870271,True,
3315,0.25713620850139624,0.48265460030165913,1600,0.43103448275862066,0.6504080794778283,True,
3316,0.25721377598510703,0.482810615199035,1601,0.4313038793103448,0.6503307104625261,True,
3322,0.257679180887372,0.48344370860927155,1606,0.4326508620689655,0.6501041681294439,True,
3327,0.25806701830592615,0.4833183047790803,1608,0.4331896551724138,0.6498009267770173,True,
3329,0.2582221532733478,0.48302793631721236,1608,0.4331896551724138,0.6497516434056149,True,
3330,0.25829972075705865,0.4831831831831832,1609,0.43345905172413796,0.6496005535142957,True,
3332,0.2584548557244803,0.48289315726290516,1609,0.43345905172413796,0.649596871261971,True,
3334,0.25860999069190194,0.48320335932813435,1611,0.4339978448275862,0.6491994594338018,True,
3335,0.2586875581756128,0.48305847076461766,1611,0.4339978448275862,0.6489181705533782,True,
3337,0.25884269314303443,0.4827689541504345,1611,0.4339978448275862,0.6484861459719221,True,
3339,0.2589978281104561,0.4827792752321054,1612,0.43426724137931033,0.6484407091092859,True,
3340,0.2590753955941669,0.48263473053892214,1612,0.43426724137931033,0.6483843408117447,True,
3341,0.2591529630778778,0.48278958395689914,1613,0.4345366379310345,0.6482096322238929,True,
3349,0.2597735029475644,0.48253209913406986,1616,0.4353448275862069,0.6480440561671108,True,
3356,0.2603164753335402,0.4821215733015495,1618,0.4358836206896552,0.6477491444387652,True,
3357,0.260394042817251,0.4819779565087876,1618,0.4358836206896552,0.6474972962786956,True,
3363,0.26085944771951597,0.4817127564674398,1620,0.4364224137931034,0.6473955372617745,True,
3368,0.2612472851380701,0.4821852731591449,1624,0.4375,0.6472737425077858,True,
3369,0.26132485262178096,0.48204214900563963,1624,0.4375,0.647240478547948,True,
3388,0.2627986348122867,0.4817001180637544,1632,0.4396551724137931,0.6470898121980111,True,
3389,0.2628762022959975,0.48155798170551783,1632,0.4396551724137931,0.647024647239479,True,
3390,0.26295376977970836,0.4814159292035398,1632,0.4396551724137931,0.6468769071100895,True,
3419,0.2652032268073224,0.47996490201813397,1641,0.44207974137931033,0.646860402859228,True,
3422,0.26543592925845483,0.4798363530099357,1642,0.4423491379310345,0.6468208709871219,True,
3423,0.2655134967421657,0.47969617294770667,1642,0.4423491379310345,0.6466661235480744,True,
3425,0.2656686317095873,0.47941605839416057,1642,0.4423491379310345,0.6464184766004308,True,
3427,0.265823766677009,0.4794280711992997,1643,0.4426185344827586,0.6461250006384016,True,
3428,0.2659013341607198,0.4792882147024504,1643,0.4426185344827586,0.6460979487235317,True,
3430,0.26605646912814146,0.4793002915451895,1644,0.44288793103448276,0.6453583086025637,True,
3454,0.26791808873720135,0.4785755645628257,1653,0.4453125,0.6450293046219732,True,
3457,0.26815079118833385,0.4781602545559734,1653,0.4453125,0.6450277374336724,True,
3478,0.26977970834626125,0.4769982748706153,1659,0.4469288793103448,0.6450213596946116,True,
3481,0.27001241079739374,0.47687446136167766,1660,0.44719827586206895,0.6446054979809444,True,
3488,0.2705553831833695,0.4764908256880734,1662,0.44773706896551724,0.6444672199793353,True,
3491,0.270788085634502,0.47608135204812374,1662,0.44773706896551724,0.6442588865096102,True,
3494,0.2710207880856345,0.47595878649112766,1663,0.4480064655172414,0.6440397599799547,True,
3495,0.2710983555693453,0.47582260371959945,1663,0.4480064655172414,0.6436404275561457,True,
3496,0.27117592305305616,0.47568649885583525,1663,0.4480064655172414,0.6434992489447732,True,
3497,0.271253490536767,0.4755504718329997,1663,0.4480064655172414,0.6424169345676422,True,
3498,0.2713310580204778,0.4754145225843339,1663,0.4480064655172414,0.6421555862575973,True,
3499,0.27140862550418865,0.47556444698485284,1664,0.4482758620689655,0.6420624443048706,True,
3501,0.2715637604716103,0.4755784061696658,1665,0.44854525862068967,0.6417047999452581,True,
3503,0.27171889543903194,0.47559234941478734,1666,0.4488146551724138,0.6416067092462667,True,
3504,0.2717964629227428,0.4757420091324201,1667,0.44908405172413796,0.6413129205750655,True,
3505,0.27187403040645364,0.47560627674750355,1667,0.44908405172413796,0.6412594498135812,True,
3523,0.27327024511324854,0.47374396820891285,1669,0.4496228448275862,0.6408945948468213,True,
3535,0.27420105491777846,0.47326732673267324,1673,0.45070043103448276,0.6408748228218111,True,
3555,0.275752404591995,0.47144866385372713,1676,0.4515086206896552,0.640591249468049,True,
3581,0.27776915916847655,0.46970120078190447,1682,0.453125,0.6402490719244611,True,
3597,0.2790102389078498,0.469557964970809,1689,0.45501077586206895,0.6397061813384994,True,
3599,0.27916537387527146,0.46985273687135315,1691,0.45554956896551724,0.639545924008683,True,
3604,0.27955321129382565,0.4700332963374029,1694,0.45635775862068967,0.6393570520230573,True,
3616,0.2804840210983556,0.46875,1695,0.4566271551724138,0.6389449921306671,True,
3622,0.28094942600062056,0.46824958586416343,1696,0.45689655172413796,0.6384231212059931,True,
3624,0.2811045609680422,0.46799116997792495,1696,0.45689655172413796,0.6378586702038829,True,
3644,0.28265591064225876,0.4673435784851811,1703,0.4587823275862069,0.6376390924223754,True,
3651,0.28319888302823454,0.4672692413037524,1706,0.45959051724137934,0.6372999874717118,True,
3671,0.28475023270245114,0.46581312993734675,1710,0.46066810344827586,0.6372262630195805,True,
3672,0.28482780018616194,0.46568627450980393,1710,0.46066810344827586,0.6372011335002993,True,
3675,0.28506050263729443,0.46530612244897956,1710,0.46066810344827586,0.6369777789025954,True,
3676,0.2851380701210053,0.46517954298150166,1710,0.46066810344827586,0.6366883059480677,True,
3679,0.2853707725721378,0.4650720304430552,1711,0.4609375,0.6363238112763062,True,
3692,0.28637914986037855,0.46424702058504874,1714,0.46174568965517243,0.6361973061105001,True,
3696,0.28668941979522183,0.4642857142857143,1716,0.46228448275862066,0.6360887537327933,True,
3697,0.2867669872789327,0.46443061942115227,1717,0.4625538793103448,0.6360288905755509,True,
3698,0.2868445547626435,0.46430502974580856,1717,0.4625538793103448,0.6358999748909957,True,
3702,0.2871548246974868,0.46407347379794706,1718,0.46282327586206895,0.6356523885891776,True,
3706,0.2874650946323301,0.46465191581219645,1722,0.4639008620689655,0.6355268133463076,True,
3707,0.28754266211604096,0.464796331265174,1723,0.46417025862068967,0.635522298775915,True,
3711,0.28785293205088425,0.4648342764753436,1725,0.46470905172413796,0.6352064460234057,True,
3712,0.2879304995345951,0.46470905172413796,1725,0.46470905172413796,0.6349519946169806,True,
3713,0.28800806701830595,0.46458389442499326,1725,0.46470905172413796,0.634922317304995,True,
3715,0.2881632019857276,0.46433378196500674,1725,0.46470905172413796,0.6347460369267128,True,
3716,0.2882407694694384,0.4642088266953714,1725,0.46470905172413796,0.6346227599771646,True,
3718,0.2883959044368601,0.46449704142011833,1727,0.4652478448275862,0.6345917015606427,True,
3728,0.28917157927396836,0.4637875536480687,1729,0.4657866379310345,0.6343178834751722,True,
3729,0.28924914675767915,0.4636631804773398,1729,0.4657866379310345,0.6335863181218496,True,
3732,0.28948184920881165,0.46355841371918544,1730,0.4660560344827586,0.6335087557961732,True,
3733,0.2895594166925225,0.4637021162603804,1731,0.46632543103448276,0.6333006486846433,True,
3737,0.2898696866273658,0.46347337436446345,1732,0.4665948275862069,0.6332871437462425,True,
3738,0.28994725411107664,0.4633493846976993,1732,0.4665948275862069,0.6332198807691307,True,
3743,0.2903350915296308,0.4629975955116217,1733,0.46686422413793105,0.6329129901201613,True,
3744,0.2904126590133416,0.46287393162393164,1733,0.46686422413793105,0.6326989818095629,True,
3748,0.2907229289481849,0.4629135538954109,1735,0.46740301724137934,0.6326817685032384,True,
3749,0.29080049643189576,0.46279007735396105,1735,0.46740301724137934,0.6324431252934257,True,
3751,0.2909556313993174,0.4628099173553719,1736,0.4676724137931034,0.6324319485375282,True,
3774,0.29273968352466645,0.4615792262851086,1742,0.4692887931034483,0.6320371799362499,True,
3786,0.2936704933291964,0.4609086106708928,1745,0.47009698275862066,0.6318570107724318,True,
3791,0.29405833074775056,0.4608282774993405,1747,0.47063577586206895,0.6318273785081524,True,
3792,0.29413589823146136,0.4607067510548523,1747,0.47063577586206895,0.6317737885293818,True,
3808,0.2953769779708346,0.45982142857142855,1751,0.4717133620689655,0.6313166936263647,True,
3810,0.29553211293825626,0.45984251968503936,1752,0.47198275862068967,0.631297744573224,True,
3819,0.29623022029165375,0.45928253469494634,1754,0.47252155172413796,0.6312858647586503,True,
3828,0.29692832764505117,0.4592476489028213,1758,0.4735991379310345,0.6311976659040303,True,
3834,0.29739373254731616,0.458528951486698,1758,0.4735991379310345,0.6309232076224042,True,
3839,0.2977815699658703,0.4589736910653816,1762,0.47467672413793105,0.6308796357025251,True,
3848,0.2984796773192678,0.4584199584199584,1764,0.47521551724137934,0.6305863584979366,True,
3851,0.29871237977040027,0.4585821864450792,1766,0.47575431034482757,0.6305760225743698,True,
3858,0.29925535215637605,0.4585277345775013,1769,0.4765625,0.6303190150596752,True,
3862,0.29956562209121934,0.4590885551527706,1773,0.4776400862068966,0.6302675672923584,True,
3873,0.30041886441203847,0.45907565194939326,1778,0.47898706896551724,0.6302228299066464,True,
3876,0.30065156686317096,0.45897832817337464,1779,0.4792564655172414,0.6294459235863128,True,
3878,0.3008067018305926,0.4589994842702424,1780,0.4795258620689655,0.6294284880806129,True,
3879,0.30088426931430345,0.4588811549368394,1780,0.4795258620689655,0.6289197630933588,True,
3880,0.30096183679801425,0.4587628865979381,1780,0.4795258620689655,0.6282994915253989,True,
3899,0.30243561898852,0.45832264683252116,1787,0.4814116379310345,0.627758708960141,True,
3912,0.3034439962767608,0.45807770961145194,1792,0.4827586206896552,0.6276981133949325,True,
3916,0.3037542662116041,0.458120531154239,1794,0.4832974137931034,0.6276836474029264,True,
3917,0.3038318336953149,0.4580035741639009,1794,0.4832974137931034,0.6276525069559025,True,
3928,0.30468507601613404,0.45773930753564157,1798,0.484375,0.6276095864305056,True,
3940,0.30561588582066396,0.4571065989847716,1801,0.48518318965517243,0.6275195920510604,True,
3943,0.30584858827179645,0.4572660410854679,1803,0.48572198275862066,0.6274970593845907,True,
3954,0.3067018305926156,0.45725847243297923,1808,0.4870689655172414,0.62697409681291,True,
3975,0.308330747750543,0.4568553459119497,1816,0.4892241379310345,0.6268864142257933,True,
3977,0.3084858827179646,0.4566255971838069,1816,0.4892241379310345,0.6268504823870797,True,
3981,0.30879615265280796,0.45692037176588796,1819,0.4900323275862069,0.6264178078730099,True,
3985,0.30910642258765125,0.45671267252195735,1820,0.49030172413793105,0.6261637130221566,True,
3993,0.3097269624573379,0.4567993989481593,1824,0.49137931034482757,0.6258347208951546,True,
3994,0.30980452994104873,0.45668502754131196,1824,0.49137931034482757,0.6257353808861876,True,
3997,0.3100372323921812,0.4568426319739805,1826,0.49191810344827586,0.6241369559629858,True,
4002,0.31042506981073537,0.4567716141929036,1828,0.49245689655172414,0.6239356280122771,True,
4013,0.31127831213155444,0.45626713182157985,1831,0.4932650862068966,0.623782205085511,True,
4021,0.31189885200124107,0.45585675205172843,1833,0.4938038793103448,0.623631213825779,True,
4033,0.31282966180577104,0.4554921894371436,1837,0.4948814655172414,0.6235316900075927,True,
4051,0.31422587651256595,0.454949395211059,1843,0.4964978448275862,0.6232147778425677,True,
4060,0.3149239838659634,0.45517241379310347,1848,0.4978448275862069,0.622396479386935,True,
4062,0.315079118833385,0.4551944854751354,1849,0.49811422413793105,0.6223548142376557,True,
4079,0.31639776605646913,0.4550134836969846,1856,0.5,0.6212007787464964,True,
4080,0.31647533354018,0.4549019607843137,1856,0.5,0.6208936678665753,True,
4090,0.31725100837728826,0.4545232273838631,1859,0.5008081896551724,0.6207410818957979,True,
4092,0.3174061433447099,0.45454545454545453,1860,0.5010775862068966,0.6206218735276963,True,
4099,0.3179491157306857,0.4545010978287387,1863,0.501885775862069,0.6198695365916091,True,
4100,0.31802668321439653,0.45439024390243904,1863,0.501885775862069,0.6195173161694566,True,
4124,0.3198883028234564,0.4551406401551891,1877,0.5056573275862069,0.6195133001437003,True,
4126,0.32004343779087807,0.454920019389239,1877,0.5056573275862069,0.6193723440692863,True,
4127,0.32012100527458887,0.4548097891931185,1877,0.5056573275862069,0.6190383838638265,True,
4149,0.3218274899162271,0.45480838756326825,1887,0.5083512931034483,0.6190357453135725,True,
4151,0.32198262488364876,0.45458925560106,1887,0.5083512931034483,0.6186749957245494,True,
4156,0.3223704623022029,0.45452358036573626,1889,0.5088900862068966,0.6182394722753171,True,
4160,0.32268073223704624,0.45408653846153846,1889,0.5088900862068966,0.6181487952937871,True,
4167,0.323223704623022,0.45428365730741543,1893,0.5099676724137931,0.6179635172019236,True,
4170,0.3234564070741545,0.4541966426858513,1894,0.5102370689655172,0.6176078911010467,True,
4171,0.32353397455786537,0.454087748741309,1894,0.5102370689655172,0.617017235755616,True,
4191,0.3250853242320819,0.4540682414698163,1903,0.5126616379310345,0.6166316691379045,True,
4193,0.32524045919950356,0.4538516575244455,1903,0.5126616379310345,0.6164521287172597,True,
4194,0.3253180266832144,0.4537434430138293,1903,0.5126616379310345,0.616047285237606,True,
4195,0.3253955941669252,0.4536352800953516,1903,0.5126616379310345,0.6155170265986714,True,
4196,0.32547316165063606,0.45376549094375596,1904,0.5129310344827587,0.6153429050830832,True,
4204,0.3260937015203227,0.45337773549000954,1906,0.5134698275862069,0.6148985091731348,True,
4207,0.3263264039714552,0.4537675303066318,1909,0.5142780172413793,0.6147105138170905,True,
4210,0.3265591064225877,0.4534441805225653,1909,0.5142780172413793,0.6147023395836784,True,
4212,0.3267142413900093,0.45322886989553657,1909,0.5142780172413793,0.6144456404265412,True,
4216,0.3270245113248526,0.4527988614800759,1909,0.5142780172413793,0.61411869143844,True,
4236,0.3285758609990692,0.4516052880075543,1913,0.5153556034482759,0.613283526073333,True,
4239,0.32880856345020165,0.45128568058504365,1913,0.5153556034482759,0.6132692410659096,True,
4242,0.32904126590133415,0.450966525223951,1913,0.5153556034482759,0.6128592788913566,True,
4257,0.3302047781569966,0.4510218463706836,1920,0.5172413793103449,0.6120984002264285,True,
4265,0.3308253180266832,0.4511137162954279,1924,0.5183189655172413,0.6119280106049296,True,
4294,0.3330747750542972,0.44993013507219376,1932,0.5204741379310345,0.6105052163100828,True,
4298,0.33338504498914057,0.4499767333643555,1934,0.5210129310344828,0.6103167270276567,True,
4327,0.3356345020167546,0.4485786919343656,1941,0.5228987068965517,0.6102790638931597,True,
4332,0.33602233943530874,0.44829178208679593,1942,0.5231681034482759,0.609784089220255,True,
4334,0.3361774744027304,0.44808491001384404,1942,0.5231681034482759,0.6097368926494438,True,
4343,0.3368755817561278,0.4476168547087267,1944,0.5237068965517241,0.6093631633366189,True,
4368,0.33881476884889855,0.44711538461538464,1953,0.5261314655172413,0.60906373326644,True,
4373,0.3392026062674527,0.44706151383489595,1955,0.5266702586206896,0.608999992858141,True,
4377,0.339512876202296,0.44665295864747545,1955,0.5266702586206896,0.6087138729495101,True,
4378,0.3395904436860068,0.4465509365006852,1955,0.5266702586206896,0.608504700272598,True,
4383,0.33997828110456096,0.4462696783025325,1956,0.5269396551724138,0.6080823700878808,True,
4384,0.3400558485882718,0.44616788321167883,1956,0.5269396551724138,0.6076706629069737,True,
4386,0.34021098355569346,0.44596443228454175,1956,0.5269396551724138,0.6067119233917229,True,
4387,0.3402885510394043,0.4458627763847732,1956,0.5269396551724138,0.6064348707273093,True,
4388,0.3403661185231151,0.4457611668185962,1956,0.5269396551724138,0.6060092289090497,True,
4390,0.34052125349053675,0.44555808656036444,1956,0.5269396551724138,0.6047614294500905,True,
4417,0.34261557555072913,0.4448720851256509,1965,0.529364224137931,0.6046652502220445,True,
4434,0.3439342227738132,0.4445196211096076,1971,0.5309806034482759,0.6042958293742221,True,
4437,0.3441669252249457,0.44421906693711966,1971,0.5309806034482759,0.6041398972712828,True,
4441,0.34447719515978903,0.44381895969376267,1971,0.5309806034482759,0.6036789523489536,True,
4466,0.3464163822525597,0.44290192566054637,1978,0.5328663793103449,0.6032502136966421,True,
4496,0.3487434067638846,0.4423932384341637,1989,0.5358297413793104,0.602869497081806,True,
4497,0.3488209742475954,0.44229486324216144,1989,0.5358297413793104,0.602856472317386,True,
4502,0.34920881166614953,0.4420257663260773,1990,0.5360991379310345,0.6027736685204254,True,
4506,0.3495190816009929,0.44185530403905904,1991,0.5363685344827587,0.6026683871722869,True,
4507,0.34959664908470367,0.4419791435544708,1992,0.5366379310344828,0.602552328301416,True,
4508,0.3496742165684145,0.4418811002661934,1992,0.5366379310344828,0.6019883094741355,True,
4510,0.34982935153583616,0.44168514412416854,1992,0.5366379310344828,0.6009378977119234,True,
4511,0.349906919019547,0.44180891154954555,1993,0.5369073275862069,0.600094177888913,True,
4512,0.3499844865032578,0.4417109929078014,1993,0.5369073275862069,0.5994750479874579,True,
4513,0.35006205398696866,0.4416131176600931,1993,0.5369073275862069,0.5981912240808589,True,
4516,0.35029475643810115,0.44154118689105404,1994,0.537176724137931,0.5972798045527709,True,
4517,0.350372323921812,0.44144343590878904,1994,0.537176724137931,0.5970678970368384,True,
4518,0.3504498914055228,0.44134572819831785,1994,0.537176724137931,0.5968700737011663,True,
4546,0.352621780949426,0.4412670479542455,2006,0.5404094827586207,0.5966386505391156,True,
4548,0.3527769159168477,0.4412928759894459,2007,0.5406788793103449,0.5965257315031576,True,
4551,0.3530096183679801,0.44100197758734344,2007,0.5406788793103449,0.5956843573504206,True,
4552,0.35308718585169097,0.44112478031634444,2008,0.540948275862069,0.595185441207484,True,
4553,0.3531647533354018,0.4412475291016912,2009,0.5412176724137931,0.5939939857707947,True,
4554,0.3532423208191126,0.4411506368028107,2009,0.5412176724137931,0.5935172318535127,True,
4559,0.35363015823766675,0.44088615924544855,2010,0.5414870689655172,0.5934692076526995,True,
4562,0.35386286068879924,0.44059622972380535,2010,0.5414870689655172,0.5923985452067164,True,
4563,0.3539404281725101,0.44049967126890205,2010,0.5414870689655172,0.5923588065219417,True,
4564,0.3540179956562209,0.4404031551270815,2010,0.5414870689655172,0.5923497191944531,True,
4588,0.3558796152652808,0.4404969485614647,2021,0.5444504310344828,0.5917308566699215,True,
4594,0.35634502016754577,0.4401393121462778,2022,0.5447198275862069,0.5913248106730773,True,
4595,0.3564225876512566,0.44004352557127313,2022,0.5447198275862069,0.590530034869944,True,
4601,0.35688799255352155,0.43990436861551835,2024,0.5452586206896551,0.5903642187986022,True,
4602,0.3569655600372324,0.4398087787918296,2024,0.5452586206896551,0.5898243066412281,True,
4604,0.35712069500465404,0.43961772371850566,2024,0.5452586206896551,0.5894991938193545,True,
4606,0.3572758299720757,0.43964394268345636,2025,0.5455280172413793,0.5894754098676015,True,
4607,0.35735339745578654,0.4395485131321901,2025,0.5455280172413793,0.589136194210204,True,
4608,0.3574309649394974,0.439453125,2025,0.5455280172413793,0.5891011150386395,True,
4612,0.3577412348743407,0.4392888117953166,2026,0.5457974137931034,0.5887194309060901,True,
4615,0.35797393732547317,0.4390032502708559,2026,0.5457974137931034,0.587778316110136,True,
4616,0.35805150480918396,0.43890814558058927,2026,0.5457974137931034,0.5876844653096948,True,
4625,0.35874961216258144,0.43848648648648647,2028,0.5463362068965517,0.5870642728708924,True,
4629,0.35905988209742473,0.43832361201123354,2029,0.5466056034482759,0.58702939569684,True,
4631,0.35921501706484643,0.4385661844094148,2031,0.5471443965517241,0.5861956687228504,True,
4632,0.3592925845485572,0.4384715025906736,2031,0.5471443965517241,0.5860937490343756,True,
4634,0.3594477195159789,0.4384980578334053,2032,0.5474137931034483,0.5848830606116266,True,
4635,0.3595252869996897,0.438403451995685,2032,0.5474137931034483,0.5843492094101739,True,
4637,0.35968042196711136,0.4384300194091007,2033,0.5476831896551724,0.5843134011255129,True,
4639,0.35983555693453306,0.4384565639146368,2034,0.5479525862068966,0.5830112845480045,True,
4642,0.36006825938566556,0.43817320120637654,2034,0.5479525862068966,0.5828550270224075,True,
4648,0.3605336642879305,0.43782271944922546,2035,0.5482219827586207,0.5825147788276435,True,
4653,0.3609215017064846,0.4373522458628842,2035,0.5482219827586207,0.5824368304444226,True,
4655,0.3610766366739063,0.4371643394199785,2035,0.5482219827586207,0.5817860498925289,True,
4660,0.36146447409246046,0.4369098712446352,2036,0.5484913793103449,0.5816471042796149,True,
4661,0.36154204157617126,0.4368161338768505,2036,0.5484913793103449,0.5805880692048401,True,
4663,0.3616971765435929,0.4366287797555222,2036,0.5484913793103449,0.580468625439971,True,
4680,0.363015823766677,0.4354700854700855,2038,0.5490301724137931,0.58046668168829,True,
4682,0.36317095873409866,0.4354976505766766,2039,0.5492995689655172,0.580403202605845,True,
4684,0.3633260937015203,0.4353116994022203,2039,0.5492995689655172,0.5801297399358437,True,
4685,0.36340366118523115,0.4352187833511206,2039,0.5492995689655172,0.5801244411603612,True,
4703,0.36479987589202606,0.43376568147990646,2040,0.5495689655172413,0.5801145797582643,True,
4707,0.3651101458268694,0.4336095177395369,2041,0.5498383620689655,0.5791714434070119,True,
4709,0.36526528079429105,0.4336377150138034,2042,0.5501077586206896,0.5788141575019535,True,
4710,0.36534284827800184,0.4335456475583864,2042,0.5501077586206896,0.5786257591522923,True,
4711,0.3654204157617127,0.43345361918913183,2042,0.5501077586206896,0.5786099194115518,True,
4712,0.36549798324542354,0.4333616298811545,2042,0.5501077586206896,0.5784676221307421,True,
4713,0.36557555072913434,0.4332696796095905,2042,0.5501077586206896,0.578339194877264,True,
4714,0.3656531182128452,0.4331777683495969,2042,0.5501077586206896,0.5780178250213955,True,
4715,0.365730685696556,0.4332979851537646,2043,0.5503771551724138,0.5769766783868694,True,
4718,0.3659633881476885,0.43302246714709625,2043,0.5503771551724138,0.5766806441699438,True,
4719,0.3660409556313993,0.43293070565797837,2043,0.5503771551724138,0.5766634596372864,True,
4720,0.3661185231151102,0.4330508474576271,2044,0.5506465517241379,0.5766418461944371,True,
4723,0.3663512255662426,0.43298750793986873,2045,0.5509159482758621,0.5765304747261892,True,
4728,0.36673906298479675,0.43252961082910324,2045,0.5509159482758621,0.5760736469289744,True,
4730,0.36689419795221845,0.4323467230443975,2045,0.5509159482758621,0.5756637248229867,True,
4745,0.36805771020788086,0.43161222339304534,2048,0.5517241379310345,0.5750477459602342,True,
4746,0.3681352776915917,0.4315212810788032,2048,0.5517241379310345,0.5749773490092943,True,
4752,0.36860068259385664,0.4316077441077441,2051,0.5525323275862069,0.5740989548200465,True,
4753,0.3686782500775675,0.43151693667157587,2051,0.5525323275862069,0.5737102595737447,True,
4754,0.3687558175612783,0.431426167437947,2051,0.5525323275862069,0.5727751847527885,True,
4756,0.3689109525287,0.4314550042052145,2052,0.552801724137931,0.5727151381107548,True,
4757,0.3689885200124108,0.4313643052343914,2052,0.552801724137931,0.572347140777262,True,
4759,0.3691436549798325,0.43139314982139104,2053,0.5530711206896551,0.5722094983685634,True,
4760,0.3692212224635433,0.4313025210084034,2053,0.5530711206896551,0.5718266922383552,True,
4762,0.3693763574309649,0.43112137757244856,2053,0.5530711206896551,0.5715753810629587,True,
4763,0.36945392491467577,0.43103086290153264,2053,0.5530711206896551,0.5715364894153371,True,
4764,0.3695314923983866,0.43094038623005876,2053,0.5530711206896551,0.571377918415287,True,
4777,0.3705398696866274,0.43018630939920455,2055,0.5536099137931034,0.5712580930387727,True,
4793,0.3717809494260006,0.4291675359899854,2057,0.5541487068965517,0.5697866099036739,True,
4794,0.37185851690971145,0.4292866082603254,2058,0.5544181034482759,0.5693713700823398,True,
4795,0.3719360843934223,0.4291970802919708,2058,0.5544181034482759,0.5693266341540185,True,
4796,0.3720136518771331,0.42931609674728943,2059,0.5546875,0.568774860858001,True,
4797,0.37209121936084394,0.42922659995830725,2059,0.5546875,0.5676857177253777,True,
4798,0.3721687868445548,0.429137140475198,2059,0.5546875,0.5668038642363072,True,
4799,0.3722463543282656,0.4292560950197958,2060,0.5549568965517241,0.5661184431237397,True,
4802,0.3724790567793981,0.42919616826322365,2061,0.5552262931034483,0.5648972069984165,True,
4807,0.3728668941979522,0.4287497399625546,2061,0.5552262931034483,0.5642061937766426,True,
4808,0.37294446168166306,0.4286605657237937,2061,0.5552262931034483,0.5631529999426952,True,
4809,0.37302202916537386,0.42857142857142855,2061,0.5552262931034483,0.5626863565748849,True,
4811,0.37317716413279556,0.42839326543338185,2061,0.5552262931034483,0.5624478391391566,True,
4815,0.37348743406763885,0.42824506749740393,2062,0.5554956896551724,0.5624162968730761,True,
4832,0.3748060812907229,0.427773178807947,2067,0.5568426724137931,0.5623826020835013,True,
4835,0.3750387837418554,0.4277145811789038,2068,0.5571120689655172,0.5622719330435135,True,
4836,0.37511635122556625,0.42783291976840365,2069,0.5573814655172413,0.5613764419688819,True,
4849,0.376124728513807,0.42730459888636835,2072,0.5581896551724138,0.5606727551543539,True,
4850,0.37620229599751787,0.42721649484536084,2072,0.5581896551724138,0.5597782522885169,True,
4857,0.37674526838349365,0.42721844760140004,2075,0.5589978448275862,0.5596506702643873,True,
4861,0.37705553831833694,0.42707261880271546,2076,0.5592672413793104,0.5588088520540342,True,
4862,0.3771331058020478,0.4269847799259564,2076,0.5592672413793104,0.556944009978645,True,
4876,0.3782190505739994,0.4265791632485644,2080,0.5603448275862069,0.5551507098948112,True,
4878,0.37837418554142105,0.4266092660926609,2081,0.560614224137931,0.5548620198773152,True,
4879,0.37845175302513184,0.42672678827628613,2082,0.5608836206896551,0.5547490415348978,True,
4886,0.3789947254111077,0.42611543184609085,2082,0.5608836206896551,0.5546263598173139,True,
4887,0.3790722928948185,0.42602823818293434,2082,0.5608836206896551,0.5545377408151383,True,
4890,0.37930499534595097,0.4259713701431493,2083,0.5611530172413793,0.5543269220757291,True,
4891,0.3793825628296618,0.42608873441014106,2084,0.5614224137931034,0.5529080011477291,True,
4893,0.37953769779708346,0.4259145718373186,2084,0.5614224137931034,0.5521916269188646,True,
4895,0.3796928327645051,0.4257405515832482,2084,0.5614224137931034,0.5514860559242123,True,
4897,0.37984796773192675,0.42556667347355526,2084,0.5614224137931034,0.551046034713356,True,
4899,0.38000310269934845,0.42539293733414985,2084,0.5614224137931034,0.5509421079386488,True,
4901,0.3801582376667701,0.4254233829830647,2085,0.5616918103448276,0.5507947340386464,True,
4902,0.38023580515048094,0.42533659730722156,2085,0.5616918103448276,0.5507116870636316,True,
4904,0.3803909401179026,0.425163132137031,2085,0.5616918103448276,0.5483490717312447,True,
4906,0.38054607508532423,0.4251936404402772,2086,0.5619612068965517,0.54834455166115,True,
4908,0.3807012100527459,0.4250203748981255,2086,0.5619612068965517,0.5464983989449639,True,
4909,0.3807787775364567,0.42513750254634347,2087,0.5622306034482759,0.5438198306386971,True,
4916,0.3813217499224325,0.42453213995117983,2087,0.5622306034482759,0.5435208637718582,True,
4917,0.38139931740614336,0.42444580028472645,2087,0.5622306034482759,0.5420232476445612,True,
4920,0.38163201985727585,0.4241869918699187,2087,0.5622306034482759,0.5386909789620624,True,
4921,0.38170958734098664,0.4241007925218451,2087,0.5622306034482759,0.5357765630823168,True,
4922,0.3817871548246975,0.42401462819991875,2087,0.5622306034482759,0.5356142623411099,True,
4924,0.38194228979211914,0.4240454914703493,2088,0.5625,0.5353851870624974,True,
4940,0.3831833695314924,0.4236842105263158,2093,0.5638469827586207,0.5352861269278185,True,
4941,0.38326093701520325,0.4238008500303582,2094,0.5641163793103449,0.5349268506052286,True,
4944,0.3834936394663357,0.42374595469255666,2095,0.564385775862069,0.5324146307758143,True,
4947,0.3837263419174682,0.42409541136042045,2098,0.5651939655172413,0.5318523790275522,True,
4948,0.38380390940117903,0.42400970088924816,2098,0.5651939655172413,0.5299561093909786,True,
4949,0.3838814768848898,0.42392402505556676,2098,0.5651939655172413,0.5296737798728346,True,
4950,0.3839590443686007,0.42383838383838385,2098,0.5651939655172413,0.5292258731422222,True,
4951,0.3840366118523115,0.4237527772167239,2098,0.5651939655172413,0.5273657199117856,True,
4952,0.3841141793360223,0.4236672051696284,2098,0.5651939655172413,0.5271465778384262,True,
4963,0.38496742165684145,0.42373564376385253,2103,0.5665409482758621,0.5266114690708251,True,
4964,0.3850449891405523,0.42365028203062044,2103,0.5665409482758621,0.5257949506094242,True,
4966,0.38520012410797394,0.423479661699557,2103,0.5665409482758621,0.5251898532356902,True,
4967,0.3852776915916848,0.42359573183007854,2104,0.5668103448275862,0.5240972656015589,True,
4969,0.38543282655910643,0.42362648420205273,2105,0.5670797413793104,0.524078465202866,True,
4970,0.38551039404281723,0.42354124748490946,2105,0.5670797413793104,0.5226550070052094,True,
4971,0.3855879615265281,0.42345604506135587,2105,0.5670797413793104,0.5208465658306191,True,
4972,0.3856655290102389,0.4233708769106999,2105,0.5670797413793104,0.5206228370986682,True,
4974,0.38582066397766057,0.42320064334539603,2105,0.5670797413793104,0.5199649744445417,True,
4975,0.38589823146137137,0.42331658291457286,2106,0.5673491379310345,0.5198089470136286,True,
4977,0.38605336642879307,0.4231464737793852,2106,0.5673491379310345,0.5196198839990743,True,
4979,0.3862085013962147,0.42337818839124325,2108,0.5678879310344828,0.519019720130763,True,
4980,0.38628606887992556,0.42329317269076305,2108,0.5678879310344828,0.5177901119021453,True,
4981,0.38636363636363635,0.4232081911262799,2108,0.5678879310344828,0.5164543356586007,True,
4983,0.386518771331058,0.4230383303230985,2108,0.5678879310344828,0.5117344197092879,True,
4984,0.38659633881476885,0.4229534510433387,2108,0.5678879310344828,0.5108913078735212,True,
4985,0.3866739062984797,0.42286860581745234,2108,0.5678879310344828,0.5088904039267225,True,
4991,0.38713931120074463,0.4225606090963735,2109,0.5681573275862069,0.5082889185564902,True,
4992,0.3872168786844555,0.42247596153846156,2109,0.5681573275862069,0.5082129366774863,True,
4997,0.3876047161030096,0.42225335201120673,2110,0.568426724137931,0.5066203932538149,True,
5000,0.3878374185541421,0.4222,2111,0.5686961206896551,0.5059683266413117,True,
5002,0.38799255352156375,0.42223110755697724,2112,0.5689655172413793,0.5052539498355305,True,
5005,0.38822525597269625,0.4221778221778222,2113,0.5692349137931034,0.5038677257178638,True,
5007,0.3883803909401179,0.4220091871380068,2113,0.5692349137931034,0.5022067600588158,True,
5012,0.38876822835867203,0.42178770949720673,2114,0.5695043103448276,0.5020188718273163,True,
5013,0.3888457958423829,0.42190305206463197,2115,0.5697737068965517,0.5010284206070904,True,
5014,0.3889233633260937,0.42181890706023134,2115,0.5697737068965517,0.5008794154098078,True,
5016,0.3890784982935154,0.4218500797448166,2116,0.5700431034482759,0.49960943461598223,True,
5019,0.38931120074464787,0.4219964136282128,2118,0.5705818965517241,0.4994404377493944,True,
5022,0.3895439031957803,0.42194344882516926,2119,0.5708512931034483,0.4992985427249693,True,
5028,0.3900093080980453,0.42183770883054894,2121,0.5713900862068966,0.49633469915804235,True,
5035,0.3905522804840211,0.42164846077457796,2123,0.5719288793103449,0.493408758637318,True,
5037,0.3907074154514428,0.42167957117331745,2124,0.572198275862069,0.49192722527041655,True,
5044,0.39125038783741856,0.42149088025376685,2126,0.5727370689655172,0.49186236300206027,True,
5045,0.3913279553211294,0.4214073339940535,2126,0.5727370689655172,0.4917881996630012,True,
5046,0.3914055228048402,0.4215219976218787,2127,0.5730064655172413,0.4908408163981083,True,
5049,0.3916382252559727,0.42127153891859775,2127,0.5730064655172413,0.49060585872768175,True,
5050,0.39171579273968354,0.4211881188118812,2127,0.5730064655172413,0.4892999949306767,True,
5052,0.3918709277071052,0.42121931908155186,2128,0.5732758620689655,0.48682754623043323,True,
5054,0.39202606267452683,0.42105263157894735,2128,0.5732758620689655,0.48365478294046615,True,
5055,0.3921036301582377,0.42096933728981206,2128,0.5732758620689655,0.48159635907184767,True,
5057,0.3922587651256593,0.42080284753806607,2128,0.5732758620689655,0.4769812006182182,True,
5059,0.39241390009308097,0.4206364894247875,2128,0.5732758620689655,0.4742597845967826,True,
5061,0.3925690350605026,0.42047026279391425,2128,0.5732758620689655,0.4735785869273022,True,
5062,0.39264660254421346,0.4203871987356776,2128,0.5732758620689655,0.4702354039089939,True,
5063,0.3927241700279243,0.42050167884653367,2129,0.5735452586206896,0.4702349390598265,True,
5064,0.3928017375116351,0.4206161137440758,2130,0.5738146551724138,0.46662783513813016,True,
5065,0.39287930499534596,0.420533070088845,2130,0.5738146551724138,0.4628754246216638,True,
5066,0.3929568724790568,0.4204500592183182,2130,0.5738146551724138,0.4603347870942054,True,
5067,0.3930344399627676,0.4203670811130847,2130,0.5738146551724138,0.4571568350561493,True,
5068,0.39311200744647845,0.420284135753749,2130,0.5738146551724138,0.45655144051045304,True,
5069,0.39318957493018925,0.42020122312093117,2130,0.5738146551724138,0.44811970370470006,True,
5074,0.3935774123487434,0.41978715017737483,2130,0.5738146551724138,0.4450936298801926,False,precision
5081,0.3941203847347192,0.419208817161976,2130,0.5738146551724138,0.43666751286367206,False,precision
5083,0.39427551970214086,0.41904387172929375,2130,0.5738146551724138,0.4363992636319317,False,precision
5088,0.394663357120695,0.4186320754716981,2130,0.5738146551724138,0.43309400486265487,False,precision
5089,0.39474092460440585,0.41854981332285324,2130,0.5738146551724138,0.4314259332730564,False,precision
5095,0.3952063295066708,0.4180569185475957,2130,0.5738146551724138,0.4303150686606538,False,precision
5097,0.3953614644740925,0.4180890720031391,2131,0.5740840517241379,0.42793698125925134,False,precision
5098,0.3954390319578033,0.4180070615927815,2131,0.5740840517241379,0.4270049340606373,False,precision
5101,0.39567173440893577,0.41776122328955106,2131,0.5740840517241379,0.4256367965235113,False,precision
5102,0.3957493018926466,0.41767934143473145,2131,0.5740840517241379,0.4248571842537558,False,precision
5103,0.3958268693763574,0.41759749167156573,2131,0.5740840517241379,0.42403084669108615,False,precision
5105,0.3959820043437791,0.41743388834476003,2131,0.5740840517241379,0.4239604031017986,False,precision
5106,0.3960595718274899,0.4173521347434391,2131,0.5740840517241379,0.4193316049133091,False,precision
5107,0.39613713931120076,0.41727041315841,2131,0.5740840517241379,0.41883681472808715,False,precision
5110,0.39636984176233325,0.41702544031311156,2131,0.5740840517241379,0.41593984065214257,False,precision
5113,0.3966025442134657,0.41678075493839234,2131,0.5740840517241379,0.413944961094588,False,precision
5116,0.3968352466645982,0.41653635652853793,2131,0.5740840517241379,0.41391938376894793,False,precision
5118,0.3969903816320199,0.41637358343102776,2131,0.5740840517241379,0.41155411624414795,False,precision
5119,0.3970679491157307,0.41629224457901937,2131,0.5740840517241379,0.4113243494977652,False,precision
5124,0.3974557865342848,0.41588602654176426,2131,0.5740840517241379,0.41090111644327987,False,precision
5126,0.39761092150170646,0.41572376121732346,2131,0.5740840517241379,0.40875945809988573,False,precision
5129,0.39784362395283895,0.4154806005069214,2131,0.5740840517241379,0.4079055228798049,False,precision
5130,0.3979211914365498,0.41539961013645227,2131,0.5740840517241379,0.4077089245541963,False,precision
5136,0.3983865963388148,0.41491433021806856,2131,0.5740840517241379,0.40643355532099446,False,precision
5139,0.39861929878994723,0.41467211519750924,2131,0.5740840517241379,0.40623578130912497,False,precision
5140,0.3986968662736581,0.41478599221789886,2132,0.5743534482758621,0.4062310563578425,False,precision
5141,0.39877443375736893,0.41470531025092394,2132,0.5743534482758621,0.40521847488813584,False,precision
5144,0.3990071362085014,0.4144634525660964,2132,0.5743534482758621,0.4050696774814194,False,precision
5147,0.39923983865963386,0.4142218768214494,2132,0.5743534482758621,0.3994291975346665,False,precision
5148,0.3993174061433447,0.41414141414141414,2132,0.5743534482758621,0.3974023243460035,False,precision
5152,0.399627676078188,0.4138198757763975,2132,0.5743534482758621,0.39727877357232283,False,precision
5153,0.39970524356189885,0.4137395691830002,2132,0.5743534482758621,0.3953847724520318,False,precision
5154,0.3997828110456097,0.4136592937524253,2132,0.5743534482758621,0.39478754810949945,False,precision
5155,0.3998603785293205,0.41357904946653734,2132,0.5743534482758621,0.39460113445106065,False,precision
5158,0.400093080980453,0.4133385032958511,2132,0.5743534482758621,0.39439312901807994,False,precision
5159,0.40017064846416384,0.41325838340763715,2132,0.5743534482758621,0.39428833259725105,False,precision
5163,0.4004809183990071,0.41313190005810574,2133,0.5746228448275862,0.3928022052320465,False,precision
5164,0.400558485882718,0.41305189775367934,2133,0.5746228448275862,0.39222473874626645,False,precision
5168,0.40086875581756126,0.41292569659442724,2134,0.5748922413793104,0.39197499727374596,False,precision
5170,0.40102389078498296,0.4127659574468085,2134,0.5748922413793104,0.3916072069039141,False,precision
5171,0.40110145826869376,0.41268613421001743,2134,0.5748922413793104,0.39137830236204924,False,precision
5172,0.4011790257524046,0.41260634184068057,2134,0.5748922413793104,0.3908373811700048,False,precision
5173,0.4012565932361154,0.41252658032089695,2134,0.5748922413793104,0.3907350683933277,False,precision
5175,0.4014117282035371,0.4123671497584541,2134,0.5748922413793104,0.38843448617029475,False,precision
5176,0.4014892956872479,0.4124806800618238,2135,0.5751616379310345,0.38531881525289496,False,precision
5180,0.40179956562209124,0.41235521235521233,2136,0.5754310344827587,0.3846557785078434,False,precision
5188,0.40242010549177787,0.4117193523515806,2136,0.5754310344827587,0.38059685337745597,False,precision
5192,0.40273037542662116,0.41140215716486905,2136,0.5754310344827587,0.3786492876921096,False,precision
5193,0.402807942910332,0.4113229347198151,2136,0.5754310344827587,0.37452411924299683,False,precision
5195,0.40296307787775365,0.4113570741097209,2137,0.5757004310344828,0.3700801446499529,False,precision
5196,0.4030406453614645,0.41127790608160125,2137,0.5757004310344828,0.36916017574742627,False,precision
5197,0.4031182128451753,0.4111987685203002,2137,0.5757004310344828,0.3680642082958431,False,precision
5199,0.40327334781259694,0.4110405847278323,2137,0.5757004310344828,0.3647089383625311,False,precision
5203,0.4035836177474403,0.4109167787814722,2138,0.5759698275862069,0.36134594848056195,False,precision
5204,0.4036611852311511,0.4108378170637971,2138,0.5759698275862069,0.360274497266257,False,precision
5207,0.40389388768228357,0.41079316304974073,2139,0.576239224137931,0.35966204949056996,False,precision
5211,0.4042041576171269,0.4106697370946076,2140,0.5765086206896551,0.35709026671714256,False,precision
5214,0.4044368600682594,0.4106252397391638,2141,0.5767780172413793,0.3568384350281838,False,precision
5215,0.4045144275519702,0.4105465004793864,2141,0.5767780172413793,0.3519941424172081,False,precision
5216,0.40459199503568105,0.41046779141104295,2141,0.5767780172413793,0.3518188212483836,False,precision
5217,0.40466956251939185,0.41038911251677207,2141,0.5767780172413793,0.3514919782663357,False,precision
5218,0.4047471300031027,0.41031046377922575,2141,0.5767780172413793,0.34548349260650846,False,precision
5220,0.40490226497052434,0.4103448275862069,2142,0.5770474137931034,0.3427813853499582,False,precision
5223,0.40513496742165683,0.4103005935286234,2143,0.5773168103448276,0.3380169290598286,False,precision
5224,0.4052125349053677,0.4102220520673813,2143,0.5773168103448276,0.33281490306293543,False,precision
5227,0.4054452373565002,0.4101779223263822,2144,0.5775862068965517,0.33148226668491326,False,precision
5228,0.40552280484021097,0.41009946442234124,2144,0.5775862068965517,0.32893671924298923,False,precision
5237,0.40622091219360845,0.4099675386671759,2147,0.5783943965517241,0.3284857775502563,False,precision
5241,0.40653118212845174,0.40965464605991225,2147,0.5783943965517241,0.31939438130212444,False,precision
5243,0.4066863170958734,0.40949837879076867,2147,0.5783943965517241,0.3177390909616552,False,precision
5248,0.4070741545144276,0.4091082317073171,2147,0.5783943965517241,0.3176144931402649,False,precision
5251,0.40730685696556,0.40887450009522,2147,0.5783943965517241,0.31453413692448634,False,precision
5253,0.4074619919329817,0.40871882733675996,2147,0.5783943965517241,0.31431835620302195,False,precision
5263,0.40823766677009,0.408132243967319,2148,0.5786637931034483,0.3139357022901625,False,precision
5279,0.40947874650946325,0.4072741049441182,2150,0.5792025862068966,0.3135421233974714,False,precision
5280,0.40955631399317405,0.4071969696969697,2150,0.5792025862068966,0.3131761492604049,False,precision
5283,0.40978901644430654,0.40696573916335416,2150,0.5792025862068966,0.31310777243171073,False,precision
5284,0.4098665839280174,0.406888720666162,2150,0.5792025862068966,0.31131229010737405,False,precision
5287,0.4100992863791499,0.40665783998486854,2150,0.5792025862068966,0.31099557699861297,False,precision
5293,0.4105646912814148,0.4063857925562063,2151,0.5794719827586207,0.30920188300637674,False,precision
5298,0.41095252869996896,0.4060022650056625,2151,0.5794719827586207,0.3087444958119543,False,precision
5299,0.4110300961836798,0.40592564634836764,2151,0.5794719827586207,0.30853352162633013,False,precision
5305,0.4114955010859448,0.4054665409990575,2151,0.5794719827586207,0.30815290244269733,False,precision
5306,0.4115730685696556,0.4055785902751602,2152,0.5797413793103449,0.3076996424108966,False,precision
5322,0.41281414830902885,0.40435926343479894,2152,0.5797413793103449,0.30706906012555335,False,precision
5327,0.413201985727583,0.4039797259245354,2152,0.5797413793103449,0.30677553437475785,False,precision
5331,0.41351225566242633,0.40367660851622583,2152,0.5797413793103449,0.30656341967289386,False,precision
5332,0.4135898231461371,0.4036009002250563,2152,0.5797413793103449,0.3065029555919392,False,precision
5339,0.41413279553211296,0.4034463382655928,2154,0.5802801724137931,0.30615986075864177,False,precision
5350,0.41498603785293203,0.40261682242990654,2154,0.5802801724137931,0.3055993405459235,False,precision
5356,0.415451442755197,0.40253920836445106,2156,0.5808189655172413,0.3055609760269852,False,precision
5370,0.41653738752714864,0.40148975791433894,2156,0.5808189655172413,0.3054622188511084,False,precision
5384,0.4176233322991002,0.40044576523031206,2156,0.5808189655172413,0.30496188057302676,False,precision
5386,0.41777846726652185,0.40029706646862234,2156,0.5808189655172413,0.3049082693225611,False,precision
5392,0.41824387216878683,0.39985163204747776,2156,0.5808189655172413,0.3046088678369741,False,precision
5403,0.41909711448960596,0.3990375717194151,2156,0.5808189655172413,0.3036812598055273,False,precision
5406,0.41932981694073845,0.39918608953015167,2158,0.5813577586206896,0.30360505967584017,False,precision
5412,0.4197952218430034,0.39874353288987435,2158,0.5813577586206896,0.303332051069189,False,precision
5418,0.4202606267452684,0.3983019564414913,2158,0.5813577586206896,0.3030595782605245,False,precision
5431,0.42126900403350914,0.39753268274719206,2159,0.5816271551724138,0.302450404806602,False,precision
5435,0.4215792739683525,0.39724011039558416,2159,0.5816271551724138,0.30242972331890955,False,precision
5438,0.4218119764194849,0.3972048547260022,2160,0.5818965517241379,0.301974315994776,False,precision
5439,0.4218895439031958,0.3971318257032543,2160,0.5818965517241379,0.30166003439888495,False,precision
5447,0.4225100837728824,0.3967321461354874,2161,0.5821659482758621,0.30155025668056656,False,precision
5448,0.42258765125659326,0.39684287812041114,2162,0.5824353448275862,0.3014934769728734,False,precision
5453,0.4229754886751474,0.39666238767650835,2163,0.5827047413793104,0.3014267982721063,False,precision
5455,0.42313062364256904,0.3965169569202566,2163,0.5827047413793104,0.3012978046643759,False,precision
5457,0.4232857586099907,0.3963716327652556,2163,0.5827047413793104,0.30063790417262987,False,precision
5470,0.42429413589823145,0.39579524680073125,2165,0.5832435344827587,0.2999138566429928,False,precision
5473,0.42452683834936394,0.3955782934405262,2165,0.5832435344827587,0.2983996498976773,False,precision
5483,0.4253025131864722,0.3950392121101587,2166,0.5835129310344828,0.2978769597201075,False,precision
5489,0.4257679180887372,0.39460739661140465,2166,0.5835129310344828,0.2977795559141872,False,precision
5493,0.4260781880235805,0.3943200436919716,2166,0.5835129310344828,0.29747073877878993,False,precision
5494,0.42615575550729135,0.39424827084091735,2166,0.5835129310344828,0.2972302418209547,False,precision
5495,0.4262333229910022,0.39417652411282983,2166,0.5835129310344828,0.29628044221977445,False,precision
5502,0.426776295376978,0.3942202835332606,2169,0.5843211206896551,0.2955146443845833,False,precision
5507,0.4271641327955321,0.39404394407118215,2170,0.5845905172413793,0.2954925973080833,False,precision
5516,0.4278622401489296,0.3937635968092821,2172,0.5851293103448276,0.29535375755860294,False,precision
5517,0.4279398076326404,0.39369222403480153,2172,0.5851293103448276,0.295258489323207,False,precision
5518,0.42801737511635124,0.3936208771293947,2172,0.5851293103448276,0.2952089175976904,False,precision
5519,0.42809494260006203,0.39354955607899983,2172,0.5851293103448276,0.29506290299732485,False,precision
5520,0.4281725100837729,0.3934782608695652,2172,0.5851293103448276,0.2940064179032879,False,precision
5524,0.42848278001861617,0.3931933381607531,2172,0.5851293103448276,0.29372727099001245,False,precision
5527,0.42871548246974867,0.39316084675230684,2173,0.5853987068965517,0.2924715525820581,False,precision
5530,0.42894818492088116,0.3929475587703436,2173,0.5853987068965517,0.2917186106916865,False,precision
5531,0.429025752404592,0.3928765141927319,2173,0.5853987068965517,0.29168747081747864,False,precision
5533,0.42918088737201365,0.39273450207843846,2173,0.5853987068965517,0.2909903421462506,False,precision
5537,0.42949115730685694,0.3924507856239841,2173,0.5853987068965517,0.29035114204162377,False,precision
5549,0.4304219671113869,0.39232294107046317,2177,0.5864762931034483,0.2903050361927949,False,precision
5551,0.43057710207880856,0.3921815889029004,2177,0.5864762931034483,0.2899995791842079,False,precision
5560,0.43127520943220604,0.3919064748201439,2179,0.5870150862068966,0.28785237242688083,False,precision
5564,0.43158547936704933,0.3919841840402588,2181,0.5875538793103449,0.28760594670921785,False,precision
5567,0.4318181818181818,0.39177294772768095,2181,0.5875538793103449,0.2874462396455151,False,precision
5568,0.4318957493018927,0.39188218390804597,2182,0.587823275862069,0.28739926518166486,False,precision
5577,0.4325938566552901,0.39124977586516047,2182,0.587823275862069,0.2868043940099896,False,precision
5579,0.43274899162271174,0.3911095178347374,2182,0.587823275862069,0.2867650053771359,False,precision
5585,0.43321439652497673,0.391047448522829,2184,0.5883620689655172,0.2864497398516087,False,precision
5587,0.4333695314923984,0.3912654376230535,2186,0.5889008620689655,0.28630181152939166,False,precision
5610,0.4351535836177474,0.39073083778966133,2192,0.5905172413793104,0.28612129289358396,False,precision
5625,0.4363170958734099,0.38986666666666664,2193,0.5907866379310345,0.2860990342275069,False,precision
5634,0.4370152032268073,0.3901313454029109,2198,0.5921336206896551,0.2852959847378483,False,precision
5635,0.43709277071051816,0.39006211180124223,2198,0.5921336206896551,0.2841166264402851,False,precision
5637,0.4372479056779398,0.3899237182898705,2198,0.5921336206896551,0.28406063807348314,False,precision
5639,0.43740304064536145,0.3897854229473311,2198,0.5921336206896551,0.284023370809777,False,precision
5662,0.4391870927707105,0.3885552808194984,2200,0.5926724137931034,0.283792044743426,False,precision
5690,0.44135898231461373,0.3873462214411248,2204,0.59375,0.2837880132539,False,precision
5700,0.442134657151722,0.38666666666666666,2204,0.59375,0.28371243963437476,False,precision
5710,0.4429103319888303,0.38598949211908934,2204,0.59375,0.2836152147148428,False,precision
5719,0.4436084393422277,0.3853820598006645,2204,0.59375,0.28349830649050933,False,precision
5724,0.4439962767607819,0.38504542278127185,2204,0.59375,0.28345630437711006,False,precision
5729,0.44438411417933604,0.385058474428347,2206,0.5942887931034483,0.28332589932041774,False,precision
5759,0.44671113869066087,0.3835735370724084,2209,0.5950969827586207,0.2832739670555497,False,precision
5820,0.45144275519702143,0.3804123711340206,2214,0.5964439655172413,0.2832569359226092,False,precision
5878,0.45594166925224944,0.3776794828172848,2220,0.5980603448275862,0.2830554808341665,False,precision
5898,0.45749301892646604,0.37707697524584605,2224,0.5991379310344828,0.28290408538461653,False,precision
5928,0.45982004343779087,0.37533738191632926,2225,0.5994073275862069,0.2828340664592915,False,precision
5933,0.460207880856345,0.3751896173942356,2226,0.599676724137931,0.28282106669035384,False,precision
5963,0.4625349053676699,0.373302029179943,2226,0.599676724137931,0.28277744085570083,False,precision
5970,0.4630778777536457,0.37286432160804023,2226,0.599676724137931,0.2827507618529456,False,precision
6001,0.46548246974868135,0.37110481586402266,2227,0.5999461206896551,0.28269566612587416,False,precision
6027,0.4674992243251629,0.36983573917371826,2229,0.6004849137931034,0.28265604505135666,False,precision
6040,0.46850760161340366,0.36920529801324503,2230,0.6007543103448276,0.28236847754461725,False,precision
6045,0.4688954390319578,0.36889991728701405,2230,0.6007543103448276,0.28231955683423754,False,precision
6056,0.4697486813527769,0.36856010568031705,2232,0.6012931034482759,0.28231041478481006,False,precision
6063,0.4702916537387527,0.3682995216889329,2233,0.6015625,0.2821459018627673,False,precision
6096,0.4728513807012101,0.36679790026246717,2236,0.6023706896551724,0.2820820631844003,False,precision
6145,0.47665218740304066,0.36501220504475185,2243,0.6042564655172413,0.28205794373903,False,precision
6147,0.4768073223704623,0.3648934439564015,2243,0.6042564655172413,0.282018515315383,False,precision
6149,0.47696245733788395,0.36477476012359733,2243,0.6042564655172413,0.28196556837884834,False,precision
6166,0.47828110456096806,0.36393123580927667,2244,0.6045258620689655,0.2819358106911541,False,precision
6167,0.47835867204467886,0.3640343765201881,2245,0.6047952586206896,0.2819171205294425,False,precision
6179,0.47928948184920883,0.36348923774073477,2246,0.6050646551724138,0.28179157850395375,False,precision
6191,0.48022029165373875,0.36343078662574707,2250,0.6061422413793104,0.2816178487143476,False,precision
6192,0.4802978591374496,0.3633720930232558,2250,0.6061422413793104,0.2814075322952189,False,precision
6227,0.48301272106732857,0.36197205717038705,2254,0.6072198275862069,0.28129488261162394,False,precision
6234,0.48355569345330435,0.36204683991017006,2257,0.6080280172413793,0.28117121212278817,False,precision
6239,0.48394353087185854,0.36175669177752845,2257,0.6080280172413793,0.2810900155748568,False,precision
6270,0.4863481228668942,0.3599681020733652,2257,0.6080280172413793,0.28108068520454693,False,precision
6325,0.4906143344709898,0.3582608695652174,2266,0.6104525862068966,0.2809254301983253,False,precision
6348,0.49239838659633883,0.35759294265910524,2270,0.6115301724137931,0.2807662534292518,False,precision
6387,0.49542351846106114,0.3558791294817598,2273,0.6123383620689655,0.2806367231125881,False,precision
6400,0.4964318957493019,0.3553125,2274,0.6126077586206896,0.2805754429142277,False,precision
6461,0.5011635122556625,0.3525770004643244,2278,0.6136853448275862,0.280536291266399,False,precision
6464,0.501396214706795,0.3525680693069307,2279,0.6139547413793104,0.28026875448583455,False,precision
6475,0.502249457027614,0.35196911196911196,2279,0.6139547413793104,0.2802315722851781,False,precision
6496,0.5038783741855414,0.3508312807881773,2279,0.6139547413793104,0.28014132304345823,False,precision
6525,0.5061278312131554,0.3497318007662835,2282,0.6147629310344828,0.28006546553254996,False,precision
6551,0.508144585789637,0.3488017096626469,2285,0.6155711206896551,0.27992842742902335,False,precision
6584,0.5107043127520943,0.34750911300121506,2288,0.6163793103448276,0.2797835476962235,False,precision
6593,0.5114024201054918,0.34733808584862735,2290,0.6169181034482759,0.2793588561759816,False,precision
6604,0.5122556624263109,0.3470623864324652,2292,0.6174568965517241,0.2789996913502876,False,precision
6629,0.5141948495190816,0.3460552119475034,2294,0.6179956896551724,0.2788516538903694,False,precision
6641,0.5151256593236115,0.3455804848667369,2295,0.6182650862068966,0.278764569067767,False,precision
6664,0.5169097114489606,0.34438775510204084,2295,0.6182650862068966,0.27863237900654214,False,precision
6689,0.5188488985417313,0.34339961130213786,2297,0.6188038793103449,0.2785912249068037,False,precision
6704,0.5200124107973937,0.34292959427207637,2299,0.6193426724137931,0.27848740960701024,False,precision
6761,0.524433757368911,0.34122171276438396,2307,0.6214978448275862,0.27826884843415056,False,precision
6835,0.5301737511635123,0.33884418434528163,2316,0.6239224137931034,0.27816173927010684,False,precision
6858,0.5319578032888613,0.3384368620589093,2321,0.6252693965517241,0.2780308783705009,False,precision
6859,0.5320353707725721,0.338387520046654,2321,0.6252693965517241,0.27765003740498856,False,precision
6918,0.536611852311511,0.3360797918473547,2325,0.6263469827586207,0.2775419061681284,False,precision
6930,0.537542662116041,0.3354978354978355,2325,0.6263469827586207,0.27735107482519566,False,precision
6931,0.5376202295997518,0.33544943009666717,2325,0.6263469827586207,0.2771919188840308,False,precision
6964,0.5401799565622091,0.33457782883400344,2330,0.6276939655172413,0.2771245039436931,False,precision
6972,0.5408004964318958,0.33433734939759036,2331,0.6279633620689655,0.2769295326001484,False,precision
6981,0.5414986037852932,0.3343360550064461,2334,0.6287715517241379,0.27663024650391366,False,precision
7010,0.5437480608129073,0.33352353780313837,2338,0.6298491379310345,0.2766128020785749,False,precision
7038,0.5459199503568104,0.3326229042341574,2341,0.6306573275862069,0.2765912771144769,False,precision
7041,0.5461526528079429,0.33248118165033375,2341,0.6306573275862069,0.27609587127414664,False,precision
7055,0.5472385975798945,0.33224663359319634,2344,0.6314655172413793,0.2760920394795308,False,precision
7080,0.5491777846726652,0.33177966101694917,2349,0.6328125,0.27600911086738605,False,precision
7094,0.5502637294446168,0.3312658584719481,2350,0.6330818965517241,0.2759025866609066,False,precision
7102,0.5508842693143035,0.3310335116868488,2351,0.6333512931034483,0.27571596190609443,False,precision
7109,0.5514272417002792,0.33084822056548036,2352,0.6336206896551724,0.27560325261148994,False,precision
7120,0.5522804840210983,0.3304775280898876,2353,0.6338900862068966,0.27558416940902847,False,precision
7152,0.5547626434998448,0.3296979865771812,2358,0.6352370689655172,0.2755804486275283,False,precision
7154,0.5549177784672665,0.32974559686888455,2359,0.6355064655172413,0.2755490549924514,False,precision
7202,0.5586410176853863,0.3276867536795335,2360,0.6357758620689655,0.2755062297145989,False,precision
7212,0.5594166925224946,0.3276483638380477,2363,0.6365840517241379,0.275453672960795,False,precision
7220,0.5600372323921812,0.32742382271468146,2364,0.6368534482758621,0.27538563066815164,False,precision
7294,0.5657772261867825,0.3250616945434604,2371,0.638739224137931,0.2753285308819713,False,precision
7300,0.5662426310890475,0.3253424657534247,2375,0.6398168103448276,0.27532675144893004,False,precision
7306,0.5667080359913125,0.32521215439364903,2376,0.6400862068965517,0.27525237647736256,False,precision
7340,0.5693453304374806,0.3242506811989101,2380,0.6411637931034483,0.2751236618103674,False,precision
7345,0.5697331678560348,0.32402995234853643,2380,0.6411637931034483,0.27487160555530726,False,precision
7362,0.5710518150791188,0.3235533822330888,2382,0.6417025862068966,0.2746013996868429,False,precision
7366,0.5713620850139621,0.3233776812381211,2382,0.6417025862068966,0.27439776560325774,False,precision
7435,0.5767142413900093,0.3218560860793544,2393,0.6446659482758621,0.274387316552683,False,precision
7474,0.5797393732547316,0.32097939523682095,2399,0.6462823275862069,0.27436654446688125,False,precision
7516,0.5829972075705864,0.31998403406067055,2405,0.6478987068965517,0.27421008459770657,False,precision
7548,0.5854793670493329,0.31915739268680443,2409,0.6489762931034483,0.27411721663094923,False,precision
7551,0.5857120695004654,0.3191630247649318,2410,0.6492456896551724,0.27406103522160724,False,precision
7593,0.5889699038163202,0.31766100355590676,2412,0.6497844827586207,0.2738916866975909,False,precision
7600,0.589512876202296,0.3175,2413,0.6500538793103449,0.2737154061848018,False,precision
7635,0.592227738132175,0.31669941060903734,2418,0.6514008620689655,0.27329696514399804,False,precision
7651,0.5934688178715483,0.3162985230688799,2420,0.6519396551724138,0.27328808652014935,False,precision
7668,0.5947874650946323,0.31559728742827337,2420,0.6519396551724138,0.2732629314251064,False,precision
7684,0.5960285448340056,0.31520041644976576,2422,0.6524784482758621,0.2732420669529577,False,precision
7689,0.5964163822525598,0.31499544804265833,2422,0.6524784482758621,0.27303260908865484,False,precision
7740,0.600372323921812,0.31356589147286823,2427,0.6538254310344828,0.27284698134800983,False,precision
7752,0.6013031337263419,0.31308049535603716,2427,0.6538254310344828,0.2726695325881846,False,precision
7767,0.6024666459820044,0.31247585940517575,2427,0.6538254310344828,0.27264418016845615,False,precision
7824,0.6068879925535215,0.310838445807771,2432,0.6551724137931034,0.2725087369215848,False,precision
7829,0.6072758299720757,0.31076765870481543,2433,0.6554418103448276,0.2722054394662276,False,precision
7832,0.6075085324232082,0.31064862104187946,2433,0.6554418103448276,0.27186027435871,False,precision
7843,0.6083617747440273,0.3102129287262527,2433,0.6554418103448276,0.2716801937624469,False,precision
7846,0.6085944771951598,0.3100943155748152,2433,0.6554418103448276,0.27153212435336616,False,precision
7893,0.6122401489295687,0.30913467629545166,2440,0.6573275862068966,0.271433985884888,False,precision
7908,0.6134036611852312,0.3086747597369752,2441,0.6575969827586207,0.2711725920087505,False,precision
7940,0.6158858206639777,0.307808564231738,2444,0.6584051724137931,0.2707889115236268,False,precision
7945,0.6162736580825318,0.3078665827564506,2446,0.6589439655172413,0.2707729136193301,False,precision
7953,0.6168941979522184,0.30768263548346536,2447,0.6592133620689655,0.2706001372966864,False,precision
7984,0.6192987899472541,0.3066132264529058,2448,0.6594827586206896,0.2705992476940583,False,precision
8035,0.6232547316165064,0.30491599253266954,2450,0.6600215517241379,0.270492188712175,False,precision
8067,0.6257368910952529,0.3039543820503285,2452,0.6605603448275862,0.2700904748475788,False,precision
8068,0.6258144585789637,0.3039167079821517,2452,0.6605603448275862,0.2699493866907066,False,precision
8078,0.626590133416072,0.30378806635305766,2454,0.6610991379310345,0.26984725142538013,False,precision
8085,0.6271331058020477,0.30352504638218925,2454,0.6610991379310345,0.26963972046092266,False,precision
8089,0.6274433757368911,0.3033749536407467,2454,0.6610991379310345,0.26936298610936155,False,precision
8107,0.628839590443686,0.30270136918712226,2454,0.6610991379310345,0.2691818838567913,False,precision
8114,0.6293825628296618,0.3024402267685482,2454,0.6610991379310345,0.26888003849158126,False,precision
8116,0.6295376977970835,0.3023656973878758,2454,0.6610991379310345,0.2688676649186342,False,precision
8117,0.6296152652807943,0.3023284464703708,2454,0.6610991379310345,0.2688412560868695,False,precision
8135,0.6310114799875892,0.30190534726490476,2456,0.6616379310344828,0.26864732023583693,False,precision
8140,0.6313993174061433,0.3017199017199017,2456,0.6616379310344828,0.26836012558466465,False,precision
8142,0.631554452373565,0.3016457872758536,2456,0.6616379310344828,0.26827465718956095,False,precision
8146,0.6318647223084083,0.3016204272035355,2457,0.6619073275862069,0.26763832834353873,False,precision
8163,0.6331833695314923,0.3012372902119319,2459,0.6624461206896551,0.2675120962507508,False,precision
8170,0.6337263419174682,0.3009791921664627,2459,0.6624461206896551,0.26744800067110347,False,precision
8213,0.6370617437170338,0.30001217581882383,2464,0.6637931034482759,0.2673172927986463,False,precision
8265,0.6410952528699969,0.2984875983061101,2467,0.6646012931034483,0.26683237294895934,False,precision
8268,0.6413279553211294,0.29837929366231253,2467,0.6646012931034483,0.26643978575972477,False,precision
8311,0.644663357120695,0.29719648658404524,2470,0.6654094827586207,0.26629217257159843,False,precision
8319,0.6452838969903816,0.2969106863805746,2470,0.6654094827586207,0.26594157451808736,False,precision
8371,0.6493174061433447,0.2956636005256242,2475,0.6667564655172413,0.2659309157279796,False,precision
8381,0.650093080980453,0.29531082209760173,2475,0.6667564655172413,0.2656041778424426,False,precision
8385,0.6504033509152963,0.295169946332737,2475,0.6667564655172413,0.26535309166846904,False,precision
8393,0.6510238907849829,0.29500774454902895,2476,0.6670258620689655,0.2652353926907129,False,precision
8399,0.6514892956872479,0.29479699964281464,2476,0.6670258620689655,0.2651461626389555,False,precision
8425,0.6535060502637294,0.2942433234421365,2479,0.6678340517241379,0.26509095862306303,False,precision
8433,0.6541265901334161,0.29396418830783827,2479,0.6678340517241379,0.26500211658199935,False,precision
8444,0.6549798324542352,0.2936996684036002,2480,0.6681034482758621,0.2648821703128751,False,precision
8466,0.6566863170958734,0.29293645168910937,2480,0.6681034482758621,0.2647821912698736,False,precision
8513,0.6603319888302823,0.29202396335017033,2486,0.6697198275862069,0.26477712330258085,False,precision
8515,0.660487123797704,0.2919553728714034,2486,0.6697198275862069,0.26460414798349086,False,precision
8518,0.6607198262488365,0.29196994599671283,2487,0.669989224137931,0.2643233153091807,False,precision
8523,0.6611076636673906,0.29191599202158863,2488,0.6702586206896551,0.2638412698765658,False,precision
8538,0.6622711759230531,0.2915202623565238,2489,0.6705280172413793,0.2635117154482191,False,precision
8541,0.6625038783741856,0.2914178667603325,2489,0.6705280172413793,0.26337157680921686,False,precision
8544,0.6627365808253181,0.2914325842696629,2490,0.6707974137931034,0.2633548225103113,False,precision
8560,0.6639776605646913,0.2908878504672897,2490,0.6707974137931034,0.26332830319574924,False,precision
8584,0.6658392801737512,0.2901910531220876,2491,0.6710668103448276,0.26323436870568,False,precision
8589,0.6662271175923054,0.29002212131796484,2491,0.6710668103448276,0.2631846334950025,False,precision
8590,0.6663046850760161,0.289988358556461,2491,0.6710668103448276,0.26310220353389413,False,precision
8591,0.6663822525597269,0.28995460365498776,2491,0.6710668103448276,0.2630564537964847,False,precision
8604,0.6673906298479677,0.2895165039516504,2491,0.6710668103448276,0.2630052553812778,False,precision
8607,0.6676233322991002,0.2894155919600325,2491,0.6710668103448276,0.2629899704730699,False,precision
8608,0.667700899782811,0.28938197026022305,2491,0.6710668103448276,0.2627801243081751,False,precision
8631,0.6694849519081602,0.2886108214575368,2491,0.6710668103448276,0.26276946551806735,False,precision
8635,0.6697952218430034,0.2885929357266937,2492,0.6713362068965517,0.26268215396946504,False,precision
8640,0.6701830592615575,0.2884259259259259,2492,0.6713362068965517,0.26239166561558436,False,precision
8641,0.6702606267452684,0.2883925471588936,2492,0.6713362068965517,0.2623277077684277,False,precision
8651,0.6710363015823767,0.28817477748237197,2493,0.6716056034482759,0.2622463739468215,False,precision
8652,0.6711138690660875,0.2881414701803051,2493,0.6716056034482759,0.2622383648521195,False,precision
8661,0.671811976419485,0.28795751068006004,2494,0.671875,0.26220062047988324,False,precision
8663,0.6719671113869066,0.28789103082073186,2494,0.671875,0.2621095066859839,False,precision
8668,0.6723549488054608,0.2878403322565759,2495,0.6721443965517241,0.2620211383042813,False,precision
8671,0.6725876512565933,0.28774074501210933,2495,0.6721443965517241,0.2619693389786055,False,precision
8702,0.6749922432516289,0.2870604458745116,2498,0.6729525862068966,0.26191219890071005,False,precision
8712,0.6757679180887372,0.28673094582185493,2498,0.6729525862068966,0.2619047993913921,False,precision
8725,0.6767762953769779,0.28653295128939826,2500,0.6734913793103449,0.26175638250824934,False,precision
8726,0.6768538628606888,0.2865001146000458,2500,0.6734913793103449,0.26148150486959876,False,precision
8734,0.6774744027303754,0.2862376917792535,2500,0.6734913793103449,0.26141096937418545,False,precision
8744,0.6782500775674837,0.2861390667886551,2502,0.6740301724137931,0.26108831995710047,False,precision
8793,0.6820508842693143,0.28545433867849423,2510,0.6761853448275862,0.2609605364168714,False,precision
8795,0.682206019236736,0.2853894258101194,2510,0.6761853448275862,0.2608802534740947,False,precision
8825,0.6845330437480608,0.2845325779036827,2511,0.6764547413793104,0.2603235756134899,False,precision
8832,0.6850760161340366,0.2843070652173913,2511,0.6764547413793104,0.2602303509751952,False,precision
8870,0.6880235805150481,0.2832018038331454,2512,0.6767241379310345,0.2602015214146896,False,precision
8871,0.6881011479987589,0.2831698793822568,2512,0.6767241379310345,0.26017944752148386,False,precision
8872,0.6881787154824698,0.28313796212804326,2512,0.6767241379310345,0.26012475256510253,False,precision
8897,0.6901179025752404,0.2825671574688097,2514,0.6772629310344828,0.2601037352369406,False,precision
8898,0.6901954700589513,0.2825354012137559,2514,0.6772629310344828,0.25995986583371866,False,precision
8901,0.6904281725100838,0.2824401752612066,2514,0.6772629310344828,0.2599327409349994,False,precision
8921,0.6919795221843004,0.282031162425737,2516,0.677801724137931,0.2598031428942497,False,precision
8922,0.6920570896680112,0.28211163416274376,2517,0.6780711206896551,0.25973721211526585,False,precision
8933,0.6929103319888302,0.28176424493451246,2517,0.6780711206896551,0.2596310754206458,False,precision
8955,0.6946168166304685,0.28129536571747626,2519,0.6786099137931034,0.2594697982061688,False,precision
9003,0.6983400558485883,0.2803509941130734,2524,0.6799568965517241,0.259276498122067,False,precision
9008,0.6987278932671425,0.2801953818827709,2524,0.6799568965517241,0.2589105714206402,False,precision
9015,0.6992708656531182,0.2799778147531891,2524,0.6799568965517241,0.2587225760624431,False,precision
9022,0.699813838039094,0.27976058523608954,2524,0.6799568965517241,0.25862086678787655,False,precision
9039,0.7011324852621781,0.27934506029428036,2525,0.6802262931034483,0.25848868924842444,False,precision
9043,0.7014427551970214,0.27933208006192634,2526,0.6804956896551724,0.2584105215402339,False,precision
9070,0.7035370772572138,0.2787210584343991,2528,0.6810344827586207,0.25832719765962214,False,precision
9071,0.7036146447409246,0.2788005732554294,2529,0.6813038793103449,0.25832295290429136,False,precision
9079,0.7042351846106112,0.2785549069280758,2529,0.6813038793103449,0.2583107120978558,False,precision
9080,0.7043127520943221,0.2785242290748899,2529,0.6813038793103449,0.2582959129485486,False,precision
9087,0.7048557244802979,0.27841972047980634,2530,0.681573275862069,0.2581747635828775,False,precision
9104,0.7061743717033819,0.2780096660808436,2531,0.6818426724137931,0.2581030734175609,False,precision
9107,0.7064070741545144,0.27791808498956844,2531,0.6818426724137931,0.2580982099347085,False,precision
9115,0.707027614024201,0.27767416346681295,2531,0.6818426724137931,0.2577847545302863,False,precision
9122,0.7075705864101769,0.27757070817803114,2532,0.6821120689655172,0.2576540482887701,False,precision
9123,0.7076481538938877,0.27754028280170995,2532,0.6821120689655172,0.25763971317389095,False,precision
9129,0.7081135587961527,0.2773578705225107,2532,0.6821120689655172,0.2575369472122296,False,precision
9131,0.7082686937635743,0.2772971197021137,2532,0.6821120689655172,0.25733220016393726,False,precision
9132,0.7083462612472852,0.27726675427069647,2532,0.6821120689655172,0.2572313576516235,False,precision
9143,0.7091995035681042,0.27693317291917313,2532,0.6821120689655172,0.25715620586102145,False,precision
9147,0.7095097735029475,0.27692139499289387,2533,0.6823814655172413,0.25707086251259553,False,precision
9149,0.7096649084703692,0.2768608591102853,2533,0.6823814655172413,0.2568647267648829,False,precision
9153,0.7099751784052125,0.2767398667103682,2533,0.6823814655172413,0.2567085597298366,False,precision
9171,0.7113713931120075,0.27641478573765127,2535,0.6829202586206896,0.2567071632560342,False,precision
9178,0.7119143654979833,0.2763129222052735,2536,0.6831896551724138,0.25665697800131315,False,precision
9189,0.7127676078188023,0.27598215257372943,2536,0.6831896551724138,0.25644387134462926,False,precision
9192,0.7130003102699348,0.2758920800696258,2536,0.6831896551724138,0.2563433084038724,False,precision
9198,0.7134657151721998,0.27571211132854967,2536,0.6831896551724138,0.2563138887986789,False,precision
9205,0.7140086875581756,0.27561108093427483,2537,0.6834590517241379,0.25612872080098614,False,precision
9213,0.7146292274278623,0.27548029957668513,2538,0.6837284482758621,0.2560741432589163,False,precision
9223,0.7154049022649706,0.2753984603708121,2540,0.6842672413793104,0.25583368370797993,False,precision
9232,0.7161030096183679,0.275238301559792,2541,0.6845366379310345,0.255809080653038,False,precision
9233,0.7161805771020788,0.27520849128127367,2541,0.6845366379310345,0.25569772342687885,False,precision
9258,0.7181197641948495,0.2746813566645064,2543,0.6850754310344828,0.25560795841269546,False,precision
9281,0.7199038163201986,0.2742161405021011,2545,0.685614224137931,0.2555839914162316,False,precision
9285,0.7202140862550419,0.27409800753904145,2545,0.685614224137931,0.2554534145361289,False,precision
9287,0.7203692212224635,0.2740389792182621,2545,0.685614224137931,0.2553507260118918,False,precision
9295,0.7209897610921502,0.2738031199569661,2545,0.685614224137931,0.254994823974562,False,precision
9334,0.7240148929568725,0.27276623098350117,2546,0.6858836206896551,0.2548054867398059,False,precision
9338,0.7243251628917158,0.27264938959091883,2546,0.6858836206896551,0.2546150472429519,False,precision
9349,0.725178405212535,0.27232859129318643,2546,0.6858836206896551,0.2545152787955501,False,precision
9373,0.7270400248215948,0.271737970767097,2547,0.6861530172413793,0.25445248725695546,False,precision
9391,0.7284362395283897,0.27153657757427324,2550,0.6869612068965517,0.2544103391431101,False,precision
9399,0.7290567793980763,0.2713054580274497,2550,0.6869612068965517,0.2542459604393111,False,precision
9402,0.7292894818492088,0.27121888959795787,2550,0.6869612068965517,0.2541558080475149,False,precision
9411,0.7299875892026063,0.2709595154606312,2550,0.6869612068965517,0.2540275388670421,False,precision
9424,0.7309959664908471,0.27058573853989815,2550,0.6869612068965517,0.2539377738528587,False,precision
9427,0.7312286689419796,0.27060570701177467,2551,0.6872306034482759,0.2538097427143731,False,precision
9430,0.731461371393112,0.27051961823966064,2551,0.6872306034482759,0.2536875678057899,False,precision
9454,0.7333229910021719,0.2698328749735562,2551,0.6872306034482759,0.2535907535872966,False,precision
9455,0.7334005584858827,0.26980433632998413,2551,0.6872306034482759,0.25352749636816774,False,precision
9461,0.7338659633881477,0.2696332311594969,2551,0.6872306034482759,0.25344574412492604,False,precision
9470,0.7345640707415452,0.26948257655755015,2552,0.6875,0.253289585533856,False,precision
9497,0.7366583928017375,0.26903232599768345,2555,0.6883081896551724,0.25325380372984146,False,precision
9499,0.7368135277691592,0.26897568165070007,2555,0.6883081896551724,0.25292052116180713,False,precision
9533,0.7394508222153273,0.26854085807196054,2560,0.6896551724137931,0.25262213739690353,False,precision
9555,0.7411573068569656,0.2680272108843537,2561,0.6899245689655172,0.25253373028348447,False,precision
9559,0.7414675767918089,0.26791505387592845,2561,0.6899245689655172,0.25251818106740953,False,precision
9565,0.7419329816940738,0.2677469942498693,2561,0.6899245689655172,0.25239649064632774,False,precision
9581,0.7431740614334471,0.2674042375534913,2562,0.6901939655172413,0.25231032562482864,False,precision
9597,0.7444151411728204,0.26706262373658435,2563,0.6904633620689655,0.25230424966247245,False,precision
9609,0.7453459509773503,0.26683317722968053,2564,0.6907327586206896,0.2518777308070649,False,precision
9615,0.7458113558796152,0.26666666666666666,2564,0.6907327586206896,0.25185751531071787,False,precision
9618,0.7460440583307477,0.26658348929091286,2564,0.6907327586206896,0.251743551311736,False,precision
9619,0.7461216258144586,0.26655577502858924,2564,0.6907327586206896,0.2517333399392572,False,precision
9654,0.7488364877443375,0.2662108970374974,2570,0.6923491379310345,0.25158750219796716,False,precision
9659,0.7492243251628917,0.26617662283880317,2571,0.6926185344827587,0.2512086962851676,False,precision
9665,0.7496897300651567,0.2661148473874806,2572,0.6928879310344828,0.2510110230064667,False,precision
9669,0.75,0.26621160409556316,2574,0.693426724137931,0.25098638973418513,False,precision
9687,0.751396214706795,0.26571694022917314,2574,0.693426724137931,0.25081311158532366,False,precision
9691,0.7517064846416383,0.2656072644721907,2574,0.693426724137931,0.2507896360534056,False,precision
9706,0.7528699968973006,0.26519678549350917,2574,0.693426724137931,0.25078872488561105,False,precision
9714,0.7534905367669873,0.2649783817171093,2574,0.693426724137931,0.2507616100035544,False,precision
9719,0.7538783741855414,0.26484206194052884,2574,0.693426724137931,0.25076093105360664,False,precision
9733,0.754964318957493,0.2647693414158019,2577,0.6942349137931034,0.25052579271364794,False,precision
9737,0.7552745888923363,0.26466057307178803,2577,0.6942349137931034,0.2504524696599146,False,precision
9747,0.7560502637294446,0.26438904278239456,2577,0.6942349137931034,0.250397995984966,False,precision
9753,0.7565156686317096,0.2642263918794217,2577,0.6942349137931034,0.25033238382582745,False,precision
9766,0.7575240459199504,0.26397706328077003,2578,0.6945043103448276,0.2503139319153719,False,precision
9775,0.7582221532733479,0.2639386189258312,2580,0.6950431034482759,0.249832644847446,False,precision
9781,0.7586875581756127,0.26377670994785807,2580,0.6950431034482759,0.24983237055376833,False,precision
9783,0.7588426931430344,0.26372278442195646,2580,0.6950431034482759,0.24962613153813235,False,precision
9794,0.7596959354638535,0.2635286910353278,2581,0.6953125,0.2495942859920418,False,precision
9800,0.7601613403661185,0.2633673469387755,2581,0.6953125,0.24956343636052752,False,precision
9809,0.760859447719516,0.26322764807829546,2582,0.6955818965517241,0.24946942531491761,False,precision
9818,0.7615575550729135,0.26298635159910366,2582,0.6955818965517241,0.24918072459834198,False,precision
9832,0.762643499844865,0.2628152969894223,2584,0.6961206896551724,0.24907048392561784,False,precision
9834,0.7627986348122867,0.26286353467561524,2585,0.6963900862068966,0.2489947890987229,False,precision
9841,0.7633416071982625,0.26277817294990347,2586,0.6966594827586207,0.24886644817477732,False,precision
9842,0.7634191746819733,0.2628530786425523,2587,0.6969288793103449,0.24882831697582397,False,precision
9851,0.7641172820353708,0.2626129326971881,2587,0.6969288793103449,0.2485043697287906,False,precision
9855,0.7644275519702141,0.26270928462709286,2589,0.6974676724137931,0.24831913836015207,False,precision
9859,0.7647378219050573,0.262704128207729,2590,0.6977370689655172,0.24803844335820813,False,precision
9863,0.7650480918399007,0.262597586941093,2590,0.6977370689655172,0.24785827095947,False,precision
9866,0.7652807942910332,0.2625177376849787,2590,0.6977370689655172,0.24772716401583983,False,precision
9903,0.7681507911883338,0.2620418055134808,2595,0.6990840517241379,0.24765117352427424,False,precision
9919,0.7693918709277071,0.26171993144470207,2596,0.6993534482758621,0.2476116087823519,False,precision
9931,0.7703226807322371,0.2616050750176216,2598,0.6998922413793104,0.24735697991153996,False,precision
9941,0.7710983555693454,0.2613419173121416,2598,0.6998922413793104,0.2470790789063987,False,precision
9946,0.7714861929878994,0.261210536899256,2598,0.6998922413793104,0.24682224692292803,False,precision
9953,0.7720291653738752,0.26102682608258815,2598,0.6998922413793104,0.24650623053504722,False,precision
9976,0.7738132174992243,0.26082598235765836,2602,0.7009698275862069,0.2461517166817788,False,precision
9988,0.7747440273037542,0.2605126151381658,2602,0.7009698275862069,0.24612106666987135,False,precision
10004,0.7759851070431275,0.2603958416633347,2605,0.7017780172413793,0.2460929849600546,False,precision
10017,0.7769934843313683,0.26015773185584506,2606,0.7020474137931034,0.24591951997292946,False,precision
10021,0.7773037542662116,0.2601536772777168,2607,0.7023168103448276,0.245862974220723,False,precision
10022,0.7773813217499225,0.26012771901816006,2607,0.7023168103448276,0.245831995113146,False,precision
10035,0.7783896990381632,0.2598903836571998,2608,0.7025862068965517,0.24576289151393496,False,precision
10040,0.7787775364567173,0.2597609561752988,2608,0.7025862068965517,0.2455566234155251,False,precision
10052,0.7797083462612473,0.2594508555511341,2608,0.7025862068965517,0.24523112167959582,False,precision
10066,0.7807942910331989,0.25918935028809853,2609,0.7028556034482759,0.2451507118230901,False,precision
10070,0.7811045609680421,0.25918570009930486,2610,0.703125,0.24514450044700736,False,precision
10077,0.781647533354018,0.25920412821276173,2612,0.7036637931034483,0.24502009506818292,False,precision
10080,0.7818802358051505,0.25912698412698415,2612,0.7036637931034483,0.24492277649130317,False,precision
10084,0.7821905057399938,0.2591233637445458,2613,0.7039331896551724,0.24463968951185602,False,precision
10097,0.7831988830282346,0.25888877884520156,2614,0.7042025862068966,0.244374331772168,False,precision
10101,0.7835091529630779,0.25878625878625877,2614,0.7042025862068966,0.24419249950884517,False,precision
10106,0.7838969903816321,0.25865822283791806,2614,0.7042025862068966,0.24416611401466107,False,precision
10112,0.784362395283897,0.25850474683544306,2614,0.7042025862068966,0.24414561273480448,False,precision
10131,0.7858361774744027,0.2582173526798934,2616,0.7047413793103449,0.24409860457025337,False,precision
10132,0.7859137449581136,0.2581918673509672,2616,0.7047413793103449,0.24403909703368068,False,precision
10140,0.7865342848278002,0.2579881656804734,2616,0.7047413793103449,0.2440112992365389,False,precision
10143,0.7867669872789327,0.25791186039633246,2616,0.7047413793103449,0.24388071884623974,False,precision
10156,0.7877753645671735,0.2576801890508074,2617,0.705010775862069,0.24369837572882208,False,precision
10167,0.7886286068879925,0.2574013966755188,2617,0.705010775862069,0.24302069408918503,False,precision
10170,0.788861309339125,0.25732546705998033,2617,0.705010775862069,0.24246308206428732,False,precision
10175,0.7892491467576792,0.2572972972972973,2618,0.7052801724137931,0.24216929159963427,False,precision
10188,0.79025752404592,0.2571652925009815,2620,0.7058189655172413,0.2421423844673504,False,precision
10200,0.7911883338504498,0.2568627450980392,2620,0.7058189655172413,0.2414967568159017,False,precision
10207,0.7917313062364257,0.2568825315959636,2622,0.7063577586206896,0.2414461208399938,False,precision
10216,0.7924294135898231,0.2567541111981206,2623,0.7066271551724138,0.24132601052987246,False,precision
10219,0.7926621160409556,0.25667873568842353,2623,0.7066271551724138,0.2411493950426236,False,precision
10224,0.7930499534595098,0.2565532081377152,2623,0.7066271551724138,0.2405707517255688,False,precision
10237,0.7940583307477506,0.2563250952427469,2624,0.7068965517241379,0.23927283008492015,False,precision
10253,0.7952994104871238,0.2560226275236516,2625,0.7071659482758621,0.2390509263359792,False,precision
10263,0.7960750853242321,0.25587060313748416,2626,0.7074353448275862,0.23873725769368048,False,precision
10277,0.7971610300961837,0.2558139534883721,2629,0.7082435344827587,0.23849636638948435,False,precision
10285,0.7977815699658704,0.2556149732620321,2629,0.7082435344827587,0.23814653437282757,False,precision
10296,0.7986348122866894,0.2553418803418803,2629,0.7082435344827587,0.23777300407644672,False,precision
10302,0.7991002171889544,0.2551931663754611,2629,0.7082435344827587,0.2376794819197655,False,precision
10306,0.7994104871237977,0.2550941199301378,2629,0.7082435344827587,0.236986376693677,False,precision
10312,0.7998758920260627,0.2549456943366951,2629,0.7082435344827587,0.23674051031715132,False,precision
10318,0.8003412969283277,0.2548943593719713,2630,0.7085129310344828,0.23663817896725836,False,precision
10320,0.8004964318957493,0.2548449612403101,2630,0.7085129310344828,0.2365848754318669,False,precision
10323,0.8007291343468818,0.25477089993219026,2630,0.7085129310344828,0.2363933758080398,False,precision
10332,0.8014272417002792,0.25464576074332174,2631,0.7087823275862069,0.23613775236879808,False,precision
10333,0.80150480918399,0.2546211168102197,2631,0.7087823275862069,0.23601594596005201,False,precision
10342,0.8022029165373875,0.2543995358731387,2631,0.7087823275862069,0.23581819232632484,False,precision
10350,0.8028234564070742,0.25420289855072464,2631,0.7087823275862069,0.23580688662279609,False,precision
10367,0.8041421036301583,0.2541718915790489,2635,0.7098599137931034,0.23572312566216655,False,precision
10369,0.8042972385975798,0.2541228662358955,2635,0.7098599137931034,0.23551961138723335,False,precision
10382,0.8053056158858206,0.25390098246965903,2636,0.7101293103448276,0.23490322857097456,False,precision
10398,0.8065466956251939,0.2536064627813041,2637,0.7103987068965517,0.23432265575005545,False,precision
10399,0.8066242631089048,0.2535820751995384,2637,0.7103987068965517,0.23399313491494467,False,precision
10401,0.8067793980763264,0.25353331410441304,2637,0.7103987068965517,0.23395037514677572,False,precision
10406,0.8071672354948806,0.2534114933692101,2637,0.7103987068965517,0.23382761260235532,False,precision
10417,0.8080204778156996,0.25323989632331767,2638,0.7106681034482759,0.23307985182330201,False,precision
10419,0.8081756127831213,0.2531912851521259,2638,0.7106681034482759,0.23301166958110836,False,precision
10427,0.8087961526528079,0.25299702694926635,2638,0.7106681034482759,0.23266902505587433,False,precision
10431,0.8091064225876513,0.2529958776723229,2639,0.7109375,0.23264420964555443,False,precision
10434,0.8093391250387837,0.25292313590185933,2639,0.7109375,0.23243873998418477,False,precision
10436,0.8094942600062054,0.2528746646224607,2639,0.7109375,0.23193461110793206,False,precision
10437,0.8095718274899162,0.2528504359490275,2639,0.7109375,0.2315163768671027,False,precision
10440,0.8098045299410487,0.25277777777777777,2639,0.7109375,0.23143809979810073,False,precision
10444,0.8101147998758921,0.2526809651474531,2639,0.7109375,0.2309917465315609,False,precision
10445,0.8101923673596029,0.2526567735758736,2639,0.7109375,0.23041487132491284,False,precision
10447,0.8103475023270245,0.2526084043266009,2639,0.7109375,0.23039435121909035,False,precision
10455,0.8109680421967111,0.25251076040172166,2640,0.7112068965517241,0.2298254357983102,False,precision
10498,0.8143034439962767,0.2515717279481806,2641,0.7114762931034483,0.22965726415740764,False,precision
10503,0.8146912814148309,0.25145196610492243,2641,0.7114762931034483,0.22953010659596867,False,precision
10564,0.8194228979211914,0.25018932222642937,2643,0.7120150862068966,0.22949596365830133,False,precision
10573,0.8201210052745889,0.24997635486616854,2643,0.7120150862068966,0.22949469936811362,False,precision
10576,0.8203537077257214,0.2499054462934947,2643,0.7120150862068966,0.22934388450512502,False,precision
10577,0.8204312752094322,0.2499763638082632,2644,0.7122844827586207,0.2286067957602008,False,precision
10579,0.8205864101768539,0.24992910483032424,2644,0.7122844827586207,0.22796799093726944,False,precision
10580,0.8206639776605646,0.2499054820415879,2644,0.7122844827586207,0.2270348695203537,False,precision
10583,0.8208966801116971,0.2498346404611169,2644,0.7122844827586207,0.22602436195202258,False,precision
10586,0.8211293825628296,0.24976383903268468,2644,0.7122844827586207,0.22570874343680536,False,precision
10591,0.8215172199813838,0.24964592578604475,2644,0.7122844827586207,0.22557857250723645,False,precision
10592,0.8215947874650946,0.24962235649546827,2644,0.7122844827586207,0.2254267171038589,False,precision
10593,0.8216723549488054,0.24959879165486643,2644,0.7122844827586207,0.22524028602727408,False,precision
10594,0.8217499224325163,0.24957523126297904,2644,0.7122844827586207,0.22509850401783288,False,precision
10595,0.8218274899162271,0.2495516753185465,2644,0.7122844827586207,0.22473806319116682,False,precision
10612,0.8231461371393112,0.2491519035054655,2644,0.7122844827586207,0.22427775794872187,False,precision
10613,0.8232237046230221,0.24912842740035804,2644,0.7122844827586207,0.22421210736558014,False,precision
10617,0.8235339745578654,0.2490345672035415,2644,0.7122844827586207,0.22409588163967747,False,precision
10618,0.8236115420415762,0.24901111320399322,2644,0.7122844827586207,0.22406128400638523,False,precision
10619,0.823689109525287,0.24898766362180996,2644,0.7122844827586207,0.2239327207934656,False,precision
10688,0.8290412659013342,0.24747380239520958,2645,0.7125538793103449,0.2236113508702763,False,precision
10689,0.829118833385045,0.24745065020114135,2645,0.7125538793103449,0.22360998157907366,False,precision
10691,0.8292739683524667,0.24740435880647274,2645,0.7125538793103449,0.22260584737315045,False,precision
10692,0.8293515358361775,0.24738121960344184,2645,0.7125538793103449,0.22257035321233856,False,precision
10693,0.8294291033198883,0.24735808472832693,2645,0.7125538793103449,0.2224147934243183,False,precision
10695,0.82958423828731,0.24731182795698925,2645,0.7125538793103449,0.22239856490805304,False,precision
10753,0.834083152342538,0.24625685855110202,2648,0.7133620689655172,0.22196158671205182,False,precision
10762,0.8347812596959354,0.2460509199033637,2648,0.7133620689655172,0.2214617571067195,False,precision
10765,0.8350139621470679,0.2459823502090107,2648,0.7133620689655172,0.22104922342779804,False,precision
10768,0.8352466645982004,0.24591381872213966,2648,0.7133620689655172,0.22081577262669458,False,precision
10769,0.8353242320819113,0.24589098337821524,2648,0.7133620689655172,0.22072771608314043,False,precision
10775,0.8357896369841762,0.245754060324826,2648,0.7133620689655172,0.22070380036361695,False,precision
10776,0.8358672044678871,0.2457312546399406,2648,0.7133620689655172,0.22057954921538697,False,precision
10778,0.8360223394353087,0.24568565596585637,2648,0.7133620689655172,0.22054236533020688,False,precision
10782,0.8363326093701521,0.2455945093674643,2648,0.7133620689655172,0.2204983494987853,False,precision
10786,0.8366428793049954,0.24550343037270536,2648,0.7133620689655172,0.22036603850209802,False,precision
10787,0.8367204467887062,0.24548067117827013,2648,0.7133620689655172,0.22023424999252794,False,precision
10838,0.8406763884579584,0.24469459309835764,2652,0.7144396551724138,0.21963029718491658,False,precision
10839,0.8407539559416692,0.24467201771381122,2652,0.7144396551724138,0.2192927532639684,False,precision
10840,0.84083152342538,0.24464944649446493,2652,0.7144396551724138,0.21893537249730335,False,precision
10841,0.8409090909090909,0.24462687943916614,2652,0.7144396551724138,0.2183718589316196,False,precision
10891,0.8447874650946323,0.24377926728491414,2655,0.7152478448275862,0.21836455285720174,False,precision
10957,0.849906919019547,0.24240211736789266,2656,0.7155172413793104,0.21808866619955425,False,precision
10959,0.8500620539869687,0.24235787936855552,2656,0.7155172413793104,0.21733357656468325,False,precision
10960,0.8501396214706795,0.24233576642335766,2656,0.7155172413793104,0.21637289704502655,False,precision
10961,0.8502171889543904,0.24231365751300063,2656,0.7155172413793104,0.21566870463632698,False,precision
11018,0.8546385355259075,0.2416954075149755,2663,0.7174030172413793,0.214842121558528,False,precision
11021,0.85487123797704,0.24162961618727882,2663,0.7174030172413793,0.2147878514757472,False,precision
11029,0.8554917778467267,0.24145434762897816,2663,0.7174030172413793,0.21439631053484615,False,precision
11097,0.860766366739063,0.2403352257366856,2667,0.7184806034482759,0.21431309900471787,False,precision
11098,0.8608439342227738,0.24031357001261489,2667,0.7184806034482759,0.2139790169718859,False,precision
11158,0.8654979832454235,0.2394694389675569,2672,0.7198275862068966,0.2139557641278523,False,precision
11215,0.8699193298169408,0.2384306732055283,2674,0.7203663793103449,0.21350524887790492,False,precision
11271,0.8742631089047471,0.23760092272202998,2678,0.7214439655172413,0.21300170310531197,False,precision
11285,0.8753490536766987,0.23730615861763402,2678,0.7214439655172413,0.21289390531659422,False,precision
11286,0.8754266211604096,0.23728513202197413,2678,0.7214439655172413,0.21172823302388702,False,precision
11288,0.8755817561278312,0.23724309000708718,2678,0.7214439655172413,0.21152904719306373,False,precision
11302,0.8766677008997829,0.23703769244381526,2679,0.7217133620689655,0.210596718682896,False,precision
11321,0.8781414830902885,0.23672820422224186,2680,0.7219827586206896,0.21057234977420727,False,precision
11380,0.8827179646292275,0.2360281195079086,2686,0.7235991379310345,0.21028457075052412,False,precision
11382,0.8828730995966491,0.23598664558074153,2686,0.7235991379310345,0.21018061596059315,False,precision
11384,0.8830282345640708,0.2359451862262825,2686,0.7235991379310345,0.2101608485984365,False,precision
11385,0.8831058020477816,0.23592446201141853,2686,0.7235991379310345,0.21001014639282026,False,precision
11432,0.8867514737821905,0.23539188243526943,2691,0.7249461206896551,0.20994517228189094,False,precision
11434,0.8869066087496121,0.23535070841350358,2691,0.7249461206896551,0.2098940688246204,False,precision
11488,0.8910952528699969,0.234766713091922,2697,0.7265625,0.209417958566773,False,precision
11546,0.895594166925225,0.23402043997921357,2702,0.7279094827586207,0.20846405386545191,False,precision
11598,0.899627676078188,0.23348853250560442,2708,0.7295258620689655,0.2083929856017698,False,precision
11600,0.8997828110456096,0.23344827586206895,2708,0.7295258620689655,0.20797899033240289,False,precision
11601,0.8998603785293205,0.23342815274545298,2708,0.7295258620689655,0.20769533349597777,False,precision
11624,0.9016444306546696,0.2331383344803854,2710,0.7300646551724138,0.2076448627728516,False,precision
11634,0.9024201054917779,0.23302389547876912,2711,0.7303340517241379,0.20718437658905872,False,precision
11653,0.9038938876822836,0.23272976915815669,2712,0.7306034482758621,0.20704239390088655,False,precision
11654,0.9039714551659944,0.23270979921057147,2712,0.7306034482758621,0.20643599518847724,False,precision
11657,0.9042041576171269,0.23264990992536674,2712,0.7306034482758621,0.20614445286125146,False,precision
11661,0.9045144275519702,0.23257010547980447,2712,0.7306034482758621,0.20528629158077794,False,precision
11721,0.90916847657462,0.23197679378892586,2719,0.732489224137931,0.20457179982105847,False,precision
11733,0.9100992863791498,0.23182476774908378,2720,0.7327586206896551,0.20445784600045577,False,precision
11734,0.9101768538628607,0.23180501107891596,2720,0.7327586206896551,0.20305520817322012,False,precision
11746,0.9111076636673906,0.23165332879278053,2721,0.7330280172413793,0.20290864729343533,False,precision
11748,0.9112627986348123,0.23161389172625127,2721,0.7330280172413793,0.20169555925537833,False,precision
11805,0.9156841452063295,0.23100381194409148,2727,0.7346443965517241,0.20121753030349432,False,precision
11857,0.9197176543592925,0.23066542970397233,2735,0.7367995689655172,0.2011171623752644,False,precision
11862,0.9201054917778467,0.23056820097791267,2735,0.7367995689655172,0.20088766663840754,False,precision
11901,0.923130623642569,0.22981262078816905,2735,0.7367995689655172,0.20074840329143828,False,precision
11913,0.924061433447099,0.22958112985813817,2735,0.7367995689655172,0.20067487954646293,False,precision
11916,0.9242941358982315,0.22952332997650218,2735,0.7367995689655172,0.20056303695125638,False,precision
11917,0.9243717033819423,0.22950406981622892,2735,0.7367995689655172,0.20053848541309086,False,precision
11918,0.9244492708656531,0.22948481288806846,2735,0.7367995689655172,0.20006706421884632,False,precision
11925,0.9249922432516289,0.22935010482180293,2735,0.7367995689655172,0.20001670187901,False,precision
11944,0.9264660254421346,0.2291527126590757,2737,0.7373383620689655,0.19997904735749558,False,precision
11950,0.9269314303443996,0.22903765690376568,2737,0.7373383620689655,0.19915094178733486,False,precision
11990,0.9300341296928327,0.22827356130108423,2737,0.7373383620689655,0.1972446501603928,False,precision
11995,0.9304219671113869,0.22817840766986244,2737,0.7373383620689655,0.19668335417502528,False,precision
11997,0.9305771020788086,0.2281403684254397,2737,0.7373383620689655,0.19593882224831613,False,precision
12004,0.9311200744647844,0.22800733088970343,2737,0.7373383620689655,0.19553411052558592,False,precision
12006,0.931275209432206,0.22796934865900384,2737,0.7373383620689655,0.19536065561318777,False,precision
12012,0.931740614334471,0.22785547785547786,2737,0.7373383620689655,0.19529832643290673,False,precision
12013,0.9318181818181818,0.22783651044701572,2737,0.7373383620689655,0.1951997476634317,False,precision
12014,0.9318957493018927,0.22781754619610453,2737,0.7373383620689655,0.19481117029837605,False,precision
12050,0.9346881787154825,0.22713692946058092,2737,0.7373383620689655,0.1947125710611167,False,precision
12086,0.9374806081290723,0.22662584808869768,2739,0.7378771551724138,0.1937262811293269,False,precision
12087,0.9375581756127831,0.22660709853561678,2739,0.7378771551724138,0.19361823208949488,False,precision
12090,0.9377908780639156,0.22655086848635236,2739,0.7378771551724138,0.1931707251666281,False,precision
12108,0.9391870927707106,0.22629666336306575,2740,0.7381465517241379,0.19249229313897287,False,precision
12111,0.939419795221843,0.22624060771199736,2740,0.7381465517241379,0.19245131559919154,False,precision
12116,0.9398076326403971,0.2261472433146253,2740,0.7381465517241379,0.19211637118383443,False,precision
12119,0.9400403350915296,0.2260912616552521,2740,0.7381465517241379,0.19182539391651837,False,precision
12121,0.9401954700589513,0.22605395594422903,2740,0.7381465517241379,0.19168509102227071,False,precision
12140,0.9416692522494571,0.2257825370675453,2741,0.7384159482758621,0.1913740189927278,False,precision
12150,0.9424449270865654,0.22567901234567903,2742,0.7386853448275862,0.19075498352504197,False,precision
12160,0.9432206019236736,0.22549342105263157,2742,0.7386853448275862,0.19064377100175056,False,precision
12170,0.9439962767607819,0.22530813475760067,2742,0.7386853448275862,0.18998915454024137,False,precision
12174,0.9443065466956252,0.2252341054706752,2742,0.7386853448275862,0.18980764956908358,False,precision
12175,0.944384114179336,0.22521560574948665,2742,0.7386853448275862,0.18941189131276825,False,precision
12210,0.947098976109215,0.22473382473382472,2744,0.7392241379310345,0.1893280572473239,False,precision
12244,0.9497362705553832,0.22419144070565175,2745,0.7394935344827587,0.18926198135424271,False,precision
12246,0.9498914055228048,0.2241548260656541,2745,0.7394935344827587,0.1892355728370074,False,precision
12258,0.9508222153273348,0.223935389133627,2745,0.7394935344827587,0.18876077262906882,False,precision
12259,0.9508997828110456,0.22391712211436496,2745,0.7394935344827587,0.1886632130969114,False,precision
12283,0.9527614024201055,0.22364243263046488,2747,0.7400323275862069,0.18850364352373555,False,precision
12287,0.9530716723549488,0.22356962643444292,2747,0.7400323275862069,0.18840276714780138,False,precision
12288,0.9531492398386596,0.22355143229166666,2747,0.7400323275862069,0.1882725298251986,False,precision
12319,0.9555538318336954,0.22307005438753147,2748,0.740301724137931,0.18809356961055776,False,precision
12339,0.9571051815079119,0.22295161682470216,2751,0.7411099137931034,0.18746022682569913,False,precision
12352,0.9581135587961527,0.22279792746113988,2752,0.7413793103448276,0.18699302305674567,False,precision
12366,0.9591995035681042,0.22262655668769205,2753,0.7416487068965517,0.1869847394017735,False,precision
12367,0.959277071051815,0.222608555025471,2753,0.7416487068965517,0.18623002939723796,False,precision
12368,0.9593546385355259,0.22259055627425614,2753,0.7416487068965517,0.18480229326144973,False,precision
12370,0.9595097735029475,0.22255456750202102,2753,0.7416487068965517,0.1846444948902998,False,precision
12380,0.9602854483400558,0.22245557350565429,2754,0.7419181034482759,0.1836385756090172,False,precision
12393,0.9612938256282966,0.2222222222222222,2754,0.7419181034482759,0.18362565024848793,False,precision
12395,0.9614489605957183,0.22218636546994755,2754,0.7419181034482759,0.1835454200345535,False,precision
12415,0.9630003102699348,0.2220700765203383,2757,0.7427262931034483,0.18253040692854536,False,precision
12418,0.9632330127210673,0.2220164277661459,2757,0.7427262931034483,0.18244127796374005,False,precision
12419,0.9633105802047781,0.22199855060793944,2757,0.7427262931034483,0.18159002010425138,False,precision
12420,0.963388147688489,0.2219806763285024,2757,0.7427262931034483,0.18004039471103445,False,precision
12429,0.9640862550418864,0.2219003942392791,2758,0.7429956896551724,0.1796328941236824,False,precision
12431,0.9642413900093081,0.2218646931059448,2758,0.7429956896551724,0.17959390571130807,False,precision
12434,0.9644740924604406,0.2218111629403249,2758,0.7429956896551724,0.17941494396027352,False,precision
12444,0.9652497672975489,0.2217132754741241,2759,0.7432650862068966,0.17935970076846933,False,precision
12447,0.9654824697486813,0.22165983771189846,2759,0.7432650862068966,0.17917101675830843,False,precision
12455,0.9661030096183679,0.22151746286631874,2759,0.7432650862068966,0.1790257007041766,False,precision
12459,0.9664132795532113,0.22144634400834737,2759,0.7432650862068966,0.17816026637728166,False,precision
12464,0.9668011169717654,0.22135750962772785,2759,0.7432650862068966,0.1779884415083063,False,precision
12481,0.9681197641948495,0.22105600512779425,2759,0.7432650862068966,0.17755054016613497,False,precision
12482,0.9681973316785604,0.2210382951450088,2759,0.7432650862068966,0.1775420261864702,False,precision
12485,0.9684300341296929,0.2209851822186624,2759,0.7432650862068966,0.17740246591512807,False,precision
12499,0.9695159789016444,0.2208976718137451,2761,0.7438038793103449,0.17739954492187368,False,precision
12504,0.9699038163201986,0.22080934101087651,2761,0.7438038793103449,0.17692823489409043,False,precision
12505,0.9699813838039094,0.22079168332666932,2761,0.7438038793103449,0.1769062192195059,False,precision
12507,0.9701365187713311,0.22075637642919965,2761,0.7438038793103449,0.17661315499547675,False,precision
12542,0.97285138070121,0.22029979269653963,2763,0.7443426724137931,0.1764498015795987,False,precision
12543,0.9729289481849209,0.22028222913178666,2763,0.7443426724137931,0.17585156380270323,False,precision
12544,0.9730065156686317,0.22026466836734693,2763,0.7443426724137931,0.1748043118030119,False,precision
12562,0.9744027303754266,0.21994905269861487,2763,0.7443426724137931,0.17473879732368372,False,precision
12568,0.9748681352776916,0.21984404837683005,2763,0.7443426724137931,0.17418082216557557,False,precision
12573,0.9752559726962458,0.21975662133142448,2763,0.7443426724137931,0.1739997944336779,False,precision
12574,0.9753335401799565,0.2197391442659456,2763,0.7443426724137931,0.17308406723307748,False,precision
12580,0.9757989450822215,0.21963434022257552,2763,0.7443426724137931,0.17257222648471726,False,precision
12582,0.9759540800496432,0.21967890637418536,2764,0.7446120689655172,0.17239524722258018,False,precision
12585,0.9761867825007757,0.2196265395311879,2764,0.7446120689655172,0.17225412296621842,False,precision
12587,0.9763419174681973,0.21959164217049337,2764,0.7446120689655172,0.17207017933266994,False,precision
12589,0.976497052435619,0.2195567558980062,2764,0.7446120689655172,0.1719381182024218,False,precision
12590,0.9765746199193298,0.21953931691818904,2764,0.7446120689655172,0.1719199409250424,False,precision
12591,0.9766521874030406,0.21952188070844253,2764,0.7446120689655172,0.1711251809730671,False,precision
12592,0.9767297548867515,0.21950444726810672,2764,0.7446120689655172,0.1709548746324356,False,precision
12594,0.9768848898541731,0.21946958869302843,2764,0.7446120689655172,0.1697338740697168,False,precision
12599,0.9772727272727273,0.21946186205254387,2765,0.7448814655172413,0.1693006119677665,False,precision
12617,0.9786689419795221,0.21930728382341286,2767,0.7454202586206896,0.16925380438834045,False,precision
12619,0.9788240769469438,0.2192725255567002,2767,0.7454202586206896,0.16884112330506632,False,precision
12657,0.9817716413279554,0.21916725922414473,2774,0.7473060344827587,0.16838795325015937,False,precision
12662,0.9821594787465094,0.2190807139472437,2774,0.7473060344827587,0.16810757603303234,False,precision
12687,0.9840986658392802,0.21872783163868526,2775,0.7475754310344828,0.16799274110920379,False,precision
12688,0.984176233322991,0.21871059268600251,2775,0.7475754310344828,0.16763503075750263,False,precision
12695,0.9847192057089668,0.2185899960614415,2775,0.7475754310344828,0.16735205111604876,False,precision
12698,0.9849519081600993,0.21853835249645615,2775,0.7475754310344828,0.16671460968970608,False,precision
12700,0.985107043127521,0.21850393700787402,2775,0.7475754310344828,0.1662004729182415,False,precision
12704,0.9854173130623642,0.21851385390428213,2776,0.7478448275862069,0.16618729768333207,False,precision
12723,0.98689109525287,0.21818753438654406,2776,0.7478448275862069,0.16517036384905032,False,precision
12726,0.9871237977040025,0.21813609932421812,2776,0.7478448275862069,0.16475603415412837,False,precision
12727,0.9872013651877133,0.2181189596919934,2776,0.7478448275862069,0.16451345219398378,False,precision
12745,0.9885975798945082,0.2178109062377403,2776,0.7478448275862069,0.16400525585243453,False,precision
12757,0.9895283896990381,0.21768440856000626,2777,0.748114224137931,0.1637600729809277,False,precision
12779,0.9912348743406764,0.2173096486423038,2777,0.748114224137931,0.16269285481634224,False,precision
12780,0.9913124418243873,0.21729264475743348,2777,0.748114224137931,0.16239964198302814,False,precision
12781,0.9913900093080981,0.21727564353336984,2777,0.748114224137931,0.1616518237328984,False,precision
12799,0.9927862240148929,0.21697007578717087,2777,0.748114224137931,0.16158670566165018,False,precision
12801,0.9929413589823146,0.21693617686118272,2777,0.748114224137931,0.15991900069345963,False,precision
12821,0.9944927086565312,0.21667576632087981,2778,0.7483836206896551,0.15837523794928504,False,precision
12826,0.9948805460750854,0.2165912989240605,2778,0.7483836206896551,0.15829140148765908,False,precision
12827,0.9949581135587962,0.2165744133468465,2778,0.7483836206896551,0.15607894333861788,False,precision
12829,0.9951132485262179,0.21654065008964066,2778,0.7483836206896551,0.15587733012662985,False,precision
12830,0.9951908160099286,0.21652377240841778,2778,0.7483836206896551,0.15355389792999913,False,precision
12832,0.9953459509773503,0.21649002493765587,2778,0.7483836206896551,0.15193840090508592,False,precision
12833,0.9954235184610611,0.21647315514688692,2778,0.7483836206896551,0.15144096020513403,False,precision
12834,0.9955010859447719,0.21645628798503974,2778,0.7483836206896551,0.14741931876863765,False,precision
12835,0.9955786534284827,0.2164394234514998,2778,0.7483836206896551,0.14719613690272923,False,precision
12836,0.9956562209121936,0.2165004674353381,2779,0.7486530172413793,0.14705495947054817,False,precision
12860,0.9975178405212535,0.21632970451010886,2782,0.7494612068965517,0.14692906164549208,False,precision
12861,0.9975954080049643,0.216312883912604,2782,0.7494612068965517,0.14676526856006997,False,precision
12862,0.9976729754886752,0.2163738143368061,2783,0.7497306034482759,0.1452782940032753,False,precision
12863,0.997750542972386,0.21635699292544508,2783,0.7497306034482759,0.1451813491170209,False,precision
12865,0.9979056779398077,0.2163233579479207,2783,0.7497306034482759,0.14358357985629203,False,precision
12866,0.9979832454235185,0.21630654438053784,2783,0.7497306034482759,0.14294996287379297,False,precision
12869,0.998215947874651,0.21625611935659336,2783,0.7497306034482759,0.14203184358299314,False,precision
12872,0.9984486503257834,0.21620571783716594,2783,0.7497306034482759,0.13471530614715413,False,precision
12878,0.9989140552280484,0.21618263705544338,2784,0.75,0.13442956943954187,False,precision
12880,0.99906919019547,0.21614906832298136,2784,0.75,0.13378037918653457,False,precision
12881,0.9991467576791809,0.21613228786584893,2784,0.75,0.13375702960853644,False,precision
12885,0.9994570276140242,0.2161428017074117,2785,0.7502693965517241,0.13268989400248224,False,precision
12886,0.999534595097735,0.21612602824771068,2785,0.7502693965517241,0.13230805003161245,False,precision
12887,0.9996121625814458,0.2161092573911694,2785,0.7502693965517241,0.12828694412779945,False,precision
12888,0.9996897300651567,0.21609248913718188,2785,0.7502693965517241,0.12455386456742655,False,precision
12890,0.9998448650325783,0.2160589604344453,2785,0.7502693965517241,0.12222670891192795,False,precision
12892,1.0,0.21602544213465716,2785,0.7502693965517241,0.12222670891192794,False,precision
