band_size,band_fraction,precision,positives_in_band,recall,threshold,feasible,binding
5,0.00015174506828528073,0.8,4,0.0010775862068965517,0.9454192938717594,False,support
10,0.00030349013657056146,0.7,7,0.0018857758620689656,0.9453949840170575,False,support
13,0.0003945371775417299,0.6923076923076923,9,0.0024245689655172415,0.9453550704666276,False,support
19,0.0005766312594840668,0.631578947368421,12,0.003232758620689655,0.9442715021509128,False,support
30,0.0009104704097116844,0.5666666666666667,17,0.0045797413793103444,0.9442167673325716,False,support
31,0.0009408194233687405,0.5483870967741935,17,0.0045797413793103444,0.9417227764205455,False,support
33,0.0010015174506828527,0.5454545454545454,18,0.004849137931034483,0.9409257103973484,False,support
46,0.0013960546282245827,0.5217391304347826,24,0.00646551724137931,0.9403713616751287,False,support
56,0.0016995447647951442,0.5535714285714286,31,0.008351293103448275,0.9391843556777151,False,support
59,0.0017905918057663126,0.559322033898305,33,0.008890086206896552,0.9390545877659298,False,support
61,0.0018512898330804248,0.5573770491803278,34,0.009159482758620689,0.9390422819061186,False,support
81,0.002458270106221548,0.5679012345679012,46,0.012392241379310345,0.9385679744513483,True,
82,0.002488619119878604,0.573170731707317,47,0.012661637931034482,0.9380500212122328,True,
83,0.0025189681335356603,0.5783132530120482,48,0.01293103448275862,0.9365174781376772,True,
85,0.0025796661608497723,0.5882352941176471,50,0.013469827586206896,0.9359722648482368,True,
99,0.0030045523520485585,0.6060606060606061,60,0.016163793103448277,0.9358168772110712,True,
116,0.003520485584218513,0.6120689655172413,71,0.01912715517241379,0.9357992469176396,True,
128,0.0038846737481031865,0.6171875,79,0.021282327586206896,0.9355093389640513,True,
133,0.004036418816388467,0.6090225563909775,81,0.021821120689655173,0.9351511470546162,True,
149,0.004522003034901366,0.610738255033557,91,0.02451508620689655,0.9348327268216704,True,
157,0.004764795144157815,0.6242038216560509,98,0.026400862068965518,0.9348282639845362,True,
159,0.004825493171471927,0.6289308176100629,100,0.02693965517241379,0.9348099456786643,True,
163,0.004946889226100152,0.6196319018404908,101,0.02720905172413793,0.9347672089027362,True,
164,0.004977238239757208,0.6158536585365854,101,0.02720905172413793,0.9346191759059532,True,
171,0.005189681335356601,0.6023391812865497,103,0.02774784482758621,0.9344985937328902,True,
177,0.005371775417298938,0.6101694915254238,108,0.029094827586206896,0.9344170515812698,True,
179,0.00543247344461305,0.6089385474860335,109,0.029364224137931036,0.9339763135147457,True,
190,0.005766312594840668,0.6210526315789474,118,0.03178879310344827,0.9334893049173179,True,
191,0.005796661608497723,0.6230366492146597,119,0.03205818965517242,0.9327971193512798,True,
198,0.006009104704097117,0.6313131313131313,125,0.033674568965517244,0.9324254023699823,True,
202,0.006130500758725342,0.6237623762376238,126,0.03394396551724138,0.9322833203372497,True,
216,0.006555386949924127,0.6296296296296297,136,0.036637931034482756,0.9319822005165204,True,
217,0.006585735963581183,0.631336405529954,137,0.0369073275862069,0.9315888832726384,True,
221,0.006707132018209408,0.6289592760180995,139,0.03744612068965517,0.9303096511313267,True,
222,0.006737481031866464,0.6306306306306306,140,0.03771551724137931,0.9300519010436648,True,
225,0.006828528072837633,0.6311111111111111,142,0.03825431034482758,0.929998577913469,True,
227,0.0068892261001517454,0.6343612334801763,144,0.03879310344827586,0.928891963239432,True,
241,0.007314112291350531,0.6307053941908713,152,0.040948275862068964,0.928676103119891,True,
260,0.007890743550834597,0.6269230769230769,163,0.04391163793103448,0.9286740884852036,True,
264,0.008012139605462822,0.6287878787878788,166,0.0447198275862069,0.9285561984253714,True,
270,0.00819423368740516,0.6259259259259259,169,0.04552801724137931,0.9284344727502798,True,
271,0.008224582701062216,0.6273062730627307,170,0.045797413793103446,0.9281609921360863,True,
273,0.008285280728376327,0.63003663003663,172,0.04633620689655173,0.9281112730536029,True,
275,0.00834597875569044,0.6290909090909091,173,0.04660560344827586,0.927921143209631,True,
284,0.008619119878603945,0.6302816901408451,179,0.04822198275862069,0.9278474452064034,True,
289,0.008770864946889226,0.629757785467128,182,0.0490301724137931,0.9271131439009535,True,
290,0.008801213960546282,0.6275862068965518,182,0.0490301724137931,0.9270914592384096,True,
291,0.008831562974203339,0.6254295532646048,182,0.0490301724137931,0.9270106717005183,True,
292,0.008861911987860394,0.6267123287671232,183,0.049299568965517244,0.9265904129261692,True,
295,0.008952959028831564,0.6271186440677966,185,0.04983836206896552,0.9265184961831731,True,
296,0.00898330804248862,0.6283783783783784,186,0.050107758620689655,0.9264704106792657,True,
300,0.009104704097116844,0.63,189,0.05091594827586207,0.9262834147768507,True,
302,0.009165402124430956,0.6258278145695364,189,0.05091594827586207,0.9262523442078766,True,
304,0.009226100151745069,0.6282894736842105,191,0.051454741379310345,0.9262196795900319,True,
305,0.009256449165402124,0.6295081967213115,192,0.05172413793103448,0.9262125479798718,True,
307,0.009317147192716237,0.6286644951140065,193,0.05199353448275862,0.9261050282227254,True,
308,0.009347496206373294,0.6298701298701299,194,0.052262931034482756,0.9257700757355705,True,
315,0.009559939301972686,0.6285714285714286,198,0.05334051724137931,0.9256208055309757,True,
317,0.009620637329286799,0.6309148264984227,200,0.05387931034482758,0.925372672911944,True,
318,0.009650986342943854,0.6320754716981132,201,0.05414870689655173,0.9247669392760166,True,
332,0.010075872534142641,0.6325301204819277,210,0.056573275862068964,0.9246394610749499,True,
336,0.010197268588770864,0.6309523809523809,212,0.057112068965517244,0.9242749003222168,True,
339,0.010288315629742034,0.6253687315634219,212,0.057112068965517244,0.9242322786382573,True,
342,0.010379362670713202,0.6257309941520468,214,0.05765086206896552,0.9238590712268713,True,
343,0.010409711684370259,0.6268221574344023,215,0.057920258620689655,0.9236963995025784,True,
353,0.010713201820940819,0.6288951841359773,222,0.05980603448275862,0.9233711995209162,True,
355,0.010773899848254932,0.6281690140845071,223,0.060075431034482756,0.9232065527789167,True,
356,0.010804248861911989,0.6264044943820225,223,0.060075431034482756,0.9228979431211735,True,
360,0.010925644916540212,0.6305555555555555,227,0.06115301724137931,0.9226737983527045,True,
362,0.010986342943854324,0.6325966850828729,229,0.06169181034482758,0.9225833511053753,True,
366,0.011107738998482549,0.6311475409836066,231,0.06223060344827586,0.9218398769818275,True,
367,0.011138088012139606,0.6294277929155313,231,0.06223060344827586,0.9216851716042157,True,
372,0.011289833080424886,0.6290322580645161,234,0.06303879310344827,0.9216403917118163,True,
375,0.011380880121396054,0.6293333333333333,236,0.06357758620689655,0.9211873551327279,True,
376,0.011411229135053111,0.6276595744680851,236,0.06357758620689655,0.920719821133798,True,
379,0.011502276176024279,0.6226912928759895,236,0.06357758620689655,0.9206625446990561,True,
382,0.011593323216995447,0.6256544502617801,239,0.06438577586206896,0.9191338365914745,True,
383,0.011623672230652504,0.6240208877284595,239,0.06438577586206896,0.9187402186808998,True,
386,0.011714719271623672,0.6269430051813472,242,0.06519396551724138,0.9183241868876835,True,
400,0.012139605462822459,0.6275,251,0.06761853448275862,0.9182927788037658,True,
404,0.012261001517450684,0.6237623762376238,252,0.06788793103448276,0.9179924488757073,True,
411,0.012473444613050076,0.6204379562043796,255,0.06869612068965517,0.9176914431419947,True,
425,0.012898330804248861,0.6188235294117647,263,0.07085129310344827,0.9173948064001075,True,
460,0.013960546282245826,0.6108695652173913,281,0.07570043103448276,0.9173236296454655,True,
461,0.013990895295902884,0.6095444685466378,281,0.07570043103448276,0.917322409084842,True,
480,0.01456752655538695,0.6208333333333333,298,0.08028017241379311,0.9172685867268872,True,
482,0.014628224582701061,0.6224066390041494,300,0.08081896551724138,0.9171311176239811,True,
483,0.014658573596358119,0.6231884057971014,301,0.08108836206896551,0.91706623764378,True,
484,0.014688922610015174,0.6239669421487604,302,0.08135775862068965,0.9170105872950084,True,
487,0.014779969650986343,0.6262833675564682,305,0.08216594827586207,0.9168175113786249,True,
489,0.014840667678300456,0.6257668711656442,306,0.0824353448275862,0.9163877449104243,True,
490,0.014871016691957511,0.6244897959183674,306,0.0824353448275862,0.9162420512230892,True,
493,0.014962063732928679,0.6227180527383367,307,0.08270474137931035,0.9162274819141915,True,
495,0.015022761760242791,0.6222222222222222,308,0.08297413793103449,0.9160365834820045,True,
497,0.015083459787556904,0.6197183098591549,308,0.08297413793103449,0.9157136237735757,True,
506,0.015356600910470409,0.6225296442687747,315,0.08485991379310345,0.9156027081658881,True,
512,0.015538694992412746,0.6171875,316,0.08512931034482758,0.9154895361396036,True,
516,0.015660091047040973,0.6162790697674418,318,0.08566810344827586,0.915406598596428,True,
517,0.015690440060698026,0.6150870406189555,318,0.08566810344827586,0.914870999168289,True,
523,0.015872534142640365,0.6195028680688337,324,0.08728448275862069,0.9148477574248298,True,
530,0.016084977238239758,0.6188679245283019,328,0.08836206896551724,0.9147943610339896,True,
562,0.017056145675265554,0.6192170818505338,348,0.09375,0.9144396664500769,True,
564,0.017116843702579668,0.6187943262411347,349,0.09401939655172414,0.9141459591395111,True,
567,0.017207890743550835,0.6155202821869489,349,0.09401939655172414,0.9141109247025845,True,
568,0.01723823975720789,0.6161971830985915,350,0.09428879310344827,0.9140057506466966,True,
571,0.01732928679817906,0.6182136602451839,353,0.09509698275862069,0.9139567043343771,True,
583,0.01769347496206373,0.6174957118353345,360,0.09698275862068965,0.9135865912504973,True,
586,0.017784522003034903,0.6160409556313993,361,0.0972521551724138,0.9135064183427257,True,
587,0.017814871016691956,0.616695059625213,362,0.09752155172413793,0.9131850649623435,True,
591,0.01793626707132018,0.6175972927241963,365,0.09832974137931035,0.9128823057318213,True,
592,0.01796661608497724,0.6182432432432432,366,0.09859913793103449,0.912872135885524,True,
598,0.018148710166919574,0.6204013377926422,371,0.09994612068965517,0.9126662318401055,True,
600,0.018209408194233688,0.62,372,0.10021551724137931,0.9124689841904808,True,
601,0.018239757207890745,0.6189683860232945,372,0.10021551724137931,0.9123714743826047,True,
609,0.01848254931714719,0.6239737274220033,380,0.10237068965517242,0.9116003055746997,True,
636,0.01930197268588771,0.6194968553459119,394,0.10614224137931035,0.9114980188800671,True,
665,0.020182094081942336,0.6120300751879699,407,0.10964439655172414,0.9110485307990139,True,
667,0.02024279210925645,0.6131934032983508,409,0.11018318965517242,0.9106281202926637,True,
668,0.020273141122913504,0.6137724550898204,410,0.11045258620689655,0.9105288440544943,True,
671,0.020364188163884675,0.6125186289120715,411,0.11072198275862069,0.9103549034195997,True,
679,0.02060698027314112,0.6170839469808542,419,0.1128771551724138,0.9103265347839449,True,
680,0.02063732928679818,0.6176470588235294,420,0.11314655172413793,0.9102656282587442,True,
708,0.021487101669195752,0.6200564971751412,439,0.11826508620689655,0.9102280889807992,True,
709,0.021517450682852806,0.6205923836389281,440,0.11853448275862069,0.9092697842245163,True,
712,0.021608497723823977,0.6207865168539326,442,0.11907327586206896,0.9091594090414182,True,
717,0.021760242792109256,0.6178521617852162,443,0.11934267241379311,0.9081472373620393,True,
719,0.02182094081942337,0.6161335187760779,443,0.11934267241379311,0.9079915040206795,True,
722,0.021911987860394538,0.6135734072022161,443,0.11934267241379311,0.907722245883662,True,
723,0.021942336874051595,0.6141078838174274,444,0.11961206896551724,0.907392668020149,True,
726,0.022033383915022763,0.6143250688705234,446,0.12015086206896551,0.9071701018480887,True,
727,0.02206373292867982,0.6148555708390646,447,0.12042025862068965,0.9068016539749495,True,
729,0.02212443095599393,0.6159122085048011,449,0.12095905172413793,0.9067315926245526,True,
730,0.022154779969650987,0.6164383561643836,450,0.12122844827586207,0.9067308945761873,True,
738,0.022397572078907437,0.6151761517615176,454,0.12230603448275862,0.9066012213221478,True,
739,0.02242792109256449,0.6156968876860622,455,0.12257543103448276,0.9064947674956527,True,
767,0.023277693474962065,0.6192959582790091,475,0.12796336206896552,0.9062774080969498,True,
776,0.023550834597875568,0.6211340206185567,482,0.12984913793103448,0.9059069619650166,True,
806,0.024461305007587253,0.6203473945409429,500,0.13469827586206898,0.905831724956474,True,
807,0.02449165402124431,0.620817843866171,501,0.1349676724137931,0.9050144993350547,True,
809,0.02455235204855842,0.619283065512979,501,0.1349676724137931,0.9049059301738925,True,
820,0.024886191198786038,0.6195121951219512,508,0.13685344827586207,0.9047426998652023,True,
821,0.024916540212443095,0.6199756394640682,509,0.13712284482758622,0.9043561446951672,True,
823,0.02497723823975721,0.6208991494532199,511,0.13766163793103448,0.9041544875844953,True,
828,0.025128983308042488,0.6207729468599034,514,0.1384698275862069,0.9037773339774041,True,
830,0.025189681335356602,0.6204819277108434,515,0.13873922413793102,0.9029859053182073,True,
835,0.02534142640364188,0.6191616766467066,517,0.1392780172413793,0.9026466122170705,True,
837,0.025402124430955995,0.6188769414575866,518,0.13954741379310345,0.9022327210936649,True,
839,0.025462822458270105,0.6197854588796186,520,0.1400862068965517,0.9020879807856232,True,
842,0.025553869499241273,0.6199524940617577,522,0.140625,0.9017521239314363,True,
878,0.026646433990895297,0.6184510250569476,543,0.1462823275862069,0.9016233549673784,True,
888,0.026949924127465857,0.6182432432432432,549,0.1478987068965517,0.9014941626212205,True,
919,0.0278907435508346,0.6191512513601741,569,0.15328663793103448,0.9007490026633356,True,
920,0.027921092564491653,0.6195652173913043,570,0.15355603448275862,0.8994175394955359,True,
922,0.027981790591805767,0.6193058568329718,571,0.15382543103448276,0.8992912775894821,True,
925,0.028072837632776935,0.6205405405405405,574,0.15463362068965517,0.8990718869877106,True,
926,0.028103186646433992,0.6198704103671706,574,0.15463362068965517,0.8987908536574415,True,
929,0.02819423368740516,0.620021528525296,576,0.15517241379310345,0.8985400188641951,True,
937,0.02843702579666161,0.6211312700106724,582,0.1567887931034483,0.8985175077459576,True,
939,0.02849772382397572,0.6219382321618744,584,0.15732758620689655,0.8981647669446894,True,
941,0.028558421851289834,0.6216790648246546,585,0.1575969827586207,0.8980652440574232,True,
944,0.028649468892261002,0.6207627118644068,586,0.15786637931034483,0.8973191499250078,True,
948,0.028770864946889227,0.620253164556962,588,0.1584051724137931,0.8972981410583384,True,
949,0.02880121396054628,0.6195995785036881,588,0.1584051724137931,0.89718090000918,True,
959,0.029104704097116844,0.6204379562043796,595,0.16029094827586207,0.8970583423370952,True,
984,0.029863429438543247,0.6229674796747967,613,0.16514008620689655,0.8970079542164584,True,
986,0.029924127465857358,0.6217038539553753,613,0.16514008620689655,0.8969152037262726,True,
989,0.03001517450682853,0.6208291203235592,614,0.1654094827586207,0.8968382839312093,True,
990,0.030045523520485583,0.6202020202020202,614,0.1654094827586207,0.8963392475125265,True,
993,0.030136570561456754,0.6183282980866063,614,0.1654094827586207,0.8961578544739748,True,
998,0.030288315629742033,0.6192384769539078,618,0.16648706896551724,0.8960634719679482,True,
1004,0.03047040971168437,0.6185258964143426,621,0.16729525862068967,0.8957565160552261,True,
1005,0.030500758725341425,0.6179104477611941,621,0.16729525862068967,0.8957058746165546,True,
1015,0.03080424886191199,0.6157635467980296,625,0.16837284482758622,0.8956609373939614,True,
1016,0.030834597875569043,0.6151574803149606,625,0.16837284482758622,0.895407242391437,True,
1017,0.0308649468892261,0.615535889872173,626,0.16864224137931033,0.8952020956046955,True,
1026,0.031138088012139607,0.615009746588694,631,0.16998922413793102,0.895056122473756,True,
1031,0.031289833080424885,0.6129970902036858,632,0.17025862068965517,0.8949254253170966,True,
1035,0.03141122913505311,0.6125603864734299,634,0.17079741379310345,0.894840546128379,True,
1036,0.03144157814871017,0.611969111969112,634,0.17079741379310345,0.8947457781061787,True,
1037,0.03147192716236722,0.6113789778206364,634,0.17079741379310345,0.8940476833743424,True,
1038,0.03150227617602428,0.6107899807321773,634,0.17079741379310345,0.8938372175854289,True,
1039,0.031532625189681335,0.6102021174205967,634,0.17079741379310345,0.8937755927178829,True,
1065,0.0323216995447648,0.6046948356807512,644,0.17349137931034483,0.8936134552835112,True,
1069,0.03244309559939302,0.6043030869971936,646,0.1740301724137931,0.8932845055548573,True,
1070,0.03247344461305007,0.6046728971962617,647,0.17429956896551724,0.8928908450428269,True,
1076,0.032655538694992416,0.6050185873605948,651,0.17537715517241378,0.8927596846599307,True,
1080,0.03277693474962064,0.6037037037037037,652,0.17564655172413793,0.8923262566714465,True,
1082,0.03283763277693475,0.6035120147874307,653,0.17591594827586207,0.8922967783444031,True,
1088,0.03301972685887709,0.6029411764705882,656,0.17672413793103448,0.8913236245671925,True,
1095,0.03323216995447648,0.6009132420091324,658,0.17726293103448276,0.891071618312803,True,
1096,0.033262518968133536,0.6012773722627737,659,0.1775323275862069,0.8909620931917647,True,
1098,0.03332321699544765,0.6010928961748634,660,0.17780172413793102,0.8908227713050307,True,
1100,0.03338391502276176,0.600909090909091,661,0.17807112068965517,0.8907886054773908,True,
1103,0.033474962063732926,0.600181323662738,662,0.1783405172413793,0.8906378354924177,True,
1104,0.033505311077389986,0.6005434782608695,663,0.17860991379310345,0.8902340490980541,True,
1113,0.03377845220030349,0.5992812219227314,667,0.1796875,0.8901378518235307,True,
1115,0.033839150227617604,0.5991031390134529,668,0.17995689655172414,0.8897681678746632,True,
1118,0.03393019726858877,0.5992844364937389,670,0.1804956896551724,0.8896132407815444,True,
1119,0.033960546282245825,0.5996425379803396,671,0.18076508620689655,0.8895690744956908,True,
1122,0.03405159332321699,0.5998217468805704,673,0.18130387931034483,0.8893099895096714,True,
1123,0.03408194233687405,0.6001780943900267,674,0.18157327586206898,0.8892297371842303,True,
1124,0.03411229135053111,0.6005338078291815,675,0.1818426724137931,0.88888724834662,True,
1125,0.03414264036418816,0.6,675,0.1818426724137931,0.8888821914040451,True,
1155,0.035053110773899845,0.5965367965367966,689,0.18561422413793102,0.8888093055128308,True,
1157,0.03511380880121396,0.5955056179775281,689,0.18561422413793102,0.8882379341933394,True,
1164,0.035326251896813356,0.595360824742268,693,0.1866918103448276,0.8881125887249769,True,
1165,0.03535660091047041,0.5957081545064378,694,0.1869612068965517,0.8867781686329,True,
1166,0.03538694992412746,0.5951972555746141,694,0.1869612068965517,0.8867752141448928,True,
1167,0.035417298937784523,0.5946872322193659,694,0.1869612068965517,0.8865075881408107,True,
1168,0.03544764795144158,0.5950342465753424,695,0.18723060344827586,0.8861814572580969,True,
1171,0.035538694992412745,0.5943637916310845,696,0.1875,0.8853527251119729,True,
1172,0.035569044006069805,0.5938566552901023,696,0.1875,0.8852160625806887,True,
1173,0.03559939301972686,0.5933503836317136,696,0.1875,0.8850312828992936,True,
1181,0.03584218512898331,0.5935647756138865,701,0.1888469827586207,0.8850058213881971,True,
1183,0.03590288315629742,0.5934065934065934,702,0.18911637931034483,0.8849714764193353,True,
1187,0.036024279210925644,0.5914069081718618,702,0.18911637931034483,0.8849449202748468,True,
1189,0.03608497723823976,0.5904121110176619,702,0.18911637931034483,0.8849348477388066,True,
1190,0.03611532625189681,0.5899159663865546,702,0.18911637931034483,0.884830417991861,True,
1210,0.03672230652503793,0.5892561983471074,713,0.19207974137931033,0.8845041133978008,True,
1211,0.036752655538694994,0.5887696118909992,713,0.19207974137931033,0.8844913250520204,True,
1212,0.03678300455235205,0.5882838283828383,713,0.19207974137931033,0.8837856992947757,True,
1213,0.03681335356600911,0.5886232481450948,714,0.19234913793103448,0.8836121141647005,True,
1214,0.03684370257966616,0.5881383855024712,714,0.19234913793103448,0.8829088855779836,True,
1216,0.036904400606980275,0.5888157894736842,716,0.19288793103448276,0.8824571483420015,True,
1220,0.0370257966616085,0.5885245901639344,718,0.19342672413793102,0.8822995162809406,True,
1222,0.03708649468892261,0.5875613747954174,718,0.19342672413793102,0.8814838852352719,True,
1241,0.03766312594840668,0.5874294923448832,729,0.19639008620689655,0.8806043619248906,True,
1242,0.03769347496206373,0.5877616747181964,730,0.1966594827586207,0.8804578812623476,True,
1243,0.03772382397572079,0.587288817377313,730,0.1966594827586207,0.8800644594572408,True,
1266,0.03842185128983308,0.5868878357030016,743,0.20016163793103448,0.8797230770573025,True,
1268,0.038482549317147195,0.5875394321766562,745,0.20070043103448276,0.8797196786967526,True,
1287,0.03905918057663126,0.585081585081585,753,0.20285560344827586,0.8794289128777639,True,
1295,0.039301972685887705,0.5845559845559846,757,0.2039331896551724,0.8792420080153315,True,
1296,0.039332321699544766,0.5848765432098766,758,0.20420258620689655,0.8791186839587513,True,
1297,0.03936267071320182,0.5844255975327679,758,0.20420258620689655,0.8790000697692697,True,
1300,0.03945371775417299,0.5846153846153846,760,0.20474137931034483,0.8789398949081059,True,
1303,0.039544764795144155,0.5840368380660015,761,0.20501077586206898,0.8788311671930699,True,
1330,0.04036418816388467,0.5827067669172933,775,0.2087823275862069,0.8783107373295154,True,
1332,0.040424886191198786,0.5825825825825826,776,0.20905172413793102,0.8782191761129553,True,
1334,0.0404855842185129,0.5824587706146926,777,0.20932112068965517,0.8781125326292892,True,
1335,0.040515933232169954,0.5827715355805243,778,0.2095905172413793,0.8775611479925064,True,
1339,0.04063732928679818,0.5825242718446602,780,0.2101293103448276,0.8765763263328757,True,
1340,0.040667678300455236,0.5828358208955224,781,0.2103987068965517,0.8759216822064069,True,
1343,0.040758725341426404,0.5822784810126582,782,0.21066810344827586,0.8756043820538174,True,
1360,0.04127465857359636,0.5838235294117647,794,0.21390086206896552,0.8754557272304342,True,
1389,0.04215477996965099,0.5845932325413967,812,0.21875,0.8753746000959555,True,
1391,0.0422154779969651,0.5837526959022286,812,0.21875,0.8752602460387363,True,
1392,0.042245827010622156,0.584051724137931,813,0.21901939655172414,0.8750730591053878,True,
1393,0.04227617602427921,0.5843503230437904,814,0.2192887931034483,0.8749818063969255,True,
1395,0.04233687405159332,0.5842293906810035,815,0.2195581896551724,0.8748224660927207,True,
1397,0.04239757207890744,0.5848246241947029,817,0.2200969827586207,0.8747660178389118,True,
1398,0.04242792109256449,0.5844062947067239,817,0.2200969827586207,0.8747082969234171,True,
1409,0.04276176024279211,0.5819730305180979,820,0.2209051724137931,0.8743183117257646,True,
1410,0.04279210925644916,0.5822695035460993,821,0.22117456896551724,0.874001849798977,True,
1412,0.042852807283763276,0.5821529745042493,822,0.22144396551724138,0.8739486812298427,True,
1413,0.04288315629742034,0.5817409766454352,822,0.22144396551724138,0.8729847852058705,True,
1414,0.04291350531107739,0.582036775106082,823,0.22171336206896552,0.8724957430004623,True,
1415,0.042943854324734444,0.5816254416961131,823,0.22171336206896552,0.8723914124370326,True,
1416,0.042974203338391505,0.5819209039548022,824,0.22198275862068967,0.8722736901282377,True,
1417,0.04300455235204856,0.5815102328863797,824,0.22198275862068967,0.8722730792987385,True,
1424,0.043216995447647955,0.5814606741573034,828,0.22306034482758622,0.8721224168271624,True,
1438,0.04364188163884674,0.5799721835883171,834,0.22467672413793102,0.8711343566740537,True,
1439,0.04367223065250379,0.5795691452397498,834,0.22467672413793102,0.871091057533222,True,
1441,0.04373292867981791,0.5794587092297016,835,0.22494612068965517,0.870880742564473,True,
1443,0.043793626707132015,0.5793485793485793,836,0.2252155172413793,0.8707767794757098,True,
1445,0.04385432473444613,0.5785467128027681,836,0.2252155172413793,0.8704421104333145,True,
1449,0.04397572078907436,0.5783298826777088,838,0.2257543103448276,0.870402109333099,True,
1466,0.04449165402124431,0.5757162346521146,844,0.2273706896551724,0.870321660999898,True,
1474,0.04473444613050076,0.5746268656716418,847,0.22817887931034483,0.8701440138217955,True,
1479,0.04488619119878604,0.5733603786342123,848,0.22844827586206898,0.8698399909959873,True,
1481,0.04494688922610015,0.5725860904794058,848,0.22844827586206898,0.8697673263773137,True,
1482,0.04497723823975721,0.5728744939271255,849,0.2287176724137931,0.8696899815030991,True,
1484,0.04503793626707132,0.5727762803234502,850,0.22898706896551724,0.8696227143376709,True,
1486,0.04509863429438543,0.5720053835800808,850,0.22898706896551724,0.8692782848079402,True,
1488,0.045159332321699545,0.5719086021505376,851,0.22925646551724138,0.8692482143653806,True,
1489,0.0451896813353566,0.5715245130960376,851,0.22925646551724138,0.8678114437401139,True,
1490,0.04522003034901366,0.5711409395973155,851,0.22925646551724138,0.8677388652608733,True,
1512,0.045887708649468895,0.5734126984126984,867,0.2335668103448276,0.8675712254384469,True,
1513,0.04591805766312595,0.573694646397885,868,0.2338362068965517,0.86736750151493,True,
1514,0.045948406676783,0.5739762219286658,869,0.23410560344827586,0.8668611113124294,True,
1515,0.04597875569044006,0.5735973597359736,869,0.23410560344827586,0.8667728523986179,True,
1516,0.046009104704097116,0.5738786279683378,870,0.234375,0.8664228564874578,True,
1624,0.049286798179059184,0.562807881773399,914,0.24622844827586207,0.8663492543342289,True,
1733,0.0525948406676783,0.5551067512983267,962,0.25915948275862066,0.8661411449921679,True,
1744,0.052928679817905916,0.5544724770642202,967,0.2605064655172414,0.8657696263294055,True,
1863,0.0565402124430956,0.5458937198067633,1017,0.2739762931034483,0.8656110223660721,True,
1864,0.056570561456752655,0.546137339055794,1018,0.27424568965517243,0.8655498066181501,True,
1880,0.057056145675265554,0.5452127659574468,1025,0.2761314655172414,0.8655159664453446,True,
1881,0.05708649468892261,0.5454545454545454,1026,0.2764008620689655,0.8651331478523424,True,
1882,0.05711684370257967,0.5456960680127524,1027,0.27667025862068967,0.8649445803374748,True,
1979,0.06006069802731411,0.5406771096513391,1070,0.28825431034482757,0.8649094537075357,True,
1980,0.060091047040971166,0.5404040404040404,1070,0.28825431034482757,0.864695574793776,True,
1981,0.060121396054628226,0.5406360424028268,1071,0.2885237068965517,0.8641907011935983,True,
1982,0.06015174506828528,0.5408678102926338,1072,0.28879310344827586,0.8641126278401119,True,
1983,0.06018209408194234,0.5410993444276349,1073,0.2890625,0.8637245279117397,True,
1985,0.06024279210925645,0.5410579345088161,1074,0.28933189655172414,0.8636976496470403,True,
2002,0.0607587253414264,0.538961038961039,1079,0.2906788793103448,0.8633402516882687,True,
2003,0.06078907435508346,0.5386919620569146,1079,0.2906788793103448,0.8632554749117881,True,
2006,0.06088012139605463,0.5388833499501495,1081,0.2912176724137931,0.8630335340535521,True,
2007,0.06091047040971168,0.5391131041355257,1082,0.29148706896551724,0.8624721049446412,True,
2015,0.06115326251896813,0.5379652605459057,1084,0.2920258620689655,0.8624428556910166,True,
2017,0.061213960546282246,0.5374318294496777,1084,0.2920258620689655,0.8623279699607102,True,
2018,0.0612443095599393,0.5371655104063429,1084,0.2920258620689655,0.8622646173707395,True,
2019,0.06127465857359636,0.5373947498761763,1085,0.29229525862068967,0.8613805852715042,True,
2131,0.06467374810318664,0.5330830595964337,1136,0.30603448275862066,0.860954642478468,True,
2136,0.06482549317147193,0.5323033707865169,1137,0.3063038793103448,0.8606745292013296,True,
2137,0.06485584218512898,0.5325222274216191,1138,0.30657327586206895,0.8605233703716096,True,
2140,0.06494688922610015,0.5331775700934579,1141,0.3073814655172414,0.8599149752241267,True,
2141,0.0649772382397572,0.5329285380663241,1141,0.3073814655172414,0.8597117344598384,True,
2146,0.06512898330804248,0.532618825722274,1143,0.30792025862068967,0.8596921859778578,True,
2147,0.06515933232169954,0.5323707498835585,1143,0.30792025862068967,0.8595020342246489,True,
2165,0.06570561456752655,0.5325635103926097,1153,0.31061422413793105,0.8594845432852803,True,
2171,0.0658877086494689,0.5329341317365269,1157,0.31169181034482757,0.8594119555220944,True,
2174,0.06597875569044007,0.5331186752529898,1159,0.31223060344827586,0.8585913929427226,True,
2177,0.06606980273141123,0.532843362425356,1160,0.3125,0.85814748812794,True,
2183,0.06625189681335357,0.5332111772789739,1164,0.3135775862068966,0.8575685156252344,True,
2198,0.06670713201820941,0.5345768880800728,1175,0.31654094827586204,0.8575324314527709,True,
2200,0.06676783004552352,0.5340909090909091,1175,0.31654094827586204,0.8572393875273894,True,
2201,0.06679817905918058,0.53430258973194,1176,0.3168103448275862,0.8570379243939804,True,
2202,0.06682852807283764,0.5340599455040872,1176,0.3168103448275862,0.8567467425569127,True,
2206,0.06694992412746585,0.5349048050770625,1180,0.31788793103448276,0.8562207710146886,True,
2207,0.06698027314112291,0.5346624376982329,1180,0.31788793103448276,0.8560533150534742,True,
2208,0.06701062215477997,0.5348731884057971,1181,0.3181573275862069,0.8557781199660205,True,
2211,0.06710166919575114,0.535052012663953,1183,0.3186961206896552,0.8553184331826191,True,
2214,0.06719271623672231,0.5343270099367661,1183,0.3186961206896552,0.8548783803698797,True,
2215,0.06722306525037937,0.5345372460496614,1184,0.31896551724137934,0.8545251490618704,True,
2217,0.06728376327769348,0.5340550293188994,1184,0.31896551724137934,0.854429945212034,True,
2218,0.06731411229135054,0.5338142470694319,1184,0.31896551724137934,0.8543965772041359,True,
2219,0.06734446130500758,0.533573681838666,1184,0.31896551724137934,0.8539801883400918,True,
2220,0.06737481031866464,0.5337837837837838,1185,0.3192349137931034,0.8535429603584519,True,
2224,0.06749620637329287,0.5337230215827338,1187,0.3197737068965517,0.8532814561889318,True,
2228,0.06761760242792109,0.5336624775583483,1189,0.3203125,0.8530426357967759,True,
2234,0.06779969650986344,0.5335720680393913,1192,0.32112068965517243,0.8526915449043176,True,
2235,0.06783004552352048,0.5333333333333333,1192,0.32112068965517243,0.85262778554427,True,
2241,0.06801213960546282,0.533244087460955,1195,0.3219288793103448,0.8526096166946048,True,
2242,0.06804248861911988,0.5330062444246209,1195,0.3219288793103448,0.8521734105692618,True,
2243,0.06807283763277694,0.5332144449398127,1196,0.32219827586206895,0.8520734695121365,True,
2245,0.06813353566009105,0.532739420935412,1196,0.32219827586206895,0.8518388705973021,True,
2249,0.06825493171471927,0.53223654957759,1197,0.3224676724137931,0.8481811134816586,True,
2251,0.06831562974203338,0.5326521545979565,1199,0.3230064655172414,0.8479912742481829,True,
2252,0.06834597875569044,0.5328596802841918,1200,0.3232758620689655,0.8470862390553996,True,
2254,0.06840667678300455,0.5332741792369121,1202,0.3238146551724138,0.8470649199057112,True,
2255,0.06843702579666161,0.5334811529933481,1203,0.32408405172413796,0.847044751976622,True,
2256,0.06846737481031867,0.5332446808510638,1203,0.32408405172413796,0.8466684350716592,True,
2292,0.06955993930197268,0.5301047120418848,1215,0.32731681034482757,0.8463592172193034,True,
2293,0.06959028831562974,0.5298735281290885,1215,0.32731681034482757,0.846035026531143,True,
2348,0.07125948406676783,0.5259795570698467,1235,0.33270474137931033,0.8459465775241558,True,
2351,0.071350531107739,0.5257337303275202,1236,0.3329741379310345,0.845560640743262,True,
2359,0.07159332321699545,0.5260703688003391,1241,0.3343211206896552,0.8451822420593107,True,
2382,0.07229135053110775,0.5235096557514693,1247,0.3359375,0.8444328463377825,True,
2383,0.07232169954476479,0.5237096097356274,1248,0.33620689655172414,0.8433736489900819,True,
2390,0.07253414264036419,0.5225941422594143,1249,0.3364762931034483,0.8431466492306952,True,
2428,0.07368740515933232,0.5205930807248764,1264,0.34051724137931033,0.8429265101382316,True,
2430,0.07374810318664643,0.5201646090534979,1264,0.34051724137931033,0.8421336224791428,True,
2431,0.07377845220030349,0.5199506375976964,1264,0.34051724137931033,0.8415974560410668,True,
2432,0.07380880121396055,0.5201480263157895,1265,0.3407866379310345,0.8414133518750896,True,
2433,0.0738391502276176,0.51993423756679,1265,0.3407866379310345,0.8409236537404507,True,
2434,0.07386949924127466,0.5201314708299096,1266,0.3410560344827586,0.8408468781529588,True,
2438,0.07399089529590289,0.5205086136177195,1269,0.34186422413793105,0.8408279103924466,True,
2439,0.07402124430955993,0.5207052070520706,1270,0.3421336206896552,0.840082409213413,True,
2443,0.07414264036418816,0.5198526401964797,1270,0.3421336206896552,0.8387221803213711,True,
2444,0.07417298937784522,0.5200490998363339,1271,0.34240301724137934,0.8385700894263762,True,
2454,0.07447647951441579,0.519559902200489,1275,0.34348060344827586,0.8378100985492424,True,
2457,0.07456752655538695,0.5197395197395197,1277,0.34401939655172414,0.8377633610068632,True,
2463,0.07474962063732929,0.5184734064149411,1277,0.34401939655172414,0.8374677233929376,True,
2469,0.07493171471927162,0.5176184690157959,1278,0.3442887931034483,0.8370340727577446,True,
2508,0.07611532625189682,0.516347687400319,1295,0.3488685344827586,0.8368262606570616,True,
2509,0.07614567526555387,0.516141889198884,1295,0.3488685344827586,0.8360775464790817,True,
2510,0.07617602427921093,0.5159362549800797,1295,0.3488685344827586,0.8358725249622658,True,
2512,0.07623672230652503,0.5163216560509554,1297,0.3494073275862069,0.8356608747921577,True,
2513,0.0762670713201821,0.5161161957819339,1297,0.3494073275862069,0.8351310570677709,True,
2553,0.07748103186646434,0.5154719937328633,1316,0.3545258620689655,0.8346409389970748,True,
2554,0.0775113808801214,0.5152701644479248,1316,0.3545258620689655,0.8345782901869023,True,
2563,0.0777845220030349,0.5142411236831838,1318,0.3550646551724138,0.8335950670162379,True,
2564,0.07781487101669196,0.5140405616224649,1318,0.3550646551724138,0.8322634063034399,True,
2590,0.07860394537177541,0.5127413127413127,1328,0.3577586206896552,0.8321496873545533,True,
2595,0.0787556904400607,0.51252408477842,1330,0.3582974137931034,0.8320995013897096,True,
2599,0.07887708649468893,0.5121200461716044,1331,0.35856681034482757,0.8317813428663711,True,
2601,0.07893778452200303,0.5124951941560938,1333,0.35910560344827586,0.8313291585741114,True,
2612,0.07927162367223066,0.5118683001531393,1337,0.36018318965517243,0.8313206967657142,True,
2630,0.07981790591805767,0.5110266159695818,1344,0.3620689655172414,0.8312485552921212,True,
2632,0.07987860394537177,0.5110182370820668,1345,0.3623383620689655,0.8305140893460752,True,
2635,0.07996965098634294,0.5104364326375711,1345,0.3623383620689655,0.830166376480719,True,
2636,0.08,0.5102427921092565,1345,0.3623383620689655,0.8295521461912857,True,
2638,0.08006069802731411,0.5098559514783927,1345,0.3623383620689655,0.8275952938613502,True,
2642,0.08018209408194234,0.5098410295230885,1347,0.3628771551724138,0.8273306201318622,True,
2644,0.08024279210925644,0.5094553706505295,1347,0.3628771551724138,0.82689964714238,True,
2645,0.0802731411229135,0.5092627599243856,1347,0.3628771551724138,0.8263237554687911,True,
2649,0.08039453717754173,0.5096262740656852,1350,0.3636853448275862,0.826191815303558,True,
2653,0.08051593323216995,0.5092348284960422,1351,0.36395474137931033,0.8257097868373386,True,
2654,0.08054628224582701,0.5090429540316503,1351,0.36395474137931033,0.8248728690145161,True,
2658,0.08066767830045524,0.5082768999247554,1351,0.36395474137931033,0.8248587671252008,True,
2660,0.08072837632776934,0.5082706766917293,1352,0.3642241379310345,0.8244699691612162,True,
2661,0.0807587253414264,0.5080796692972567,1352,0.3642241379310345,0.8243752616863795,True,
2668,0.0809711684370258,0.5071214392803598,1353,0.3644935344827586,0.8242412019034037,True,
2673,0.08112291350531108,0.5072951739618407,1356,0.36530172413793105,0.8240484614585618,True,
2679,0.08130500758725341,0.5065322881672266,1357,0.3655711206896552,0.8233243317236731,True,
2707,0.08215477996965098,0.5057258958256372,1369,0.3688038793103448,0.8230729114923349,True,
2709,0.0822154779969651,0.5057216685123662,1370,0.36907327586206895,0.8230677095094926,True,
2710,0.08224582701062215,0.5059040590405904,1371,0.3693426724137931,0.8229925813918008,True,
2711,0.08227617602427921,0.5057174474363704,1371,0.3693426724137931,0.8222247905024773,True,
2712,0.08230652503793627,0.5055309734513275,1371,0.3693426724137931,0.8222196234617571,True,
2721,0.08257966616084977,0.5045938993017273,1373,0.3698814655172414,0.8221131348923388,True,
2722,0.08261001517450683,0.5044085231447465,1373,0.3698814655172414,0.8218965106401569,True,
2729,0.08282245827010622,0.5042139978013924,1376,0.3706896551724138,0.8218649320307304,True,
2730,0.08285280728376328,0.504029304029304,1376,0.3706896551724138,0.8212887620088266,True,
2732,0.08291350531107738,0.5040263543191801,1377,0.37095905172413796,0.8212805430023522,True,
2743,0.08324734446130501,0.5030987969376595,1380,0.37176724137931033,0.8212041710085424,True,
2785,0.08452200303490137,0.5005385996409336,1394,0.3755387931034483,0.8211918164875778,True,
2786,0.08455235204855842,0.5007178750897344,1395,0.37580818965517243,0.8206998104623311,True,
2787,0.08458270106221548,0.5008970218873341,1396,0.3760775862068966,0.8204300271160636,True,
2827,0.08579666160849772,0.4987619384506544,1410,0.3798491379310345,0.8198948099875388,True,
2834,0.08600910470409712,0.4982357092448836,1412,0.38038793103448276,0.8197353107181994,True,
2842,0.08625189681335356,0.49824067558057705,1416,0.38146551724137934,0.8194414153124603,True,
2844,0.08631259484066768,0.4978902953586498,1416,0.38146551724137934,0.8191930016252347,True,
2849,0.08646433990895296,0.49771849771849774,1418,0.38200431034482757,0.8188817189461749,True,
2886,0.08758725341426403,0.4961884961884962,1432,0.3857758620689655,0.8188190147850005,True,
2897,0.08792109256449165,0.49568519157749397,1436,0.38685344827586204,0.8187315583787876,True,
2945,0.08937784522003035,0.49439728353140916,1456,0.3922413793103448,0.8179311718897078,True,
2946,0.0894081942336874,0.4942294636795655,1456,0.3922413793103448,0.8177801245871977,True,
2949,0.08949924127465857,0.49372668701254663,1456,0.3922413793103448,0.8175174581141839,True,
3007,0.09125948406676783,0.49185234452943133,1479,0.3984375,0.8174017537894558,True,
3008,0.09128983308042489,0.4920212765957447,1480,0.39870689655172414,0.8173701443795268,True,
3009,0.09132018209408194,0.49185776005317383,1480,0.39870689655172414,0.8172248667600233,True,
3015,0.09150227617602429,0.49087893864013266,1480,0.39870689655172414,0.8172097948389737,True,
3022,0.09171471927162367,0.48974189278623426,1480,0.39870689655172414,0.8170176210037546,True,
3024,0.09177541729893779,0.48974867724867727,1481,0.3989762931034483,0.8169890380161439,True,
3025,0.09180576631259484,0.48958677685950414,1481,0.3989762931034483,0.8168304503182436,True,
3028,0.091896813353566,0.4894319682959049,1482,0.39924568965517243,0.8166631731580434,True,
3034,0.09207890743550834,0.4891232696110745,1484,0.39978448275862066,0.8165046432497799,True,
3044,0.0923823975720789,0.4885019710906702,1487,0.4005926724137931,0.816361440135088,True,
3064,0.09298937784522003,0.48890339425587465,1498,0.4035560344827586,0.8159833344233172,True,
3067,0.0930804248861912,0.488425171177046,1498,0.4035560344827586,0.8158338376265125,True,
3075,0.09332321699544764,0.48813008130081303,1501,0.40436422413793105,0.8157781554259175,True,
3081,0.09350531107738999,0.4881531970139565,1504,0.4051724137931034,0.8156167702567614,True,
3086,0.09365705614567527,0.48768632534024625,1505,0.40544181034482757,0.8154551000621366,True,
3090,0.0937784522003035,0.48770226537216826,1507,0.40598060344827586,0.8154281542843875,True,
3093,0.09386949924127466,0.48722922728742324,1507,0.40598060344827586,0.8153669997767616,True,
3107,0.09429438543247344,0.48696491792726104,1513,0.40759698275862066,0.814976160779448,True,
3108,0.0943247344461305,0.4868082368082368,1513,0.40759698275862066,0.8146980823562806,True,
3109,0.09435508345978756,0.48697330331296235,1514,0.4078663793103448,0.813635856507493,True,
3113,0.09447647951441578,0.48699004176035976,1516,0.4084051724137931,0.8135991049140793,True,
3114,0.09450682852807284,0.48683365446371224,1516,0.4084051724137931,0.8134754914469587,True,
3115,0.0945371775417299,0.4869983948635634,1517,0.40867456896551724,0.8134699978960312,True,
3123,0.09477996965098634,0.48703170028818443,1521,0.4097521551724138,0.8131918630869593,True,
3135,0.09514415781487101,0.48740031897926633,1528,0.41163793103448276,0.8130662360737652,True,
3139,0.09526555386949924,0.4870978018477222,1529,0.4119073275862069,0.8128184822215532,True,
3142,0.09535660091047041,0.4872692552514322,1531,0.4124461206896552,0.8126652235413115,True,
3151,0.09562974203338391,0.487146937480165,1535,0.4135237068965517,0.812319100683659,True,
3156,0.0957814871016692,0.4866920152091255,1536,0.41379310344827586,0.8118796014557464,True,
3157,0.09581183611532625,0.4868546088058283,1537,0.4140625,0.8117893686356302,True,
3158,0.0958421851289833,0.48670044331855605,1537,0.4140625,0.8113551291014698,True,
3159,0.09587253414264037,0.4865463754352643,1537,0.4140625,0.8113385279544045,True,
3162,0.09596358118361153,0.48703352308665404,1540,0.41487068965517243,0.8113000650430559,True,
3170,0.09620637329286798,0.4867507886435331,1543,0.4156788793103448,0.8111294485651063,True,
3171,0.09623672230652504,0.48659728792179124,1543,0.4156788793103448,0.8106569994483391,True,
3172,0.0962670713201821,0.48675914249684743,1544,0.41594827586206895,0.8097924260880763,True,
3179,0.09647951441578148,0.48663101604278075,1547,0.4167564655172414,0.8097680403620867,True,
3180,0.09650986342943854,0.48647798742138365,1547,0.4167564655172414,0.8093007855630794,True,
3184,0.09663125948406677,0.4864949748743719,1549,0.41729525862068967,0.8082799651431564,True,
3187,0.09672230652503794,0.48666457483526826,1551,0.41783405172413796,0.8081934438794299,True,
3188,0.096752655538695,0.4868255959849435,1552,0.41810344827586204,0.8077816763191072,True,
3190,0.0968133535660091,0.4865203761755486,1552,0.41810344827586204,0.8074163733032703,True,
3191,0.09684370257966617,0.4866812911313068,1553,0.4183728448275862,0.8066892523893818,True,
3195,0.09696509863429438,0.486697965571205,1555,0.4189116379310345,0.8061954649249151,True,
3197,0.0970257966616085,0.48639349390053177,1555,0.4189116379310345,0.8059399488028307,True,
3199,0.09708649468892261,0.4867145983119725,1557,0.41945043103448276,0.8056836570237732,True,
3200,0.09711684370257967,0.4865625,1557,0.41945043103448276,0.8056492728849812,True,
3207,0.09732928679817907,0.4855004677268475,1557,0.41945043103448276,0.8056004723481881,True,
3209,0.09738998482549317,0.4855095045185416,1558,0.4197198275862069,0.8055479646108313,True,
3213,0.0975113808801214,0.48490507314036724,1558,0.4197198275862069,0.8049485597356795,True,
3218,0.09766312594840668,0.4847731510254817,1560,0.4202586206896552,0.8047929813086484,True,
3226,0.09790591805766313,0.4841909485430874,1562,0.4207974137931034,0.8044166845860728,True,
3234,0.09814871016691958,0.48330241187384043,1563,0.42106681034482757,0.8041574917526997,True,
3236,0.09820940819423368,0.48362175525339923,1565,0.42160560344827586,0.8015074868596258,True,
3239,0.09830045523520485,0.48317381907996293,1565,0.42160560344827586,0.801489684892419,True,
3256,0.09881638846737481,0.4818796068796069,1569,0.42268318965517243,0.8008731439626489,True,
3260,0.09893778452200304,0.48190184049079754,1571,0.42322198275862066,0.8006932713978857,True,
3265,0.09908952959028831,0.48208269525267994,1574,0.4240301724137931,0.8001214310446667,True,
3277,0.09945371775417298,0.4809276777540433,1576,0.4245689655172414,0.7998041343068238,True,
3279,0.0995144157814871,0.4806343397377249,1576,0.4245689655172414,0.7996467177913974,True,
3328,0.10100151745068285,0.47806490384615385,1591,0.4286099137931034,0.7988939351487148,True,
3335,0.10121396054628225,0.47856071964017993,1596,0.42995689655172414,0.7984186490142888,True,
3344,0.10148710166919575,0.4784688995215311,1600,0.43103448275862066,0.7981438766740253,True,
3348,0.10160849772382398,0.47819593787335724,1601,0.4313038793103448,0.7976733944424138,True,
3350,0.10166919575113809,0.4785074626865672,1603,0.4318426724137931,0.7972429384486374,True,
3394,0.10300455235204856,0.47583971714790807,1615,0.43507543103448276,0.7970950699301752,True,
3395,0.10303490136570562,0.47569955817378495,1615,0.43507543103448276,0.7967644719993364,True,
3398,0.10312594840667678,0.47616244849911715,1618,0.4358836206896552,0.796733803470455,True,
3400,0.10318664643399089,0.4761764705882353,1619,0.43615301724137934,0.7967310559207909,True,
3410,0.10349013657056146,0.4756598240469208,1622,0.4369612068965517,0.7966313124742082,True,
3411,0.10352048558421852,0.475520375256523,1622,0.4369612068965517,0.7962958635770605,True,
3414,0.10361153262518968,0.47510251903925016,1622,0.4369612068965517,0.7960474225582481,True,
3417,0.10370257966616085,0.4752707052970442,1624,0.4375,0.7958612579096677,True,
3420,0.10379362670713202,0.47543859649122805,1626,0.4380387931034483,0.7955230481449014,True,
3425,0.1039453717754173,0.4753284671532847,1628,0.4385775862068966,0.7954491403141345,True,
3430,0.10409711684370258,0.47551020408163264,1631,0.43938577586206895,0.7949948800013338,True,
3432,0.10415781487101669,0.4758158508158508,1633,0.43992456896551724,0.7945510339155178,True,
3446,0.10458270106221548,0.4764944863609983,1642,0.4423491379310345,0.7943455430396875,True,
3479,0.10558421851289833,0.4751365334866341,1653,0.4453125,0.7941314638975849,True,
3480,0.10561456752655539,0.475,1653,0.4453125,0.7941207843595942,True,
3490,0.10591805766312595,0.47564469914040114,1660,0.44719827586206895,0.7937202652703566,True,
3493,0.10600910470409712,0.4755224735184655,1661,0.4474676724137931,0.7936598778320614,True,
3494,0.10603945371775417,0.4753863766456783,1661,0.4474676724137931,0.7935275958750776,True,
3499,0.10619119878603946,0.4752786510431552,1663,0.4480064655172414,0.7932749915295606,True,
3536,0.10731411229135053,0.4731334841628959,1673,0.45070043103448276,0.7929780372748393,True,
3539,0.1074051593323217,0.47329754167844024,1675,0.45123922413793105,0.7929456704568186,True,
3541,0.1074658573596358,0.4735950296526405,1677,0.45177801724137934,0.7929017723713025,True,
3542,0.10749620637329287,0.47346132128740825,1677,0.45177801724137934,0.792545772643018,True,
3543,0.10752655538694993,0.47332768839966133,1677,0.45177801724137934,0.7925035005221918,True,
3551,0.10776934749620637,0.47282455646296817,1679,0.45231681034482757,0.7920212496902318,True,
3558,0.10798179059180577,0.4735806632939854,1685,0.45393318965517243,0.7919355981646596,True,
3577,0.10855842185128983,0.47274252166620073,1691,0.45554956896551724,0.7919189485638647,True,
3578,0.10858877086494689,0.4728898826159866,1692,0.4558189655172414,0.7917458903794674,True,
3580,0.108649468892261,0.4729050279329609,1693,0.4560883620689655,0.7915168199408837,True,
3584,0.10877086494688923,0.47237723214285715,1693,0.4560883620689655,0.7914388656607805,True,
3621,0.1098937784522003,0.471969069317868,1709,0.4603987068965517,0.7913131037044646,True,
3623,0.10995447647951441,0.47226055754899254,1711,0.4609375,0.7904562802293061,True,
3624,0.10998482549317147,0.47240618101545256,1712,0.46120689655172414,0.7898996478489555,True,
3625,0.11001517450682853,0.4722758620689655,1712,0.46120689655172414,0.789868805372624,True,
3627,0.11007587253414264,0.47229114971050457,1713,0.4614762931034483,0.7895678866447471,True,
3629,0.11013657056145676,0.4720308624965555,1713,0.4614762931034483,0.7889525259537242,True,
3631,0.11019726858877087,0.472321674469843,1715,0.4620150862068966,0.7888750352641984,True,
3663,0.11116843702579667,0.4711984711984712,1726,0.46497844827586204,0.7879927124417073,True,
3665,0.11122913505311077,0.4714870395634379,1728,0.46551724137931033,0.7877496957288695,True,
3667,0.11128983308042488,0.47150259067357514,1729,0.4657866379310345,0.7873484598348175,True,
3711,0.11262518968133535,0.47076259768256534,1747,0.47063577586206895,0.7872454231532323,True,
3712,0.11265553869499241,0.47063577586206895,1747,0.47063577586206895,0.7872333758936716,True,
3729,0.11317147192716237,0.4700992223116117,1753,0.4722521551724138,0.787151381484044,True,
3748,0.11374810318664644,0.4695837780149413,1760,0.47413793103448276,0.7871309864349982,True,
3750,0.11380880121396054,0.4696,1761,0.4744073275862069,0.7869938796247404,True,
3757,0.11402124430955994,0.46925738621240354,1763,0.4749461206896552,0.7866691643295642,True,
3763,0.11420333839150228,0.4690406590486314,1765,0.4754849137931034,0.78653130530382,True,
3807,0.11553869499241275,0.4672970843183609,1779,0.4792564655172414,0.7851422229453576,True,
3853,0.11693474962063732,0.46483259797560345,1791,0.48248922413793105,0.7845126634187606,True,
3855,0.11699544764795144,0.46459143968871597,1791,0.48248922413793105,0.7844928957379701,True,
3856,0.11702579666160849,0.4644709543568465,1791,0.48248922413793105,0.7843959406593392,True,
3858,0.11708649468892261,0.4642301710730949,1791,0.48248922413793105,0.7843202221334722,True,
3862,0.11720789074355084,0.4642672190574832,1793,0.48302801724137934,0.784219448084811,True,
3863,0.11723823975720789,0.4641470359823971,1793,0.48302801724137934,0.7839084294252838,True,
3869,0.11742033383915022,0.4634272421814422,1793,0.48302801724137934,0.7821847112872806,True,
3870,0.11745068285280728,0.4635658914728682,1794,0.4832974137931034,0.781703010994825,True,
3871,0.11748103186646434,0.4634461379488504,1794,0.4832974137931034,0.7815595448674206,True,
3872,0.11751138088012139,0.46358471074380164,1795,0.48356681034482757,0.781557370408818,True,
3874,0.11757207890743551,0.4638616417139907,1797,0.48410560344827586,0.7814501259305068,True,
3875,0.11760242792109256,0.463741935483871,1797,0.48410560344827586,0.781153236991784,True,
3913,0.1187556904400607,0.4628162535139279,1811,0.4878771551724138,0.7809846556503854,True,
3928,0.11921092564491655,0.4623217922606925,1816,0.4892241379310345,0.7807764892163062,True,
3930,0.11927162367223065,0.4623409669211196,1817,0.4894935344827586,0.7807019726289454,True,
3934,0.11939301972685888,0.461870869344179,1817,0.4894935344827586,0.7806060154424554,True,
3937,0.11948406676783005,0.4615189230378461,1817,0.4894935344827586,0.7803208747062571,True,
3938,0.1195144157814871,0.46140172676485525,1817,0.4894935344827586,0.7794737128744094,True,
3939,0.11954476479514416,0.46153846153846156,1818,0.48976293103448276,0.779416442118072,True,
3940,0.11957511380880122,0.46142131979695433,1818,0.48976293103448276,0.7791426490385043,True,
3941,0.11960546282245826,0.4613042375031718,1818,0.48976293103448276,0.7787785793680871,True,
3942,0.11963581183611532,0.4611872146118721,1818,0.48976293103448276,0.7775310241109132,True,
3946,0.11975720789074355,0.4609731373542828,1819,0.4900323275862069,0.7774591724247613,True,
3947,0.11978755690440061,0.46085634659234864,1819,0.4900323275862069,0.7770458537596577,True,
3948,0.11981790591805766,0.46099290780141844,1820,0.49030172413793105,0.7765041327937198,True,
3955,0.12003034901365706,0.46017699115044247,1820,0.49030172413793105,0.7758304902577785,True,
3956,0.12006069802731412,0.4603134479271992,1821,0.4905711206896552,0.7743163992309172,True,
3957,0.12009104704097116,0.46044983573414205,1822,0.49084051724137934,0.7741793798326231,True,
3965,0.12033383915022762,0.45977301387137454,1823,0.4911099137931034,0.7738135687865617,True,
3967,0.12039453717754173,0.45979329468111924,1824,0.49137931034482757,0.7735800891683311,True,
3968,0.12042488619119879,0.4596774193548387,1824,0.49137931034482757,0.7734203820882607,True,
3970,0.1204855842185129,0.45944584382871534,1824,0.49137931034482757,0.7734078602135174,True,
3971,0.12051593323216996,0.45933014354066987,1824,0.49137931034482757,0.7730662866942797,True,
3972,0.12054628224582702,0.459214501510574,1824,0.49137931034482757,0.7725213789598393,True,
3973,0.12057663125948406,0.4593506166624717,1825,0.4916487068965517,0.7725002250392257,True,
3981,0.12081942336874052,0.45842753077116305,1825,0.4916487068965517,0.7724958801996227,True,
3984,0.12091047040971169,0.45808232931726905,1825,0.4916487068965517,0.7717681166983891,True,
4000,0.12139605462822459,0.45725,1829,0.4927262931034483,0.7715483832538567,True,
4005,0.12154779969650986,0.45692883895131087,1830,0.49299568965517243,0.7714137273445463,True,
4006,0.12157814871016692,0.4570644033949076,1831,0.4932650862068966,0.7713039732014482,True,
4008,0.12163884673748103,0.4568363273453094,1831,0.4932650862068966,0.7704408292570462,True,
4009,0.12166919575113809,0.4569718134198054,1832,0.49353448275862066,0.7696298416278625,True,
4010,0.12169954476479515,0.4571072319201995,1833,0.4938038793103448,0.7696256937703564,True,
4012,0.12176024279210926,0.4568793619142572,1833,0.4938038793103448,0.7691606938546659,True,
4013,0.12179059180576632,0.45701470221779217,1834,0.49407327586206895,0.7689581760867774,True,
4019,0.12197268588770865,0.45633242100024884,1834,0.49407327586206895,0.7682186227348233,True,
4025,0.12215477996965099,0.45590062111801244,1835,0.4943426724137931,0.7677912638195485,True,
4036,0.1224886191198786,0.45515361744301286,1837,0.4948814655172414,0.76745071786276,True,
4038,0.12254931714719272,0.4551758296186231,1838,0.4951508620689655,0.7671035662772495,True,
4039,0.12257966616084977,0.45506313443921764,1838,0.4951508620689655,0.7670295317168874,True,
4044,0.12273141122913506,0.4547477744807122,1839,0.49542025862068967,0.7661644084925076,True,
4049,0.12288315629742033,0.4541862188194616,1839,0.49542025862068967,0.7661254470984129,True,
4053,0.12300455235204856,0.4539847026893659,1840,0.4956896551724138,0.7657293452457343,True,
4057,0.12312594840667679,0.4540300714813902,1842,0.49622844827586204,0.7653080387104089,True,
4058,0.12315629742033384,0.45416461310990636,1843,0.4964978448275862,0.7650760072563073,True,
4060,0.12321699544764796,0.4539408866995074,1843,0.4964978448275862,0.7642580387117694,True,
4061,0.123247344461305,0.4538291061314947,1843,0.4964978448275862,0.7630695989652577,True,
4068,0.1234597875569044,0.4530481809242871,1843,0.4964978448275862,0.76251978198415,True,
4069,0.12349013657056146,0.45293683951830915,1843,0.4964978448275862,0.7622704189293641,True,
4083,0.12391502276176024,0.45260837619397504,1848,0.4978448275862069,0.7622604012501665,True,
4086,0.1240060698027314,0.45252080274106704,1849,0.49811422413793105,0.7601927933014914,True,
4088,0.12406676783004553,0.45278864970645794,1851,0.49865301724137934,0.7600813339435599,True,
4089,0.12409711684370257,0.45267791636096844,1851,0.49865301724137934,0.7600284576001805,True,
4091,0.1241578148710167,0.4524566120752872,1851,0.49865301724137934,0.759900419562576,True,
4106,0.12461305007587253,0.4520214320506576,1856,0.5,0.7593700136208109,True,
4119,0.12500758725341427,0.45229424617625635,1863,0.501885775862069,0.7585897492781861,True,
4124,0.12515933232169954,0.4517458777885548,1863,0.501885775862069,0.7585484365665276,True,
4126,0.12522003034901366,0.4517692680562288,1864,0.5021551724137931,0.7583222584329324,True,
4127,0.12525037936267072,0.4516598013084565,1864,0.5021551724137931,0.7580772244385109,True,
4128,0.12528072837632778,0.45155038759689925,1864,0.5021551724137931,0.7578730105759658,True,
4144,0.12576631259484067,0.4502895752895753,1866,0.5026939655172413,0.7571428231194731,True,
4149,0.12591805766312594,0.4499879489033502,1867,0.5029633620689655,0.756651021276008,True,
4150,0.125948406676783,0.44987951807228915,1867,0.5029633620689655,0.7562040127475652,True,
4151,0.12597875569044006,0.44977113948446157,1867,0.5029633620689655,0.7561420224467197,True,
4152,0.12600910470409712,0.4496628131021195,1867,0.5029633620689655,0.7561228376558045,True,
4153,0.12603945371775419,0.44979532867806404,1868,0.5032327586206896,0.7545693526158053,True,
4154,0.12606980273141122,0.4496870486278286,1868,0.5032327586206896,0.7545432329770088,True,
4158,0.12619119878603946,0.4494949494949495,1869,0.5035021551724138,0.7541542883966623,True,
4159,0.12622154779969652,0.44962731425823516,1870,0.5037715517241379,0.7540227148965414,True,
4162,0.12631259484066767,0.4497837578087458,1872,0.5043103448275862,0.753964094543096,True,
4168,0.12649468892261,0.44937619961612285,1873,0.5045797413793104,0.7533930053037728,True,
4169,0.12652503793626707,0.4492684096905733,1873,0.5045797413793104,0.7531864990140487,True,
4170,0.12655538694992413,0.44916067146282973,1873,0.5045797413793104,0.7526121728415011,True,
4174,0.12667678300455235,0.449209391471011,1875,0.5051185344827587,0.7525786529558782,True,
4198,0.1274051593323217,0.44878513577894236,1884,0.5075431034482759,0.7521177247184475,True,
4199,0.12743550834597875,0.4486782567277923,1884,0.5075431034482759,0.7520933709584824,True,
4201,0.12749620637329287,0.4487026898357534,1885,0.5078125,0.7519548461733925,True,
4205,0.12761760242792108,0.4482758620689655,1885,0.5078125,0.7510131702350558,True,
4229,0.12834597875569043,0.4480964767084417,1895,0.5105064655172413,0.750437281603632,True,
4233,0.12846737481031867,0.44790928419560594,1896,0.5107758620689655,0.750251517055261,True,
4235,0.1285280728376328,0.44769775678866586,1896,0.5107758620689655,0.7496306623471486,True,
4288,0.13013657056145675,0.4451958955223881,1909,0.5142780172413793,0.7482379732524679,True,
4309,0.13077389984825494,0.4453469482478533,1919,0.5169719827586207,0.7480247615970236,True,
4344,0.1318361153262519,0.44452117863720075,1931,0.5202047413793104,0.7476986327964342,True,
4353,0.1321092564491654,0.44383184011026877,1932,0.5204741379310345,0.7472803455860169,True,
4354,0.13213960546282247,0.44395957740009184,1933,0.5207435344827587,0.7472099686360149,True,
4355,0.1321699544764795,0.44385763490241104,1933,0.5207435344827587,0.7466864651610686,True,
4382,0.13298937784522002,0.44317663167503424,1942,0.5231681034482759,0.7463223488774569,True,
4383,0.13301972685887709,0.4430755190508784,1942,0.5231681034482759,0.7461829870891208,True,
4384,0.13305007587253415,0.44297445255474455,1942,0.5231681034482759,0.7452158498539593,True,
4385,0.1330804248861912,0.44287343215507413,1942,0.5231681034482759,0.7451470584933266,True,
4416,0.13402124430955994,0.44180253623188404,1951,0.5255926724137931,0.744749149097194,True,
4483,0.1360546282245827,0.44033013606959626,1974,0.5317887931034483,0.7419385268129879,True,
4487,0.13617602427921094,0.43993759750390016,1974,0.5317887931034483,0.7418081325414647,True,
4488,0.13620637329286797,0.44006238859180036,1975,0.5320581896551724,0.7417102819145261,True,
4495,0.13641881638846737,0.43982202447163515,1977,0.5325969827586207,0.741400835382323,True,
4497,0.1364795144157815,0.43962641761174115,1977,0.5325969827586207,0.7400127416058654,True,
4540,0.1377845220030349,0.4363436123348018,1981,0.5336745689655172,0.7394419566912456,True,
4542,0.13784522003034902,0.43615147512109204,1981,0.5336745689655172,0.7388412518926918,True,
4584,0.13911987860394537,0.4352094240837696,1995,0.5374461206896551,0.7371300838603136,True,
4585,0.13915022761760243,0.4353326063249727,1996,0.5377155172413793,0.7368898197830288,True,
4641,0.14084977238239757,0.4343891402714932,2016,0.5431034482758621,0.7330739231427439,True,
4642,0.14088012139605463,0.43429556225764754,2016,0.5431034482758621,0.733061383146428,True,
4648,0.14106221547799697,0.4339500860585198,2017,0.5433728448275862,0.7324430181722283,True,
4684,0.14215477996965098,0.43360375747224594,2031,0.5471443965517241,0.7322459175503765,True,
4685,0.14218512898330804,0.4335112059765208,2031,0.5471443965517241,0.7313449884775081,True,
4693,0.1424279210925645,0.43298529725122525,2032,0.5474137931034483,0.7313095984457108,True,
4694,0.14245827010622156,0.43310609288453344,2033,0.5476831896551724,0.7298965465836278,True,
4695,0.1424886191198786,0.43322683706070286,2034,0.5479525862068966,0.729791482096789,True,
4703,0.14273141122913505,0.43312779077184776,2037,0.548760775862069,0.7291553993572184,True,
4708,0.14288315629742032,0.4328802039082413,2038,0.5490301724137931,0.7288451964419312,True,
4709,0.14291350531107738,0.43300063707793585,2039,0.5492995689655172,0.7288426884978643,True,
4710,0.14294385432473444,0.43312101910828027,2040,0.5495689655172413,0.7280525177254628,True,
4718,0.1431866464339909,0.4332344213649852,2044,0.5506465517241379,0.7276417075285035,True,
4722,0.14330804248861911,0.4332909783989835,2046,0.5511853448275862,0.7273398283820728,True,
4726,0.14342943854324736,0.4335590351248413,2049,0.5519935344827587,0.7268562134793782,True,
4728,0.14349013657056145,0.43379864636209814,2051,0.5525323275862069,0.7267092037282288,True,
4729,0.1435204855842185,0.43370691478113765,2051,0.5525323275862069,0.7265159612857228,True,
4730,0.14355083459787557,0.433615221987315,2051,0.5525323275862069,0.7262006479071124,True,
4740,0.14385432473444612,0.43333333333333335,2054,0.5533405172413793,0.7252226473157191,True,
4742,0.14391502276176024,0.43315056938000845,2054,0.5533405172413793,0.7227583021183798,True,
4747,0.14406676783004552,0.433115651990731,2056,0.5538793103448276,0.7224142080920826,True,
4775,0.1449165402124431,0.431413612565445,2060,0.5549568965517241,0.721782482156956,True,
4780,0.14506828528072838,0.43138075313807533,2062,0.5554956896551724,0.7183614595497503,True,
4781,0.14509863429438544,0.43129052499477094,2062,0.5554956896551724,0.7162617313033005,True,
4782,0.1451289833080425,0.43120033458803847,2062,0.5554956896551724,0.7152712451428441,True,
4783,0.14515933232169956,0.43111018189420863,2062,0.5554956896551724,0.7151292429354759,True,
4786,0.1452503793626707,0.43104889260342666,2063,0.5557650862068966,0.714740433268744,True,
4788,0.14531107738998483,0.43107769423558895,2064,0.5560344827586207,0.7144609746013265,True,
4790,0.14537177541729893,0.4311064718162839,2065,0.5563038793103449,0.7134827491015694,True,
4791,0.145402124430956,0.43101648925067837,2065,0.5563038793103449,0.7120295194231651,True,
4802,0.14573596358118363,0.4304456476468138,2067,0.5568426724137931,0.7108554236274972,True,
4809,0.145948406676783,0.43002703264712,2068,0.5571120689655172,0.7093086473060485,True,
4811,0.14600910470409711,0.4300561213884847,2069,0.5573814655172413,0.7068434834423825,True,
4812,0.14603945371775418,0.4299667497921862,2069,0.5573814655172413,0.7054657615170762,True,
4821,0.14631259484066766,0.4291640738436009,2069,0.5573814655172413,0.7045949600390128,True,
4823,0.14637329286798179,0.42898610823139127,2069,0.5573814655172413,0.7045080971404097,True,
4824,0.14640364188163885,0.4288971807628524,2069,0.5573814655172413,0.7030537514391176,True,
4825,0.1464339908952959,0.4288082901554404,2069,0.5573814655172413,0.7022800447842085,True,
4826,0.14646433990895297,0.4289266473269789,2070,0.5576508620689655,0.7020444319148973,True,
4828,0.14652503793626706,0.4287489643744822,2070,0.5576508620689655,0.7017607544926178,True,
4832,0.1466464339908953,0.4286009933774834,2071,0.5579202586206896,0.7013967961165769,True,
4834,0.1467071320182094,0.4284236657012826,2071,0.5579202586206896,0.7011996652213981,True,
4864,0.1476176024279211,0.4270148026315789,2077,0.5595366379310345,0.700149199918361,True,
4865,0.14764795144157816,0.42692702980472763,2077,0.5595366379310345,0.698866759386887,True,
4866,0.1476783004552352,0.426839293053843,2077,0.5595366379310345,0.6980533899256961,True,
4867,0.14770864946889226,0.4267515923566879,2077,0.5595366379310345,0.6964091842997325,True,
4869,0.14776934749620638,0.4265762990347094,2077,0.5595366379310345,0.6951828585888608,True,
4874,0.14792109256449165,0.4261386951169471,2077,0.5595366379310345,0.6944469588567682,True,
4876,0.14798179059180577,0.4259639048400328,2077,0.5595366379310345,0.6943638072471655,True,
4887,0.14831562974203338,0.4252097401268672,2078,0.5598060344827587,0.694292661587922,True,
4896,0.1485887708649469,0.4250408496732026,2081,0.560614224137931,0.6905060858268626,True,
4903,0.14880121396054627,0.42484193351009586,2083,0.5611530172413793,0.6903558101305026,True,
4929,0.14959028831562973,0.4244268614323392,2092,0.5635775862068966,0.6891267360097759,True,
4930,0.1496206373292868,0.4245436105476673,2093,0.5638469827586207,0.6888089229628184,True,
4931,0.14965098634294385,0.42445751368890694,2093,0.5638469827586207,0.6873989380466469,True,
4942,0.14998482549317146,0.42391744233104006,2095,0.564385775862069,0.685875957816015,True,
4943,0.15001517450682852,0.42383168116528425,2095,0.564385775862069,0.6855469186161995,True,
4945,0.15007587253414265,0.42406471183013145,2097,0.5649245689655172,0.6838426617385345,True,
4946,0.1501062215477997,0.42397897290739994,2097,0.5649245689655172,0.683823927509307,True,
4948,0.1501669195751138,0.42400970088924816,2098,0.5651939655172413,0.6827441482189934,True,
4955,0.1503793626707132,0.4236125126135217,2099,0.5654633620689655,0.6817602618417218,True,
4957,0.15044006069802732,0.4234415977405689,2099,0.5654633620689655,0.678128834453477,True,
4980,0.1511380880121396,0.42329317269076305,2108,0.5678879310344828,0.6767144368638994,True,
4982,0.15119878603945372,0.42332396627860297,2109,0.5681573275862069,0.6762239085037948,True,
4983,0.15122913505311078,0.42323901264298613,2109,0.5681573275862069,0.6717499204005893,True,
4986,0.15132018209408193,0.4231849177697553,2110,0.568426724137931,0.6715229712393735,True,
4987,0.151350531107739,0.42310006015640667,2110,0.568426724137931,0.6685855168157683,True,
4991,0.1514719271623672,0.42296133039471046,2111,0.5686961206896551,0.6678265858509557,True,
4992,0.15150227617602427,0.4228766025641026,2111,0.5686961206896551,0.6670098339372346,True,
4999,0.15171471927162367,0.4222844568913783,2111,0.5686961206896551,0.6664909840675141,True,
5009,0.15201820940819424,0.42184068676382513,2113,0.5692349137931034,0.6664579316613745,True,
5018,0.15229135053110773,0.42108409724990037,2113,0.5692349137931034,0.6662016872623089,True,
5021,0.15238239757207891,0.4208325034853615,2113,0.5692349137931034,0.6659694191463894,True,
5032,0.15271623672230653,0.4201112877583466,2114,0.5695043103448276,0.6645263474904349,True,
5034,0.15277693474962065,0.4201430274135876,2115,0.5697737068965517,0.6642712944075404,True,
5037,0.1528679817905918,0.4198927933293627,2115,0.5697737068965517,0.6640798316487457,True,
5049,0.15323216995447647,0.4198851257674787,2120,0.5711206896551724,0.6604668261376251,True,
5050,0.15326251896813353,0.4198019801980198,2120,0.5711206896551724,0.6597362980100753,True,
5052,0.15332321699544765,0.41963578780680916,2120,0.5711206896551724,0.6587495221425728,True,
5054,0.15338391502276175,0.4196675900277008,2121,0.5713900862068966,0.6585100769871978,True,
5056,0.15344461305007587,0.419501582278481,2121,0.5713900862068966,0.6567344439334588,True,
5057,0.15347496206373293,0.4194186276448487,2121,0.5713900862068966,0.656088508232753,True,
5065,0.15371775417298938,0.418756169792695,2121,0.5713900862068966,0.6512993673460404,True,
5073,0.1539605462822458,0.4180958013010053,2121,0.5713900862068966,0.6504051366183838,True,
5076,0.154051593323217,0.4178486997635934,2121,0.5713900862068966,0.6498837143557797,True,
5077,0.15408194233687406,0.4177663974788261,2121,0.5713900862068966,0.6440449898715737,True,
5083,0.1542640364188164,0.4172732638205784,2121,0.5713900862068966,0.639724229370187,True,
5084,0.15429438543247345,0.41719118804091265,2121,0.5713900862068966,0.6392585658876065,True,
5090,0.1544764795144158,0.4170923379174853,2123,0.5719288793103449,0.6336649642966198,True,
5091,0.15450682852807285,0.41701041052838345,2123,0.5719288793103449,0.6330833785331936,True,
5103,0.15487101669195752,0.41681363903586127,2127,0.5730064655172413,0.6322468946088867,True,
5108,0.1550227617602428,0.4164056382145654,2127,0.5730064655172413,0.6311908102878963,True,
5117,0.15529590288315628,0.4160641000586281,2129,0.5735452586206896,0.6305130981274288,True,
5120,0.15538694992412747,0.416015625,2130,0.5738146551724138,0.6295828867050214,True,
5122,0.1554476479514416,0.41604841858648967,2131,0.5740840517241379,0.6210661828642574,True,
5123,0.15547799696509865,0.4159672067148155,2131,0.5740840517241379,0.6186737892830106,True,
5124,0.15550834597875568,0.41588602654176426,2131,0.5740840517241379,0.6165283357055746,True,
5125,0.15553869499241274,0.41580487804878047,2131,0.5740840517241379,0.6161505483500336,True,
5131,0.15572078907435508,0.4159033326836874,2134,0.5748922413793104,0.6114687138098815,True,
5135,0.15584218512898332,0.41557935735150925,2134,0.5748922413793104,0.6103285185592529,True,
5142,0.15605462822458271,0.4150136133800078,2134,0.5748922413793104,0.605630352544688,True,
5144,0.1561153262518968,0.41485225505443235,2134,0.5748922413793104,0.6052595312109309,True,
5145,0.15614567526555387,0.41477162293488823,2134,0.5748922413793104,0.6003310053026553,True,
5149,0.15626707132018208,0.41444940765197125,2134,0.5748922413793104,0.5980797302156606,True,
5152,0.15635811836115326,0.4142080745341615,2134,0.5748922413793104,0.5972217977542154,True,
5155,0.15644916540212442,0.4139670223084384,2134,0.5748922413793104,0.5953967051091744,True,
5159,0.15657056145675266,0.4136460554371002,2134,0.5748922413793104,0.5944569392214529,True,
5160,0.15660091047040972,0.4135658914728682,2134,0.5748922413793104,0.593103624617113,True,
5167,0.15681335356600912,0.413199148442036,2135,0.5751616379310345,0.5923417757239073,True,
5168,0.15684370257966615,0.413312693498452,2136,0.5754310344827587,0.5903597198051603,True,
5169,0.1568740515933232,0.4132327336041788,2136,0.5754310344827587,0.5897225136946307,True,
5170,0.15690440060698027,0.41315280464216636,2136,0.5754310344827587,0.5894874124526093,True,
5181,0.15723823975720788,0.4124686353985717,2137,0.5757004310344828,0.589337596371984,True,
5182,0.15726858877086494,0.41238903898108836,2137,0.5757004310344828,0.5824241616829763,True,
5187,0.15742033383915022,0.41218430692114905,2138,0.5759698275862069,0.5770067753048252,True,
5189,0.15748103186646434,0.41202543842744266,2138,0.5759698275862069,0.5769563072850302,True,
5192,0.15757207890743552,0.41178736517719566,2138,0.5759698275862069,0.5768789802346299,True,
5194,0.1576327769347496,0.411628802464382,2138,0.5759698275862069,0.5765500695947543,True,
5195,0.15766312594840667,0.41154956689124156,2138,0.5759698275862069,0.5749183305243822,True,
5199,0.1577845220030349,0.41123292940950185,2138,0.5759698275862069,0.572706529043121,True,
5200,0.15781487101669195,0.41115384615384615,2138,0.5759698275862069,0.5687493537196092,True,
5207,0.15802731411229134,0.4106011138851546,2138,0.5759698275862069,0.5679429900226619,True,
5208,0.1580576631259484,0.41052227342549924,2138,0.5759698275862069,0.5630646990043827,True,
5212,0.15817905918057662,0.41020721412125866,2138,0.5759698275862069,0.5505248815148299,True,
5213,0.15820940819423368,0.4101285248417418,2138,0.5759698275862069,0.5464157752506119,True,
5217,0.15833080424886192,0.41000575043128235,2139,0.576239224137931,0.5440350960034729,True,
5219,0.15839150227617602,0.4098486300057482,2139,0.576239224137931,0.5427432360104193,True,
5220,0.15842185128983308,0.40977011494252874,2139,0.576239224137931,0.5426324112392605,True,
5222,0.1584825493171472,0.40961317502872463,2139,0.576239224137931,0.5405387803335624,True,
5232,0.15878603945371775,0.4088302752293578,2139,0.576239224137931,0.5373037306835907,True,
5233,0.1588163884673748,0.40875214981845975,2139,0.576239224137931,0.5359300019269823,True,
5234,0.15884673748103187,0.40867405426060377,2139,0.576239224137931,0.5334851977320414,True,
5241,0.15905918057663126,0.4083190230871971,2140,0.5765086206896551,0.5319107768223076,True,
5244,0.15915022761760242,0.4080854309687262,2140,0.5765086206896551,0.5316602345327468,True,
5253,0.15942336874051594,0.40814772510946123,2144,0.5775862068965517,0.5310152440950221,True,
5256,0.1595144157814871,0.4079147640791476,2144,0.5775862068965517,0.5303844383151836,True,
5258,0.1595751138088012,0.40775960441232406,2144,0.5775862068965517,0.5290802453229959,True,
5271,0.15996965098634294,0.407323088597989,2147,0.5783943965517241,0.5246928694076448,True,
5272,0.16,0.4072458270106222,2147,0.5783943965517241,0.5178406007354395,True,
5273,0.16003034901365706,0.4071685947278589,2147,0.5783943965517241,0.5170078243636868,True,
5277,0.16015174506828528,0.4068599583096456,2147,0.5783943965517241,0.512462388696022,True,
5281,0.1602731411229135,0.40655178943381937,2147,0.5783943965517241,0.5089045045535654,True,
5288,0.1604855842185129,0.4063918305597579,2149,0.5789331896551724,0.5087592291501954,True,
5313,0.1612443095599393,0.4044795783926219,2149,0.5789331896551724,0.5086999071335485,True,
5318,0.1613960546282246,0.4042873260624295,2150,0.5792025862068966,0.5086272631744562,True,
5337,0.16197268588770866,0.40322278433576914,2152,0.5797413793103449,0.5080312129189432,True,
5346,0.16224582701062215,0.40310512532734755,2155,0.5805495689655172,0.50754784219465,True,
5352,0.1624279210925645,0.40284005979073245,2156,0.5808189655172413,0.5066450218941928,True,
5355,0.16251896813353567,0.40261437908496733,2156,0.5808189655172413,0.5057428278137007,True,
5361,0.162701062215478,0.4021637754150345,2156,0.5808189655172413,0.5044179080571815,True,
5380,0.16327769347496207,0.40111524163568774,2158,0.5813577586206896,0.5040706427818339,True,
5381,0.16330804248861913,0.4010406987548783,2158,0.5813577586206896,0.5033023918533197,True,
5386,0.1634597875569044,0.4006683995544003,2158,0.5813577586206896,0.502803839631653,True,
5396,0.16376327769347496,0.3999258710155671,2158,0.5813577586206896,0.5019043141204906,True,
5411,0.1642185128983308,0.3990020328959527,2159,0.5816271551724138,0.50068490766975,True,
5413,0.1642792109256449,0.3990393497136523,2160,0.5818965517241379,0.4997205648294123,True,
5433,0.16488619119878603,0.3981225842076201,2163,0.5827047413793104,0.4968045776744049,True,
5435,0.16494688922610015,0.39816007359705613,2164,0.5829741379310345,0.4954303632621479,True,
5445,0.1652503793626707,0.3977961432506887,2166,0.5835129310344828,0.4945961002049722,True,
5467,0.16591805766312595,0.39674410096945306,2169,0.5843211206896551,0.4945819971736045,True,
5474,0.16613050075872535,0.39641943734015345,2170,0.5845905172413793,0.4922280229552151,True,
5475,0.1661608497723824,0.3963470319634703,2170,0.5845905172413793,0.49016456019633453,True,
5486,0.16649468892261002,0.3962814436748086,2174,0.5856681034482759,0.48933424977598206,True,
5527,0.1677389984825493,0.39424642663289305,2179,0.5870150862068966,0.48899167580729735,True,
5537,0.16804248861911988,0.39371500812714466,2180,0.5872844827586207,0.48821935984271625,True,
5560,0.16874051593323217,0.39262589928057556,2183,0.5880926724137931,0.4878438390687397,True,
5576,0.16922610015174508,0.39221664275466284,2187,0.5891702586206896,0.48775469029356383,True,
5592,0.16971168437025796,0.3916309012875536,2190,0.5899784482758621,0.48755205531729795,True,
5601,0.16998482549317148,0.39118014640242815,2191,0.5902478448275862,0.4872793485074275,True,
5719,0.1735660091047041,0.3843329253365973,2198,0.5921336206896551,0.48686904788141977,True,
5768,0.17505311077389984,0.38210818307905686,2204,0.59375,0.48622860972877213,True,
5794,0.1758421851289833,0.3809112875388333,2207,0.5945581896551724,0.4860210108166792,True,
5877,0.17836115326251897,0.37706312744597587,2216,0.5969827586206896,0.48483227333152845,True,
5878,0.17839150227617603,0.377169105137802,2217,0.5972521551724138,0.4842883237285628,True,
5912,0.17942336874051593,0.37584573748308525,2222,0.5985991379310345,0.4834179185003621,True,
5929,0.1799393019726859,0.3752740765727779,2225,0.5994073275862069,0.48319631245180383,True,
5947,0.1804855842185129,0.37464267697998993,2228,0.6002155172413793,0.482653566231056,True,
6002,0.182154779969651,0.37220926357880707,2234,0.6018318965517241,0.4819446980427229,True,
6017,0.18261001517450684,0.37144756523184314,2235,0.6021012931034483,0.48109376410472665,True,
6076,0.18440060698027314,0.3686635944700461,2240,0.603448275862069,0.4808281991823197,True,
6116,0.1856145675265554,0.3664159581425768,2241,0.6037176724137931,0.48021984113894073,True,
6141,0.1863732928679818,0.36541279921836833,2244,0.6045258620689655,0.480020320643985,True,
6167,0.18716236722306526,0.36435868331441545,2247,0.6053340517241379,0.47945967797580274,True,
6293,0.19098634294385433,0.3589702844430319,2259,0.6085668103448276,0.47816260206615313,True,
6358,0.19295902883156296,0.3562441019188424,2265,0.6101831896551724,0.47805963013653696,True,
6383,0.19371775417298936,0.35547548174839416,2269,0.611260775862069,0.47714000707094845,True,
6405,0.1943854324734446,0.3545667447306792,2271,0.6117995689655172,0.47641634991094683,True,
6412,0.194597875569044,0.3541796631316282,2271,0.6117995689655172,0.4762184238981978,True,
6419,0.1948103186646434,0.35410500077893753,2273,0.6123383620689655,0.476073247032626,True,
6479,0.19663125948406676,0.35128877913258216,2276,0.6131465517241379,0.47540889426768945,True,
6493,0.19705614567526555,0.3508393654705067,2278,0.6136853448275862,0.47496524369149534,True,
6510,0.1975720789074355,0.35038402457757295,2281,0.6144935344827587,0.47485562542733656,True,
6516,0.19775417298937784,0.35006138735420506,2281,0.6144935344827587,0.4747973162899244,True,
6579,0.19966616084977237,0.3483812129502964,2292,0.6174568965517241,0.4747073870406896,True,
6580,0.19969650986342943,0.34832826747720363,2292,0.6174568965517241,0.47416319865071144,True,
6641,0.20154779969650988,0.34603222406264117,2298,0.619073275862069,0.47383395712020193,True,
6694,0.20315629742033384,0.344338213325366,2305,0.6209590517241379,0.47333992327893465,True,
6696,0.20321699544764796,0.3442353643966547,2305,0.6209590517241379,0.4733291745138129,True,
6702,0.2033990895295903,0.3439271859146523,2305,0.6209590517241379,0.47309995314818254,True,
6706,0.2035204855842185,0.343871160155085,2306,0.6212284482758621,0.4729093710392136,True,
6767,0.20537177541729892,0.340771390571893,2306,0.6212284482758621,0.4728267484583491,True,
6887,0.20901365705614566,0.3370117612893858,2321,0.6252693965517241,0.472822395995064,True,
7027,0.21326251896813353,0.33257435605521557,2337,0.6295797413793104,0.4715572803349367,True,
7051,0.21399089529590287,0.33215146787689687,2342,0.630926724137931,0.4715352748953207,True,
7085,0.2150227617602428,0.33069865913902613,2343,0.6311961206896551,0.47115158271612734,True,
7108,0.21572078907435507,0.33019133370849746,2347,0.6322737068965517,0.47053801490694885,True,
7110,0.2157814871016692,0.330098452883263,2347,0.6322737068965517,0.4699868848149286,True,
7113,0.21587253414264038,0.3299592295796429,2347,0.6322737068965517,0.46961232007821824,True,
7180,0.21790591805766313,0.32785515320334263,2354,0.6341594827586207,0.46929193683883663,True,
7249,0.22,0.3254241964408884,2359,0.6355064655172413,0.4692605675021826,True,
7250,0.22003034901365706,0.3253793103448276,2359,0.6355064655172413,0.46909902309193074,True,
7255,0.22018209408194234,0.32529290144727774,2360,0.6357758620689655,0.4689730157805887,True,
7267,0.220546282245827,0.32489335351589377,2361,0.6360452586206896,0.4689567057081295,True,
7275,0.22078907435508346,0.3246735395189003,2362,0.6363146551724138,0.46869079010531356,True,
7306,0.2217298937784522,0.32343279496304406,2363,0.6365840517241379,0.46780862107269205,True,
7308,0.22179059180576632,0.32348111658456485,2364,0.6368534482758621,0.46760339187545974,True,
7311,0.22188163884673748,0.3233483791546984,2364,0.6368534482758621,0.4675567272301868,True,
7335,0.22261001517450682,0.3228357191547376,2368,0.6379310344827587,0.4656928797110551,True,
7381,0.2240060698027314,0.3220430835930091,2377,0.6403556034482759,0.46568215867698337,True,
7410,0.22488619119878603,0.3209176788124157,2378,0.640625,0.4649832425541351,True,
7422,0.2252503793626707,0.32066828348154136,2380,0.6411637931034483,0.46438727570989646,True,
7436,0.2256752655538695,0.32073695535234,2385,0.642510775862069,0.46403767746131097,True,
7440,0.22579666160849773,0.32056451612903225,2385,0.642510775862069,0.4636032530471173,True,
7441,0.22582701062215477,0.3205214352909555,2385,0.642510775862069,0.4632895327252664,True,
7514,0.22804248861911988,0.31887143997870643,2396,0.6454741379310345,0.4612505072060455,True,
7517,0.22813353566009104,0.3187441798589863,2396,0.6454741379310345,0.4610928340591983,True,
7518,0.2281638846737481,0.3187017823889332,2396,0.6454741379310345,0.4610323598529866,True,
7525,0.2283763277693475,0.31840531561461793,2396,0.6454741379310345,0.46017647684484453,True,
7539,0.22880121396054628,0.31781403369147104,2396,0.6454741379310345,0.4588480273656678,True,
7567,0.22965098634294384,0.3167701863354037,2397,0.6457435344827587,0.4579788504794017,True,
7571,0.22977238239757208,0.31660282657508915,2397,0.6457435344827587,0.4578078007261265,True,
7684,0.23320182094081943,0.31454971369078605,2417,0.6511314655172413,0.45734860848561976,True,
7688,0.23332321699544764,0.31451612903225806,2418,0.6514008620689655,0.45682806404278564,True,
7755,0.23535660091047042,0.31283043197936816,2426,0.6535560344827587,0.4558621132410101,True,
7766,0.23569044006069803,0.3125160958022148,2427,0.6538254310344828,0.4542404086635714,True,
7788,0.23635811836115325,0.3121468926553672,2431,0.6549030172413793,0.4538118210879659,True,
7796,0.2366009104704097,0.31195484864032835,2432,0.6551724137931034,0.45329239621537876,True,
7855,0.23839150227617603,0.31037555697008273,2438,0.6567887931034483,0.4531992971594552,True,
7862,0.23860394537177543,0.31022640549478503,2439,0.6570581896551724,0.45274754483318425,True,
7903,0.23984825493171472,0.3091231178033658,2443,0.658135775862069,0.45223466788610633,True,
7924,0.2404855842185129,0.30843008581524484,2444,0.6584051724137931,0.45199902686527776,True,
7940,0.2409711684370258,0.30806045340050375,2446,0.6589439655172413,0.45188249353731497,True,
7949,0.2412443095599393,0.30783746383192856,2447,0.6592133620689655,0.4516663415436195,True,
7951,0.2413050075872534,0.3077600301848824,2447,0.6592133620689655,0.4514076125534709,True,
7955,0.24142640364188164,0.307605279698303,2447,0.6592133620689655,0.45084864312077894,True,
7994,0.24261001517450684,0.3063547660745559,2449,0.6597521551724138,0.45020893066256873,True,
8001,0.24282245827010623,0.30621172353455817,2450,0.6600215517241379,0.4496046182256461,True,
8003,0.24288315629742033,0.3061351993002624,2450,0.6600215517241379,0.4493015555890149,True,
8004,0.2429135053110774,0.3060969515242379,2450,0.6600215517241379,0.4487650722574172,True,
8009,0.24306525037936266,0.3059058559120989,2450,0.6600215517241379,0.4481890029074453,True,
8070,0.2449165402124431,0.3043370508054523,2456,0.6616379310344828,0.4478276242498561,True,
8098,0.24576631259484066,0.30365522351197827,2459,0.6624461206896551,0.44650342620969374,True,
8099,0.24579666160849772,0.3036177305840227,2459,0.6624461206896551,0.44484824657338096,True,
8196,0.24874051593323218,0.30063445583211323,2464,0.6637931034482759,0.4441806499104479,True,
8241,0.2501062215477997,0.29935687416575657,2467,0.6646012931034483,0.4432189850570834,True,
8343,0.25320182094081944,0.29689560110272084,2477,0.6672952586206896,0.44250511998840747,True,
8349,0.25338391502276175,0.296802012217032,2478,0.6675646551724138,0.4424268742465227,True,
8427,0.25575113808801214,0.29524148570072384,2488,0.6702586206896551,0.4420526816679993,True,
8431,0.2558725341426404,0.29510141145771557,2488,0.6702586206896551,0.4418319180977221,True,
8461,0.25678300455235203,0.29440964425008864,2491,0.6710668103448276,0.44096754949053985,True,
8463,0.25684370257966616,0.29434006853361694,2491,0.6710668103448276,0.43861847552795563,True,
8548,0.2594233687405159,0.2922321010762752,2498,0.6729525862068966,0.4383268107189474,True,
8562,0.2598482549317147,0.2917542630226583,2498,0.6729525862068966,0.43828340808952565,True,
8587,0.2606069802731411,0.2910213112844998,2499,0.6732219827586207,0.4379383967015433,True,
8637,0.2621244309559939,0.29003126085446335,2505,0.6748383620689655,0.43692558219744143,False,precision
8663,0.2629135053110774,0.28927623225210664,2506,0.6751077586206896,0.43638077439835493,False,precision
8697,0.2639453717754173,0.28837530182821663,2508,0.6756465517241379,0.436318770141487,False,precision
8702,0.2640971168437026,0.28820960698689957,2508,0.6756465517241379,0.4362006099670545,False,precision
8731,0.2649772382397572,0.2875959225747337,2511,0.6764547413793104,0.43612704456928203,False,precision
8762,0.26591805766312593,0.2865784067564483,2511,0.6764547413793104,0.4344452475646115,False,precision
8768,0.2661001517450683,0.286610401459854,2513,0.6769935344827587,0.4336999513418868,False,precision
8788,0.2667071320182094,0.2859581247155212,2513,0.6769935344827587,0.4329461825716556,False,precision
8789,0.26673748103186645,0.28592558880418706,2513,0.6769935344827587,0.43144103899629255,False,precision
8818,0.2676176024279211,0.2850986618280789,2514,0.6772629310344828,0.4311533184353363,False,precision
8835,0.26813353566009107,0.28466327108092815,2515,0.6775323275862069,0.4301574110653777,False,precision
8867,0.26910470409711684,0.2837487312507049,2516,0.677801724137931,0.43005951463546765,False,precision
8876,0.26937784522003033,0.2837990085624155,2519,0.6786099137931034,0.4299525172590557,False,precision
8877,0.2694081942336874,0.28387968908415007,2520,0.6788793103448276,0.4292503363113631,False,precision
8891,0.2698330804248862,0.2834326847373749,2520,0.6788793103448276,0.4288134614300483,False,precision
8896,0.2699848254931715,0.28327338129496404,2520,0.6788793103448276,0.42825755914106417,False,precision
8961,0.27195751138088015,0.2813302086820667,2521,0.6791487068965517,0.42815084490265026,False,precision
8983,0.27262518968133537,0.28075253256150506,2522,0.6794181034482759,0.42797431489306276,False,precision
8991,0.2728679817905918,0.2805027249471694,2522,0.6794181034482759,0.42774391573969994,False,precision
9087,0.2757814871016692,0.27841972047980634,2530,0.681573275862069,0.42760691764207087,False,precision
9108,0.2764188163884674,0.2781071585419411,2533,0.6823814655172413,0.42746300323525205,False,precision
9148,0.27763277693474964,0.2772190642763446,2536,0.6831896551724138,0.42669904696361904,False,precision
9160,0.2779969650986343,0.27685589519650655,2536,0.6831896551724138,0.42652253553415176,False,precision
9165,0.27814871016691955,0.2768139661756683,2537,0.6834590517241379,0.42639536547970236,False,precision
9180,0.2786039453717754,0.27647058823529413,2538,0.6837284482758621,0.42609874706436357,False,precision
9252,0.28078907435508343,0.2747514051015997,2542,0.6848060344827587,0.4249891550332803,False,precision
9255,0.2808801213960546,0.27477039438141543,2543,0.6850754310344828,0.4248590916777342,False,precision
9329,0.28312594840667676,0.27355557937613895,2552,0.6875,0.4247338749435924,False,precision
9347,0.2836722306525038,0.273349737883813,2555,0.6883081896551724,0.4246554932901234,False,precision
9362,0.28412746585735965,0.2729117709891049,2555,0.6883081896551724,0.4243043903731087,False,precision
9375,0.2845220030349014,0.27253333333333335,2555,0.6883081896551724,0.4242345528307127,False,precision
9402,0.2853414264036419,0.27185705169112956,2556,0.6885775862068966,0.42412730567345436,False,precision
9419,0.2858573596358118,0.27147255547298016,2557,0.6888469827586207,0.42372107909351153,False,precision
9421,0.28591805766312595,0.27152106995011144,2558,0.6891163793103449,0.4233578510563416,False,precision
9446,0.28667678300455235,0.2710141858987931,2560,0.6896551724137931,0.42244014949154385,False,precision
9558,0.29007587253414263,0.26909395270977193,2572,0.6928879310344828,0.4219769879102072,False,precision
9567,0.2903490136570561,0.26894533291522943,2573,0.6931573275862069,0.4219270699959948,False,precision
9568,0.2903793626707132,0.2689172240802676,2573,0.6931573275862069,0.4202445506710551,False,precision
9574,0.29056145675265554,0.26874869438061416,2573,0.6931573275862069,0.4183481046622269,False,precision
9598,0.2912898330804249,0.26818087101479476,2574,0.693426724137931,0.4165581418455887,False,precision
9645,0.2927162367223065,0.2671850699844479,2577,0.6942349137931034,0.41611607073047174,False,precision
9646,0.29274658573596357,0.2671573709309558,2577,0.6942349137931034,0.4153460455229885,False,precision
9650,0.2928679817905918,0.2670466321243523,2577,0.6942349137931034,0.415074336378545,False,precision
9671,0.29350531107739,0.2665701582049426,2578,0.6945043103448276,0.415020394037911,False,precision
9683,0.29386949924127465,0.26623980171434475,2578,0.6945043103448276,0.41459773551715706,False,precision
9698,0.2943247344461305,0.2659311198185193,2579,0.6947737068965517,0.4130049885589958,False,precision
9700,0.2943854324734446,0.2658762886597938,2579,0.6947737068965517,0.4117060860684324,False,precision
9705,0.29453717754172987,0.26573930963420916,2579,0.6947737068965517,0.41154844747723585,False,precision
9734,0.2954172989377845,0.2649476063283337,2579,0.6947737068965517,0.4114765258640072,False,precision
9735,0.29544764795144157,0.2649203903441192,2579,0.6947737068965517,0.41073653452460984,False,precision
9736,0.29547799696509863,0.26489317995069844,2579,0.6947737068965517,0.4096233801503673,False,precision
9745,0.2957511380880121,0.26475115443817343,2580,0.6950431034482759,0.40956949429561973,False,precision
9747,0.29581183611532624,0.2647994254642454,2581,0.6953125,0.4093280452700221,False,precision
9765,0.2963581183611533,0.26431131592421914,2581,0.6953125,0.4086771221141993,False,precision
9766,0.29638846737481034,0.264284251484743,2581,0.6953125,0.40836863783225325,False,precision
9781,0.29684370257966614,0.26398118801758513,2582,0.6955818965517241,0.4067992426513822,False,precision
9796,0.297298937784522,0.263781135157207,2584,0.6961206896551724,0.4067423595993224,False,precision
9806,0.29760242792109254,0.26361411380787275,2585,0.6963900862068966,0.40607703007949925,False,precision
9807,0.2976327769347496,0.26368920159070053,2586,0.6966594827586207,0.40594577700506645,False,precision
9840,0.2986342943854325,0.263109756097561,2589,0.6974676724137931,0.40582141879664707,False,precision
9884,0.29996965098634293,0.2622420072845002,2592,0.6982758620689655,0.4050522404574592,False,precision
9894,0.3002731411229135,0.2621790984435011,2594,0.6988146551724138,0.4042633238653343,False,precision
9911,0.30078907435508345,0.2619311875693674,2596,0.6993534482758621,0.40412460556262975,False,precision
9925,0.30121396054628224,0.2615617128463476,2596,0.6993534482758621,0.4036708560124452,False,precision
9930,0.30136570561456755,0.2615307150050352,2597,0.6996228448275862,0.4032513092476676,False,precision
9942,0.3017298937784522,0.2612150472741903,2597,0.6996228448275862,0.4032351576650496,False,precision
9947,0.30188163884673747,0.26108374384236455,2597,0.6996228448275862,0.4032069826244145,False,precision
9948,0.3019119878603945,0.2610574989947728,2597,0.6996228448275862,0.4026174362664127,False,precision
9959,0.30224582701062214,0.26076915352947083,2597,0.6996228448275862,0.4013285684665599,False,precision
9982,0.3029438543247344,0.26036866359447003,2599,0.7001616379310345,0.4011573797469207,False,precision
10005,0.30364188163884676,0.2599700149925038,2601,0.7007004310344828,0.4000528279440141,False,precision
10020,0.30409711684370255,0.25958083832335327,2601,0.7007004310344828,0.3996160397792047,False,precision
10023,0.30418816388467373,0.2595031427716253,2601,0.7007004310344828,0.3986115698461337,False,precision
10024,0.3042185128983308,0.2594772545889864,2601,0.7007004310344828,0.39850540390660594,False,precision
10027,0.304309559939302,0.2594993517502743,2602,0.7009698275862069,0.3983367112532411,False,precision
10029,0.3043702579666161,0.2594476019543324,2602,0.7009698275862069,0.39813541682533415,False,precision
10036,0.30458270106221547,0.25926664009565564,2602,0.7009698275862069,0.39805135499081773,False,precision
10038,0.3046433990895296,0.2592149830643555,2602,0.7009698275862069,0.3979946829586401,False,precision
10039,0.30467374810318665,0.2591891622671581,2602,0.7009698275862069,0.3969762537508776,False,precision
10047,0.3049165402124431,0.25898278092963073,2602,0.7009698275862069,0.39643654719693316,False,precision
10078,0.30585735963581184,0.2586822782298075,2607,0.7023168103448276,0.3959611028954921,False,precision
10079,0.3058877086494689,0.2586566127592023,2607,0.7023168103448276,0.3959304809533944,False,precision
10088,0.3061608497723824,0.25842585249801747,2607,0.7023168103448276,0.39568530618471337,False,precision
10105,0.30667678300455237,0.2579910935180604,2607,0.7023168103448276,0.3941623250108717,False,precision
10118,0.3070713201820941,0.2577584502866179,2608,0.7025862068965517,0.3936102555653684,False,precision
10181,0.30898330804248864,0.2568509969551125,2615,0.7044719827586207,0.3935010809360364,False,precision
10184,0.30907435508345976,0.25677533385703066,2615,0.7044719827586207,0.39234992976411787,False,precision
10201,0.30959028831562974,0.2564454465248505,2616,0.7047413793103449,0.39221764569921036,False,precision
10225,0.3103186646433991,0.25633251833740833,2621,0.7060883620689655,0.39120308102042506,False,precision
10226,0.31034901365705614,0.25630745159397617,2621,0.7060883620689655,0.38741602912625106,False,precision
10227,0.3103793626707132,0.25628238975261564,2621,0.7060883620689655,0.38672665572883186,False,precision
10241,0.310804248861912,0.2559320378869251,2621,0.7060883620689655,0.38640644099914784,False,precision
10242,0.31083459787556905,0.2559070494044132,2621,0.7060883620689655,0.38637609486868857,False,precision
10249,0.3110470409711684,0.25573226656259146,2621,0.7060883620689655,0.3851742994075774,False,precision
10389,0.3152959028831563,0.2529598613918568,2628,0.7079741379310345,0.38506231160264776,False,precision
10400,0.3156297420333839,0.2526923076923077,2628,0.7079741379310345,0.3828454937703757,False,precision
10404,0.31575113808801214,0.25259515570934254,2628,0.7079741379310345,0.3821387061915469,False,precision
10409,0.31590288315629744,0.252665962148141,2630,0.7085129310344828,0.38158399624328443,False,precision
10410,0.3159332321699545,0.2526416906820365,2630,0.7085129310344828,0.3806635030670546,False,precision
10420,0.31623672230652505,0.2523992322456814,2630,0.7085129310344828,0.37973714256124863,False,precision
10427,0.3164491654021244,0.25222978805025414,2630,0.7085129310344828,0.37922241083168623,False,precision
10447,0.3170561456752656,0.2519383555087585,2632,0.709051724137931,0.37914284419798117,False,precision
10571,0.32081942336874053,0.24983445274808438,2641,0.7114762931034483,0.37904125154946333,False,precision
10575,0.3209408194233687,0.24973995271867613,2641,0.7114762931034483,0.37837184727978884,False,precision
10685,0.32427921092564493,0.24763687412260177,2646,0.712823275862069,0.37753369701407574,False,precision
10701,0.3247647951441578,0.24736005980749462,2647,0.7130926724137931,0.37752996075192485,False,precision
10813,0.32816388467374813,0.24507537223712197,2650,0.7139008620689655,0.3752438641740675,False,precision
10814,0.32819423368740513,0.24505270945071203,2650,0.7139008620689655,0.3745851858182147,False,precision
10838,0.32892261001517453,0.2445100572061266,2650,0.7139008620689655,0.3743813498912661,False,precision
10854,0.3294081942336874,0.24424175419200295,2651,0.7141702586206896,0.3739185652457798,False,precision
10861,0.3296206373292868,0.24417641101187737,2652,0.7144396551724138,0.37355912053566065,False,precision
10869,0.32986342943854324,0.24399668782776704,2652,0.7144396551724138,0.3735433527300353,False,precision
10874,0.33001517450682855,0.2438844951259886,2652,0.7144396551724138,0.37352628530298204,False,precision
10899,0.33077389984825495,0.24341682723185612,2653,0.7147090517241379,0.3733719935540041,False,precision
10942,0.33207890743550833,0.24273441783951746,2656,0.7155172413793104,0.37315669244796296,False,precision
11066,0.3358421851289833,0.2410988613771914,2668,0.71875,0.3728728345823396,False,precision
11112,0.3372382397572079,0.24046076313894887,2672,0.7198275862068966,0.3726997496366666,False,precision
11229,0.34078907435508343,0.2387567904532906,2681,0.7222521551724138,0.3724485298186695,False,precision
11244,0.3412443095599393,0.23861615083600143,2683,0.7227909482758621,0.3721105573891896,False,precision
11376,0.3452503793626707,0.2367264416315049,2693,0.7254849137931034,0.3718324526345034,False,precision
11414,0.34640364188163886,0.2361135447695812,2695,0.7260237068965517,0.37159831999487025,False,precision
11444,0.3473141122913505,0.2356693463823838,2697,0.7265625,0.3715800770831194,False,precision
11449,0.3474658573596358,0.23556642501528519,2697,0.7265625,0.3710680324092704,False,precision
11577,0.351350531107739,0.23382568886585473,2707,0.7292564655172413,0.371025076546208,False,precision
11586,0.3516236722306525,0.23364405316761608,2707,0.7292564655172413,0.37097506817284076,False,precision
11659,0.3538391502276176,0.23235268890985505,2709,0.7297952586206896,0.37088598211933993,False,precision
11728,0.3559332321699545,0.2309856753069577,2709,0.7297952586206896,0.3703732135975844,False,precision
11736,0.3561760242792109,0.2308282208588957,2709,0.7297952586206896,0.37027901534950713,False,precision
11759,0.3568740515933232,0.23063185645037843,2712,0.7306034482758621,0.36991366145652466,False,precision
11793,0.35790591805766314,0.23013652166539472,2714,0.7311422413793104,0.36914824261330503,False,precision
11796,0.35799696509863427,0.230077992539844,2714,0.7311422413793104,0.36912302434090705,False,precision
11798,0.3580576631259484,0.23003898965926428,2714,0.7311422413793104,0.36909998743415123,False,precision
11806,0.3583004552352049,0.22996781297645266,2715,0.7314116379310345,0.3689840016944202,False,precision
11843,0.35942336874051595,0.2293337836696783,2716,0.7316810344827587,0.36842674770899225,False,precision
11846,0.35951441578148713,0.22927570487928414,2716,0.7316810344827587,0.3682520946006655,False,precision
11850,0.3596358118361153,0.22919831223628692,2716,0.7316810344827587,0.3682057155547358,False,precision
11866,0.36012139605462823,0.22922636103151864,2720,0.7327586206896551,0.36813419483038284,False,precision
11917,0.3616691957511381,0.22849710497608458,2723,0.7335668103448276,0.3680540250523049,False,precision
11934,0.36218512898330807,0.22825540472599296,2724,0.7338362068965517,0.3680413566127329,False,precision
12041,0.36543247344461305,0.2268084046175567,2731,0.7357219827586207,0.36774597081804733,False,precision
12081,0.3666464339908953,0.2262229947851999,2733,0.736260775862069,0.3676981934630397,False,precision
12083,0.3667071320182094,0.2261855499462054,2733,0.736260775862069,0.3676553212005779,False,precision
12132,0.36819423368740517,0.22527200791295746,2733,0.736260775862069,0.36678862749207813,False,precision
12181,0.3696813353566009,0.22477629094491422,2738,0.7376077586206896,0.3665698088894965,False,precision
12193,0.3700455235204856,0.22463708685311246,2739,0.7378771551724138,0.36624293270732416,False,precision
12236,0.371350531107739,0.22433801896044459,2745,0.7394935344827587,0.3661234085194471,False,precision
12311,0.37362670713201823,0.22321501096580293,2748,0.740301724137931,0.3654918598716624,False,precision
12334,0.3743247344461305,0.22287984433273877,2749,0.7405711206896551,0.3653951299197036,False,precision
12347,0.37471927162367225,0.2227261682999919,2750,0.7408405172413793,0.3652668403512178,False,precision
12349,0.37477996965098637,0.22269009636407805,2750,0.7408405172413793,0.3650785467034465,False,precision
12367,0.37532625189681335,0.22236597396296595,2750,0.7408405172413793,0.3649956676942273,False,precision
12402,0.3763884673748103,0.2220609579100145,2754,0.7419181034482759,0.3649767237135759,False,precision
12412,0.3766919575113809,0.2218820496293909,2754,0.7419181034482759,0.36491488188874915,False,precision
12414,0.37675265553869497,0.22184630256162396,2754,0.7419181034482759,0.3648551823581894,False,precision
12459,0.3781183611532625,0.2212858174813388,2757,0.7427262931034483,0.36469149188584243,False,precision
12462,0.3782094081942337,0.22131279088428824,2758,0.7429956896551724,0.36442370032555693,False,precision
12463,0.37823975720789077,0.22129503329856376,2758,0.7429956896551724,0.3640657904416134,False,precision
12471,0.3784825493171472,0.2212332611659049,2759,0.7432650862068966,0.36367013015633254,False,precision
12496,0.3792412746585736,0.22087067861715748,2760,0.7435344827586207,0.36360798534621347,False,precision
12627,0.383216995447648,0.2191336025976083,2767,0.7454202586206896,0.36347310778189273,False,precision
12629,0.38327769347496204,0.21909889935861906,2767,0.7454202586206896,0.36338977662685473,False,precision
12642,0.3836722306525038,0.2188735959500079,2767,0.7454202586206896,0.36317169483015,False,precision
12646,0.383793626707132,0.21880436501660605,2767,0.7454202586206896,0.36257216185847546,False,precision
12651,0.3839453717754173,0.2187178879139989,2767,0.7454202586206896,0.36166709394666313,False,precision
12787,0.38807283763277695,0.2174865097364511,2781,0.7491918103448276,0.36148291126263676,False,precision
12899,0.39147192716236723,0.2166059384448407,2794,0.7526939655172413,0.3614323780471893,False,precision
12900,0.3915022761760243,0.21658914728682171,2794,0.7526939655172413,0.3610207400183466,False,precision
12910,0.39180576631259484,0.21642137877614254,2794,0.7526939655172413,0.3607868912564941,False,precision
12923,0.39220030349013657,0.21620366787897546,2794,0.7526939655172413,0.36070334221591205,False,precision
12927,0.3923216995447648,0.21613676800495088,2794,0.7526939655172413,0.3606700059465018,False,precision
12962,0.39338391502276177,0.21555315537725658,2794,0.7526939655172413,0.3606080252064467,False,precision
12983,0.3940212443095599,0.215281521990295,2795,0.7529633620689655,0.3604399879244402,False,precision
12998,0.3944764795144158,0.21511001692568088,2796,0.7532327586206896,0.3599679504104211,False,precision
13012,0.39490136570561457,0.21495542576083615,2797,0.7535021551724138,0.3594687380597839,False,precision
13027,0.3953566009104704,0.21470791433177247,2797,0.7535021551724138,0.35900864318489095,False,precision
13051,0.39608497723823977,0.21438970193854878,2798,0.7537715517241379,0.3587493412969992,False,precision
13079,0.39693474962063735,0.21416010398348498,2801,0.7545797413793104,0.35802155705315003,False,precision
13183,0.40009104704097115,0.21315330349692785,2810,0.7570043103448276,0.3570811618153995,False,precision
13236,0.40169954476479514,0.21290420066485344,2818,0.7591594827586207,0.35659316809069247,False,precision
13269,0.402701062215478,0.21267616248398521,2822,0.7602370689655172,0.3564698350989649,False,precision
13288,0.40327769347496206,0.2124473208910295,2823,0.7605064655172413,0.35620242001864244,False,precision
13344,0.40497723823975723,0.21178057553956833,2826,0.7613146551724138,0.35597792493474584,False,precision
13352,0.40522003034901366,0.21172857998801678,2827,0.7615840517241379,0.3553831115070192,False,precision
13353,0.4052503793626707,0.21171272373249458,2827,0.7615840517241379,0.35523998703354,False,precision
13376,0.405948406676783,0.21134868421052633,2827,0.7615840517241379,0.35488198783686864,False,precision
13393,0.406464339908953,0.2112297468826999,2829,0.7621228448275862,0.3535978997672467,False,precision
13396,0.4065553869499241,0.21125709166915496,2830,0.7623922413793104,0.3530900729212195,False,precision
13398,0.4066160849772382,0.21122555605314225,2830,0.7623922413793104,0.35287384006993344,False,precision
13405,0.40682852807283765,0.21111525550167848,2830,0.7623922413793104,0.3527934149637828,False,precision
13408,0.4069195751138088,0.21106801909307876,2830,0.7623922413793104,0.3527484843211929,False,precision
13415,0.4071320182094082,0.21103242638837122,2831,0.7626616379310345,0.352721706521773,False,precision
13418,0.4072230652503794,0.21105977045759428,2832,0.7629310344827587,0.35269538371648795,False,precision
13554,0.411350531107739,0.20923712557178692,2836,0.7640086206896551,0.3521150110803754,False,precision
13629,0.4136267071320182,0.20845256438476778,2841,0.7653556034482759,0.35150336789713044,False,precision
13639,0.41393019726858876,0.20844636703570643,2843,0.7658943965517241,0.35098484248796613,False,precision
13642,0.41402124430955994,0.20847383081659582,2844,0.7661637931034483,0.35051865480243377,False,precision
13650,0.4142640364188164,0.20835164835164835,2844,0.7661637931034483,0.35047033794780375,False,precision
13665,0.4147192716236722,0.2084156604463959,2848,0.7672413793103449,0.3504431575667276,False,precision
13677,0.4150834597875569,0.20837903048914236,2850,0.7677801724137931,0.35014795412931476,False,precision
13688,0.4154172989377845,0.20821157218001168,2850,0.7677801724137931,0.3496941525959518,False,precision
13709,0.4160546282245827,0.20796557006346195,2851,0.7680495689655172,0.3491475986756908,False,precision
13713,0.4161760242792109,0.20797783125501348,2852,0.7683189655172413,0.3490620803349787,False,precision
13744,0.4171168437025797,0.20750873108265425,2852,0.7683189655172413,0.3487346416204728,False,precision
13753,0.41738998482549317,0.20737293681378607,2852,0.7683189655172413,0.3483151026435836,False,precision
13755,0.4174506828528073,0.2073427844420211,2852,0.7683189655172413,0.3482780576465845,False,precision
13767,0.41781487101669196,0.2072346916539551,2853,0.7685883620689655,0.34782431611982456,False,precision
13778,0.41814871016691957,0.2071418202932211,2854,0.7688577586206896,0.34748220490098,False,precision
13781,0.41823975720789075,0.2071692910528989,2855,0.7691271551724138,0.3473937030102269,False,precision
13784,0.41833080424886193,0.2071242019733024,2855,0.7691271551724138,0.34676953472171723,False,precision
13909,0.42212443095599395,0.20555036307426847,2859,0.7702047413793104,0.34647677492205897,False,precision
13918,0.42239757207890744,0.2054174450352062,2859,0.7702047413793104,0.3464061386777653,False,precision
13920,0.42245827010622156,0.20538793103448275,2859,0.7702047413793104,0.3456170330309682,False,precision
14014,0.4253110773899848,0.2049379192236335,2872,0.7737068965517241,0.34473199668144666,False,precision
14018,0.42543247344461305,0.20487944071907546,2872,0.7737068965517241,0.3445176280982937,False,precision
14023,0.42558421851289835,0.20480638950295943,2872,0.7737068965517241,0.34450277716244143,False,precision
14024,0.4256145675265554,0.20479178551055333,2872,0.7737068965517241,0.34440021726119024,False,precision
14031,0.4258270106221548,0.20468961585061649,2872,0.7737068965517241,0.34359363589418596,False,precision
14050,0.4264036418816389,0.20455516014234876,2874,0.7742456896551724,0.34342219401649793,False,precision
14056,0.4265857359635812,0.20446784291405806,2874,0.7742456896551724,0.3433727387030786,False,precision
14062,0.42676783004552354,0.20445171383871427,2875,0.7745150862068966,0.3430577442679366,False,precision
14063,0.42679817905918055,0.20443717556709096,2875,0.7745150862068966,0.3430268727232345,False,precision
14065,0.42685887708649467,0.20440810522573766,2875,0.7745150862068966,0.34301736665505445,False,precision
14080,0.4273141122913505,0.20433238636363638,2877,0.7750538793103449,0.3425325130182256,False,precision
14097,0.4278300455235205,0.20415691281833015,2878,0.775323275862069,0.342280106169622,False,precision
14166,0.42992412746585734,0.20358605110828745,2884,0.7769396551724138,0.342273126503664,False,precision
14185,0.43050075872534144,0.20366584420162143,2889,0.7782866379310345,0.34221315581368456,False,precision
14189,0.4306221547799696,0.20360842906476848,2889,0.7782866379310345,0.34186798288499143,False,precision
14195,0.430804248861912,0.20352236703064458,2889,0.7782866379310345,0.3412737375299044,False,precision
14197,0.4308649468892261,0.20349369585123617,2889,0.7782866379310345,0.3411629078208952,False,precision
14444,0.43836115326251895,0.20056770977568542,2897,0.7804418103448276,0.3409767087220968,False,precision
14453,0.4386342943854325,0.20044281464055905,2897,0.7804418103448276,0.340861955254311,False,precision
14464,0.4389681335356601,0.2003595132743363,2898,0.7807112068965517,0.3408330714396506,False,precision
14480,0.43945371775417297,0.200207182320442,2899,0.7809806034482759,0.34081105419209023,False,precision
14481,0.43948406676783003,0.20019335681237482,2899,0.7809806034482759,0.34063768737970496,False,precision
14517,0.44057663125948404,0.1996969070744644,2899,0.7809806034482759,0.3405961283143721,False,precision
14531,0.44100151745068283,0.1995045076044319,2899,0.7809806034482759,0.3403996056556757,False,precision
14534,0.441092564491654,0.19953213155359845,2900,0.78125,0.3396589904251518,False,precision
14539,0.4412443095599393,0.1995322924547768,2901,0.7815193965517241,0.33958321546123543,False,precision
14542,0.44133535660091044,0.1994911291431715,2901,0.7815193965517241,0.33838488339726824,False,precision
14543,0.4413657056145675,0.1994774118132435,2901,0.7815193965517241,0.33827286537779794,False,precision
14553,0.4416691957511381,0.19934034219748506,2901,0.7815193965517241,0.3381370424660617,False,precision
14556,0.44176024279210924,0.1992992580379225,2901,0.7815193965517241,0.33793320531164356,False,precision
14642,0.4443702579666161,0.1986750443928425,2909,0.7836745689655172,0.3378407546611999,False,precision
14644,0.4444309559939302,0.19864791040699262,2909,0.7836745689655172,0.33757128128919495,False,precision
14653,0.4447040971168437,0.19852589913328328,2909,0.7836745689655172,0.3375193040768718,False,precision
14663,0.44500758725341427,0.19839050671758848,2909,0.7836745689655172,0.33551641415086975,False,precision
14666,0.44509863429438545,0.19834992499659077,2909,0.7836745689655172,0.33546403957930954,False,precision
14668,0.4451593323216995,0.19832287973820562,2909,0.7836745689655172,0.3352993332223001,False,precision
14670,0.44522003034901364,0.19829584185412405,2909,0.7836745689655172,0.33515789902406906,False,precision
14700,0.44613050075872535,0.19795918367346937,2910,0.7839439655172413,0.33470158922725396,False,precision
14708,0.4463732928679818,0.19791949959205873,2911,0.7842133620689655,0.3345595697952032,False,precision
14713,0.4465250379362671,0.19785223951607422,2911,0.7842133620689655,0.3344987183112929,False,precision
14722,0.44679817905918057,0.1977992120635783,2912,0.7844827586206896,0.3338619245211683,False,precision
14729,0.44701062215478,0.1977052074139453,2912,0.7844827586206896,0.33362170347860903,False,precision
14844,0.4505007587253414,0.19657774184855833,2918,0.7860991379310345,0.33312332658704025,False,precision
14852,0.4507435508345979,0.19653918664152975,2919,0.7863685344827587,0.33259863316200045,False,precision
14880,0.45159332321699547,0.19623655913978494,2920,0.7866379310344828,0.33226131140657106,False,precision
14908,0.452443095599393,0.19586799034075664,2920,0.7866379310344828,0.33224021274163595,False,precision
14938,0.4533535660091047,0.1956754585620565,2923,0.7874461206896551,0.3319585014344081,False,precision
14949,0.4536874051593323,0.19553147367716905,2923,0.7874461206896551,0.33171386953339904,False,precision
14954,0.4538391502276176,0.19546609602781864,2923,0.7874461206896551,0.33152583101205946,False,precision
14991,0.4549620637329287,0.19511707024214528,2925,0.7879849137931034,0.33125826854374363,False,precision
15027,0.4560546282245827,0.19471617754708193,2926,0.7882543103448276,0.3310566474592571,False,precision
15035,0.45629742033383913,0.19461257066844032,2926,0.7882543103448276,0.3308700995717147,False,precision
15048,0.45669195751138086,0.19451089845826688,2927,0.7885237068965517,0.3307937855023372,False,precision
15050,0.456752655538695,0.19448504983388704,2927,0.7885237068965517,0.3306884119895379,False,precision
15054,0.4568740515933232,0.1944998007174173,2928,0.7887931034482759,0.33049744493681954,False,precision
15055,0.4569044006069803,0.1944868814347393,2928,0.7887931034482759,0.330249444592303,False,precision
15061,0.4570864946889226,0.19447579841975965,2929,0.7890625,0.3300091627019051,False,precision
15062,0.45711684370257966,0.1945292789802151,2930,0.7893318965517241,0.32892448975175975,False,precision
15107,0.4584825493171472,0.19394982458462964,2930,0.7893318965517241,0.3285850298553405,False,precision
15137,0.45939301972685886,0.19369756226464954,2932,0.7898706896551724,0.32827574989751984,False,precision
15143,0.4595751138088012,0.19362081489797267,2932,0.7898706896551724,0.328230273195541,False,precision
15149,0.45975720789074354,0.193544128325302,2932,0.7898706896551724,0.32764639329517936,False,precision
15201,0.46133535660091046,0.19288204723373462,2932,0.7898706896551724,0.3275996925170487,False,precision
15224,0.46203338391502274,0.19265633210719915,2933,0.7901400862068966,0.32735332686703816,False,precision
15235,0.46236722306525035,0.1925172300623564,2933,0.7901400862068966,0.3272404439098183,False,precision
15240,0.46251896813353566,0.19245406824146982,2933,0.7901400862068966,0.3272398249022776,False,precision
15518,0.47095599393019727,0.18977961077458436,2945,0.7933728448275862,0.32715773054987674,False,precision
15519,0.47098634294385433,0.18976738191893808,2945,0.7933728448275862,0.3271173517607489,False,precision
15552,0.47198786039453716,0.18936471193415638,2945,0.7933728448275862,0.3270301909758255,False,precision
15556,0.4721092564491654,0.1893160195422988,2945,0.7933728448275862,0.3269093212197871,False,precision
15562,0.4722913505311077,0.18930728698110783,2946,0.7936422413793104,0.32686087018683396,False,precision
15590,0.4731411229135053,0.1890314304041052,2947,0.7939116379310345,0.32683291675748577,False,precision
15865,0.4814871016691957,0.18670028364323984,2962,0.7979525862068966,0.32606357649746637,False,precision
15871,0.4816691957511381,0.18662970197215045,2962,0.7979525862068966,0.325405701752238,False,precision
15892,0.48230652503793625,0.18644601057135665,2963,0.7982219827586207,0.32510789707677595,False,precision
15921,0.4831866464339909,0.186232020601721,2965,0.798760775862069,0.3248661155461197,False,precision
15931,0.48349013657056145,0.18611512146130185,2965,0.798760775862069,0.32484367807981723,False,precision
15937,0.4836722306525038,0.1860450523938006,2965,0.798760775862069,0.32457249020046025,False,precision
15961,0.48440060698027315,0.18576530292588184,2965,0.798760775862069,0.3243683308474556,False,precision
15967,0.48458270106221546,0.18575812613515374,2966,0.7990301724137931,0.3242937692340495,False,precision
15971,0.4847040971168437,0.18571160227913092,2966,0.7990301724137931,0.32394559929756583,False,precision
15973,0.4847647951441578,0.18568834908908782,2966,0.7990301724137931,0.3235192943710291,False,precision
16000,0.48558421851289835,0.1855,2968,0.7995689655172413,0.32293487920410285,False,precision
16003,0.4856752655538695,0.18552771355370867,2969,0.7998383620689655,0.32283944186148406,False,precision
16084,0.48813353566009104,0.18459338473016662,2969,0.7998383620689655,0.3228080117007963,False,precision
16088,0.4882549317147193,0.18454748881153654,2969,0.7998383620689655,0.3220791155884081,False,precision
16108,0.4888619119878604,0.18444251303700024,2971,0.8003771551724138,0.3214379422234045,False,precision
16110,0.4889226100151745,0.18448168839230292,2972,0.8006465517241379,0.3214031767508377,False,precision
16114,0.48904400606980275,0.1844358942534442,2972,0.8006465517241379,0.32109115377485337,False,precision
16121,0.4892564491654021,0.18441784008436202,2973,0.8009159482758621,0.32096934063733407,False,precision
16129,0.48949924127465855,0.1843263686527373,2973,0.8009159482758621,0.3208457832884865,False,precision
16133,0.4896206373292868,0.1843426517076799,2974,0.8011853448275862,0.32071194747645215,False,precision
16140,0.4898330804248862,0.1842627013630731,2974,0.8011853448275862,0.32048567975678344,False,precision
16153,0.49022761760242795,0.18411440599269485,2974,0.8011853448275862,0.32009404026752514,False,precision
16159,0.49040971168437025,0.1840460424531221,2974,0.8011853448275862,0.31983323097983046,False,precision
16233,0.4926555386949924,0.1835150619109222,2979,0.8025323275862069,0.3195739427196854,False,precision
16471,0.49987860394537176,0.18140975047052396,2988,0.8049568965517241,0.31948655027498785,False,precision
16480,0.5001517450682853,0.18131067961165048,2988,0.8049568965517241,0.3194202123373767,False,precision
16510,0.501062215477997,0.18098122350090853,2988,0.8049568965517241,0.3193579133287732,False,precision
16514,0.5011836115326251,0.18093738645997334,2988,0.8049568965517241,0.31923562786680054,False,precision
16521,0.5013960546282246,0.18086072271654258,2988,0.8049568965517241,0.3191894727554326,False,precision
16541,0.5020030349013657,0.18070249682606856,2989,0.8052262931034483,0.3188633148671871,False,precision
16812,0.510227617602428,0.17856293123959077,3002,0.8087284482758621,0.31881817674313545,False,precision
16813,0.510257966616085,0.17855231071194907,3002,0.8087284482758621,0.3187313594832067,False,precision
16839,0.5110470409711685,0.17833600570105113,3003,0.8089978448275862,0.3186840431140165,False,precision
16868,0.511927162367223,0.17820725634337206,3006,0.8098060344827587,0.3185674230314274,False,precision
16884,0.512412746585736,0.1780976072020848,3007,0.8100754310344828,0.3184078988405024,False,precision
17103,0.5190591805766313,0.176518739402444,3019,0.8133081896551724,0.3180683611332892,False,precision
17128,0.5198179059180577,0.17631947687996263,3020,0.8135775862068966,0.31787416307249683,False,precision
17144,0.5203034901365705,0.17627158189454037,3022,0.8141163793103449,0.3172169203867356,False,precision
17201,0.5220333839150227,0.17586186849601768,3025,0.8149245689655172,0.3170265627809686,False,precision
17203,0.5220940819423369,0.17584142300761496,3025,0.8149245689655172,0.316702625502628,False,precision
17230,0.5229135053110774,0.17568195008705745,3027,0.8154633620689655,0.3159791079698527,False,precision
17347,0.5264643399089529,0.17530408716204532,3041,0.8192349137931034,0.3157764673555221,False,precision
17349,0.526525037936267,0.17528387803331605,3041,0.8192349137931034,0.3155714030529142,False,precision
17357,0.5267678300455235,0.17520308809126,3041,0.8192349137931034,0.3151937420894492,False,precision
17369,0.5271320182094082,0.17513961655823593,3042,0.8195043103448276,0.31474373215776047,False,precision
17434,0.5291047040971169,0.17465871285992887,3045,0.8203125,0.31454006196428824,False,precision
17436,0.529165402124431,0.17463867859600826,3045,0.8203125,0.314181697803494,False,precision
17441,0.5293171471927163,0.17464594920016055,3046,0.8205818965517241,0.3140944490921479,False,precision
17462,0.5299544764795144,0.17449318520215323,3047,0.8208512931034483,0.31396058409486405,False,precision
17525,0.5318664643399089,0.1740941512125535,3051,0.8219288793103449,0.3138020773034988,False,precision
17546,0.5325037936267071,0.17388578593411605,3051,0.8219288793103449,0.31342027451523974,False,precision
17567,0.5331411229135053,0.17373484374110548,3052,0.822198275862069,0.3131979137557786,False,precision
17576,0.5334142640364188,0.17364588074647247,3052,0.822198275862069,0.3130998022185126,False,precision
17612,0.5345068285280729,0.1734044969339087,3054,0.8227370689655172,0.31265814005471654,False,precision
17620,0.5347496206373293,0.17338251986379113,3055,0.8230064655172413,0.312317803276252,False,precision
17667,0.536176024279211,0.17297786834210677,3056,0.8232758620689655,0.3121964271926687,False,precision
17679,0.5365402124430956,0.1729735844787601,3058,0.8238146551724138,0.3120719154576414,False,precision
17684,0.5366919575113809,0.1729246776747342,3058,0.8238146551724138,0.3117314382323811,False,precision
17689,0.5368437025796662,0.17293233082706766,3059,0.8240840517241379,0.3116109697678175,False,precision
17699,0.5371471927162367,0.17289112379230465,3060,0.8243534482758621,0.3113052777809222,False,precision
17732,0.5381487101669196,0.17262576133543875,3061,0.8246228448275862,0.3103550822898863,False,precision
17745,0.5385432473444614,0.17249929557621865,3061,0.8246228448275862,0.30976291042377063,False,precision
17757,0.538907435508346,0.17238272230669596,3061,0.8246228448275862,0.30898540658632856,False,precision
17759,0.5389681335356601,0.17236330874486175,3061,0.8246228448275862,0.30866433060011494,False,precision
17782,0.5396661608497724,0.17225283995051174,3063,0.8251616379310345,0.3081890106299424,False,precision
18053,0.5478907435508346,0.17055337063092008,3079,0.8294719827586207,0.3080609206579311,False,precision
18118,0.5498634294385433,0.16999668837620047,3080,0.8297413793103449,0.30797323447702385,False,precision
18153,0.5509256449165402,0.1698341871866909,3083,0.8305495689655172,0.30772039345962326,False,precision
18161,0.5511684370257967,0.16975937448378392,3083,0.8305495689655172,0.30761135507110143,False,precision
18418,0.5589681335356601,0.16831360625475078,3100,0.8351293103448276,0.3062479311361866,False,precision
18444,0.5597572078907436,0.16813055736282803,3101,0.8353987068965517,0.306225893243053,False,precision
18514,0.5618816388467375,0.16760289510640597,3103,0.8359375,0.30580665537487495,False,precision
18546,0.5628528072837633,0.16731370645961394,3103,0.8359375,0.3056497531334843,False,precision
18570,0.5635811836115326,0.16715131933225633,3104,0.8362068965517241,0.3055234871062065,False,precision
18573,0.5636722306525038,0.16712432024982501,3104,0.8362068965517241,0.30552095673069335,False,precision
18734,0.5685584218512898,0.16606170598911071,3111,0.8380926724137931,0.3051714983309426,False,precision
18751,0.5690743550834598,0.16607114287238015,3114,0.8389008620689655,0.3047048422221733,False,precision
18911,0.5739301972685887,0.16519486013431336,3124,0.8415948275862069,0.3044413918885316,False,precision
18921,0.5742336874051593,0.16510755245494424,3124,0.8415948275862069,0.3044260056501143,False,precision
18923,0.5742943854324735,0.16509010199228452,3124,0.8415948275862069,0.30400126053076315,False,precision
19105,0.5798179059180577,0.16388380005234232,3131,0.8434806034482759,0.3038147834172525,False,precision
19160,0.5814871016691957,0.16351774530271398,3133,0.8440193965517241,0.3037398099484065,False,precision
19177,0.5820030349013657,0.1633727903217396,3133,0.8440193965517241,0.30344261499369923,False,precision
19303,0.5858270106221548,0.16313526394860903,3149,0.8483297413793104,0.30285137073006,False,precision
19354,0.5873748103186647,0.162705383899969,3149,0.8483297413793104,0.30280638256900955,False,precision
19366,0.5877389984825493,0.16270783847980996,3151,0.8488685344827587,0.3027178099389284,False,precision
19395,0.5886191198786039,0.16267079144109306,3155,0.8499461206896551,0.30261728855296677,False,precision
19454,0.5904097116843703,0.16228025084815462,3157,0.8504849137931034,0.30261438571425425,False,precision
19457,0.5905007587253415,0.16225522948039267,3157,0.8504849137931034,0.30209980927770086,False,precision
19461,0.5906221547799696,0.1622218796567494,3157,0.8504849137931034,0.30202981335476087,False,precision
19499,0.5917754172989378,0.16205959279963075,3160,0.8512931034482759,0.3012397472871244,False,precision
19536,0.5928983308042488,0.16185503685503685,3162,0.8518318965517241,0.3010817072841256,False,precision
19541,0.5930500758725341,0.16181362263957833,3162,0.8518318965517241,0.3010517386926951,False,precision
19616,0.5953262518968133,0.16124592169657423,3163,0.8521012931034483,0.3009932233162729,False,precision
19648,0.5962974203338391,0.1610850977198697,3165,0.8526400862068966,0.30093480419102087,False,precision
19714,0.5983004552352048,0.1607994318758243,3170,0.8539870689655172,0.30080241757754417,False,precision
19743,0.5991805766312595,0.16061388846679836,3171,0.8542564655172413,0.3005608014604226,False,precision
19803,0.6010015174506829,0.16022824824521537,3173,0.8547952586206896,0.3004238840687954,False,precision
19814,0.6013353566009104,0.16013929544766325,3173,0.8547952586206896,0.3002971826743235,False,precision
19824,0.601638846737481,0.16005851493139628,3173,0.8547952586206896,0.2998228731196802,False,precision
19876,0.603216995447648,0.15974039042060778,3175,0.8553340517241379,0.29968652277967056,False,precision
19898,0.6038846737481032,0.15966428786812745,3177,0.8558728448275862,0.2996108059938585,False,precision
19906,0.6041274658573597,0.1596001205666633,3177,0.8558728448275862,0.2993223586701823,False,precision
19959,0.6057359635811836,0.15922641414900546,3178,0.8561422413793104,0.2990512604028032,False,precision
19962,0.6058270106221548,0.15920248472096984,3178,0.8561422413793104,0.2990223564066047,False,precision
19981,0.6064036418816389,0.15910114608878434,3179,0.8564116379310345,0.2989089832733709,False,precision
19984,0.60649468892261,0.15907726180944756,3179,0.8564116379310345,0.2983063145081327,False,precision
19993,0.6067678300455235,0.15900565197819236,3179,0.8564116379310345,0.2971074949641583,False,precision
20263,0.6149620637329287,0.15812071262892957,3204,0.8631465517241379,0.2965881246915054,False,precision
20280,0.6154779969650986,0.15808678500986192,3206,0.8636853448275862,0.2964199422797385,False,precision
20286,0.615660091047041,0.158040027605245,3206,0.8636853448275862,0.2959567508589556,False,precision
20336,0.6171775417298938,0.15779897718332023,3209,0.8644935344827587,0.2957566264589217,False,precision
20338,0.6172382397572079,0.15778345953387746,3209,0.8644935344827587,0.2956862302139099,False,precision
20378,0.6184522003034901,0.15752281872607715,3210,0.8647629310344828,0.29522181072097625,False,precision
20453,0.6207283763277693,0.1569940839974576,3211,0.8650323275862069,0.29516869877630403,False,precision
20495,0.6220030349013657,0.15676994388875334,3213,0.8655711206896551,0.2948580439850793,False,precision
20529,0.6230349013657056,0.15675386039261532,3218,0.8669181034482759,0.29473853695893854,False,precision
20557,0.6238846737481032,0.15663764167923336,3220,0.8674568965517241,0.2937478840682379,False,precision
20608,0.6254324734446131,0.156347049689441,3222,0.8679956896551724,0.293714485682115,False,precision
20903,0.6343854324734446,0.15509735444673015,3242,0.8733836206896551,0.29366119403533764,False,precision
20909,0.634567526555387,0.15505284805586111,3242,0.8733836206896551,0.29314398372130773,False,precision
20921,0.6349317147192717,0.15501171072128483,3243,0.8736530172413793,0.2928818366746015,False,precision
20970,0.6364188163884674,0.15479256080114448,3246,0.8744612068965517,0.2926892862714797,False,precision
20975,0.6365705614567526,0.15475566150178785,3246,0.8744612068965517,0.2926404391180862,False,precision
21148,0.6418209408194233,0.15415169283147342,3260,0.8782327586206896,0.2923685196280621,False,precision
21181,0.6428224582701062,0.1541003729757802,3264,0.8793103448275862,0.2921951211157697,False,precision
21187,0.6430045523520486,0.1540567329022514,3264,0.8793103448275862,0.292016172488595,False,precision
21199,0.6433687405159332,0.15396952686447474,3264,0.8793103448275862,0.29154466690988473,False,precision
21212,0.643763277693475,0.15387516500094287,3264,0.8793103448275862,0.2914200450313173,False,precision
21282,0.6458877086494689,0.15341603232778875,3265,0.8795797413793104,0.29062138152078193,False,precision
21345,0.6477996965098635,0.1532911688920122,3272,0.8814655172413793,0.29047848734678194,False,precision
21358,0.6481942336874051,0.15319786496863003,3272,0.8814655172413793,0.2904176155398935,False,precision
21428,0.650318664643399,0.15297741273100615,3278,0.8830818965517241,0.2901545460775655,False,precision
21516,0.65298937784522,0.152491169362335,3281,0.8838900862068966,0.2901039839219957,False,precision
21527,0.6533232169954476,0.1524597017698704,3282,0.8841594827586207,0.2900361692124788,False,precision
21536,0.6535963581183611,0.1524424219910847,3283,0.8844288793103449,0.2898373111452806,False,precision
21587,0.655144157814871,0.1521749200907954,3285,0.8849676724137931,0.28980805293624995,False,precision
21645,0.6569044006069803,0.15195195195195196,3289,0.8860452586206896,0.2897459739359432,False,precision
21699,0.6585432473444613,0.15171206046361582,3292,0.8868534482758621,0.2896493415462436,False,precision
21738,0.6597268588770865,0.15162388444199099,3296,0.8879310344827587,0.28948059956398836,False,precision
21801,0.6616388467374811,0.1513233337920279,3299,0.888739224137931,0.28901584143670883,False,precision
21835,0.6626707132018209,0.15117929929013052,3301,0.8892780172413793,0.28850735783298587,False,precision
21855,0.663277693474962,0.15104095172729354,3301,0.8892780172413793,0.288259320479073,False,precision
21856,0.6633080424886191,0.1510340409956076,3301,0.8892780172413793,0.288025444403898,False,precision
21858,0.6633687405159332,0.151020221429225,3301,0.8892780172413793,0.2874551727240973,False,precision
21908,0.664886191198786,0.1508124885886434,3304,0.8900862068965517,0.28713587239798793,False,precision
21920,0.6652503793626707,0.15082116788321168,3306,0.890625,0.2871172220917139,False,precision
21975,0.6669195751138088,0.1506712172923777,3311,0.8919719827586207,0.28706550713170376,False,precision
22025,0.6684370257966616,0.1503745743473326,3312,0.8922413793103449,0.2869129463739395,False,precision
22037,0.6688012139605463,0.1502926895675455,3312,0.8922413793103449,0.28642167033637644,False,precision
22105,0.6708649468892262,0.15005654829224158,3317,0.8935883620689655,0.286407497249311,False,precision
22141,0.6719575113808801,0.1500383903166072,3322,0.8949353448275862,0.2862595720401438,False,precision
22178,0.6730804248861912,0.14992334746144828,3325,0.8957435344827587,0.2859728648493316,False,precision
22233,0.6747496206373292,0.14968740161021904,3328,0.896551724137931,0.285873282084657,False,precision
22239,0.6749317147192716,0.1496470165025406,3328,0.896551724137931,0.28578267147628295,False,precision
22250,0.6752655538694993,0.14957303370786518,3328,0.896551724137931,0.28577116496580507,False,precision
22252,0.6753262518968134,0.14955959014920006,3328,0.896551724137931,0.2856582688299694,False,precision
22320,0.6773899848254932,0.1492831541218638,3332,0.8976293103448276,0.28553069723064717,False,precision
22323,0.6774810318664644,0.14926309187833176,3332,0.8976293103448276,0.28512115126188425,False,precision
22327,0.6776024279210926,0.14923635060688853,3332,0.8976293103448276,0.28492252816162394,False,precision
22330,0.6776934749620638,0.14921630094043886,3332,0.8976293103448276,0.28468500662482127,False,precision
22382,0.6792716236722307,0.14886962737914394,3332,0.8976293103448276,0.2843836522233056,False,precision
22412,0.6801820940819423,0.14867035516687488,3332,0.8976293103448276,0.28436714432825677,False,precision
22482,0.6823065250379363,0.14829641490970555,3334,0.8981681034482759,0.28362982666122244,False,precision
22483,0.6823368740515934,0.14833429702441844,3335,0.8984375,0.2832409701206501,False,precision
22494,0.6826707132018209,0.14826175869120656,3335,0.8984375,0.2830167777535677,False,precision
22504,0.6829742033383915,0.1481958762886598,3335,0.8984375,0.28286454609196976,False,precision
22592,0.6856449165402124,0.1478399433427762,3340,0.8997844827586207,0.28258437303290374,False,precision
22762,0.6908042488619119,0.14757051225727089,3359,0.9049030172413793,0.2824894507357432,False,precision
22769,0.6910166919575114,0.14756906319996488,3360,0.9051724137931034,0.2823653139825797,False,precision
22998,0.6979666160849772,0.1462735890077398,3364,0.90625,0.2823405714246147,False,precision
23006,0.6982094081942337,0.14622272450665044,3364,0.90625,0.2822464643818169,False,precision
23030,0.6989377845220031,0.14607034303082936,3364,0.90625,0.2820995237014857,False,precision
23037,0.6991502276176025,0.1460259582410904,3364,0.90625,0.28206680286235586,False,precision
23045,0.6993930197268589,0.1460186591451508,3365,0.9065193965517241,0.281956816278567,False,precision
23061,0.6998786039453718,0.14591734963791683,3365,0.9065193965517241,0.2817983442444408,False,precision
23097,0.7009711684370258,0.14573321210546825,3366,0.9067887931034483,0.2814011851876945,False,precision
23118,0.7016084977238239,0.14560083052167141,3366,0.9067887931034483,0.2809118997927612,False,precision
23210,0.7044006069802732,0.14523912106850495,3371,0.908135775862069,0.2798719257933017,False,precision
23217,0.7046130500758725,0.14519533100745144,3371,0.908135775862069,0.2796513664208296,False,precision
23223,0.7047951441578149,0.14515781768074754,3371,0.908135775862069,0.2793257353843282,False,precision
23225,0.704855842185129,0.1451453175457481,3371,0.908135775862069,0.2791518872610944,False,precision
23226,0.704886191198786,0.1451821234823043,3372,0.9084051724137931,0.27901124297417823,False,precision
23300,0.7071320182094082,0.14493562231759657,3377,0.9097521551724138,0.2789490545205282,False,precision
23301,0.7071623672230652,0.14492940217158062,3377,0.9097521551724138,0.2789303550571719,False,precision
23305,0.7072837632776935,0.14490452692555245,3377,0.9097521551724138,0.2783743732807202,False,precision
23347,0.7085584218512898,0.14472951556945218,3379,0.9102909482758621,0.27795113960811796,False,precision
23444,0.7115022761760242,0.14434396860603993,3384,0.9116379310344828,0.2778093054576389,False,precision
23447,0.7115933232169954,0.14432550006397407,3384,0.9116379310344828,0.27761798568048796,False,precision
23512,0.7135660091047041,0.1439265056141545,3384,0.9116379310344828,0.27724248915488114,False,precision
23537,0.7143247344461305,0.1439435781960318,3388,0.9127155172413793,0.27632781332820605,False,precision
23552,0.7147799696509863,0.1438943614130435,3389,0.9129849137931034,0.2759616914603999,False,precision
23558,0.7149620637329287,0.14385771287885218,3389,0.9129849137931034,0.2757424307957155,False,precision
23586,0.7158118361153263,0.1437293309590435,3390,0.9132543103448276,0.27558781078126093,False,precision
23598,0.7161760242792109,0.14365624205441138,3390,0.9132543103448276,0.2755146401663171,False,precision
23601,0.7162670713201821,0.14363798144146434,3390,0.9132543103448276,0.2754075546604087,False,precision
23665,0.7182094081942337,0.14350306359602788,3396,0.9148706896551724,0.27531616625372646,False,precision
23667,0.7182701062215479,0.14349093674736976,3396,0.9148706896551724,0.27501810429570234,False,precision
23709,0.7195447647951442,0.14323674553966848,3396,0.9148706896551724,0.27448242250664634,False,precision
23798,0.7222458270106221,0.1429111690057988,3401,0.9162176724137931,0.27428332616855183,False,precision
23838,0.7234597875569044,0.1426713650474033,3401,0.9162176724137931,0.2742177913643556,False,precision
23847,0.7237329286798179,0.1426594540193735,3402,0.9164870689655172,0.27392925229750253,False,precision
23901,0.7253717754172989,0.14246265846617295,3405,0.9172952586206896,0.2739277098071813,False,precision
23993,0.7281638846737482,0.14195807110407202,3406,0.9175646551724138,0.272889649511254,False,precision
24042,0.7296509863429439,0.14183512187006073,3410,0.9186422413793104,0.2724479326568348,False,precision
24044,0.729711684370258,0.14182332390617203,3410,0.9186422413793104,0.27235063053418895,False,precision
24083,0.7308952959028832,0.14159365527550555,3410,0.9186422413793104,0.27188840082757143,False,precision
24096,0.7312898330804248,0.14151726427622843,3410,0.9186422413793104,0.2718380686662738,False,precision
24118,0.7319575113808802,0.14151256323078198,3413,0.9194504310344828,0.2716103762186966,False,precision
24124,0.7321396054628224,0.14147736693748963,3413,0.9194504310344828,0.2712934832458213,False,precision
24126,0.7322003034901365,0.14146563873000084,3413,0.9194504310344828,0.27067168798303326,False,precision
24133,0.732412746585736,0.14142460531222806,3413,0.9194504310344828,0.2706549333015205,False,precision
24140,0.7326251896813354,0.14142502071251037,3414,0.9197198275862069,0.2705885400450486,False,precision
24166,0.7334142640364189,0.14139700405528427,3417,0.9205280172413793,0.27042980955814,False,precision
24197,0.7343550834597875,0.14125718064222836,3418,0.9207974137931034,0.2699690432994866,False,precision
24204,0.7345675265553869,0.1412576433647331,3419,0.9210668103448276,0.269242524328195,False,precision
24211,0.7347799696509864,0.1412168022799554,3419,0.9210668103448276,0.2692128842040948,False,precision
24435,0.7415781487101669,0.14029056680990382,3428,0.9234913793103449,0.26899585394799364,False,precision
24480,0.7429438543247344,0.1400735294117647,3429,0.923760775862069,0.2688977035499907,False,precision
24491,0.7432776934749621,0.14001061614470622,3429,0.923760775862069,0.26861764264871957,False,precision
24505,0.7437025796661608,0.13993062640277495,3429,0.923760775862069,0.2681409999212084,False,precision
24755,0.7512898330804249,0.13888103413451827,3438,0.9261853448275862,0.2677516221298352,False,precision
24783,0.7521396054628224,0.13884517612879796,3441,0.9269935344827587,0.2671300529357185,False,precision
24866,0.7546585735963581,0.13850237271776722,3444,0.927801724137931,0.2669170537452988,False,precision
24872,0.7548406676783005,0.13846896108073337,3444,0.927801724137931,0.26666307643842957,False,precision
24951,0.7572382397572079,0.13819085407398501,3448,0.9288793103448276,0.2663557573996768,False,precision
24988,0.758361153262519,0.1380262526012486,3449,0.9291487068965517,0.2663506366991873,False,precision
25012,0.7590895295902883,0.13789381097073405,3449,0.9291487068965517,0.26625440368248005,False,precision
25030,0.7596358118361153,0.13779464642429085,3449,0.9291487068965517,0.26582556561645837,False,precision
25043,0.7600303490136571,0.1377630475581999,3450,0.9294181034482759,0.265808440072849,False,precision
25086,0.7613353566009105,0.13756677031013315,3451,0.9296875,0.2648078860388383,False,precision
25142,0.7630349013657056,0.13737968339829768,3454,0.9304956896551724,0.2641258984286338,False,precision
25153,0.7633687405159333,0.13731960402337692,3454,0.9304956896551724,0.2639645772029602,False,precision
25396,0.7707435508345979,0.1363600567018428,3463,0.9329202586206896,0.2639349689873226,False,precision
25398,0.770804248861912,0.13634931884400348,3463,0.9329202586206896,0.26382753567710093,False,precision
25489,0.7735660091047041,0.1361763898152144,3471,0.9350754310344828,0.2635308216531805,False,precision
25739,0.7811532625189681,0.13520338785500602,3480,0.9375,0.26350985918639264,False,precision
25748,0.7814264036418817,0.13515612863135001,3480,0.9375,0.262749457506727,False,precision
25786,0.7825796661608497,0.1350732955867525,3483,0.9383081896551724,0.2620951868810295,False,precision
25798,0.7829438543247345,0.13504922862237384,3484,0.9385775862068966,0.26075328027765227,False,precision
25827,0.7838239757207891,0.13497502613543966,3486,0.9391163793103449,0.2606082989414,False,precision
25868,0.7850682852807284,0.13483841039121694,3488,0.9396551724137931,0.2605658843714946,False,precision
25886,0.7856145675265553,0.1347446496175539,3488,0.9396551724137931,0.26022600854249217,False,precision
25910,0.7863429438543247,0.13465843303743727,3489,0.9399245689655172,0.260137352733127,False,precision
26005,0.7892261001517451,0.13451259373197463,3498,0.9423491379310345,0.25980813364478433,False,precision
26014,0.7894992412746585,0.1345044975782271,3499,0.9426185344827587,0.25941286863164925,False,precision
26030,0.7899848254931715,0.13442182097579716,3499,0.9426185344827587,0.25931907441970403,False,precision
26062,0.7909559939301972,0.13425677231217864,3499,0.9426185344827587,0.2586851410075634,False,precision
26070,0.7911987860394537,0.1342155734560798,3499,0.9426185344827587,0.2576792675687149,False,precision
26079,0.7914719271623673,0.134207599984662,3500,0.9428879310344828,0.25759255362005823,False,precision
26107,0.7923216995447648,0.13417857279656797,3503,0.9436961206896551,0.2573125616599097,False,precision
26110,0.792412746585736,0.13416315587897357,3503,0.9436961206896551,0.25664201167567696,False,precision
26123,0.7928072837632777,0.1341346705967921,3504,0.9439655172413793,0.256304875384364,False,precision
26155,0.7937784522003035,0.1340852609443701,3507,0.9447737068965517,0.25624890511304604,False,precision
26164,0.794051593323217,0.13407735820210978,3508,0.9450431034482759,0.2557329369651409,False,precision
26228,0.7959939301972686,0.13382644502058869,3510,0.9455818965517241,0.25524081442043606,False,precision
26233,0.7961456752655539,0.133800937750162,3510,0.9455818965517241,0.25520286539289333,False,precision
26238,0.7962974203338391,0.13377544020123486,3510,0.9455818965517241,0.2550032173071432,False,precision
26309,0.7984522003034902,0.1334904405336577,3512,0.9461206896551724,0.25448282269904393,False,precision
26326,0.7989681335356601,0.13344222441692624,3513,0.9463900862068966,0.2538350978723387,False,precision
26332,0.7991502276176025,0.13341181831991494,3513,0.9463900862068966,0.2537501681261042,False,precision
26339,0.7993626707132018,0.13337636204867306,3513,0.9463900862068966,0.25327899818792654,False,precision
26396,0.801092564491654,0.13312623124715867,3514,0.9466594827586207,0.2527311723297732,False,precision
26435,0.8022761760242793,0.13292982787970495,3514,0.9466594827586207,0.252438684093899,False,precision
26448,0.8026707132018209,0.13294010889292196,3516,0.947198275862069,0.2522957598338856,False,precision
26484,0.803763277693475,0.132834919196496,3518,0.9477370689655172,0.2520141291961238,False,precision
26494,0.8040667678300455,0.1327847814599532,3518,0.9477370689655172,0.25190831266286606,False,precision
26510,0.8045523520485585,0.13278008298755187,3520,0.9482758620689655,0.2510037969930701,False,precision
26588,0.8069195751138089,0.13246577403339851,3522,0.9488146551724138,0.2505206635695011,False,precision
26620,0.8078907435508346,0.13234410217881293,3523,0.9490840517241379,0.25030743919582277,False,precision
26624,0.8080121396054628,0.13232421875,3523,0.9490840517241379,0.24923897717669266,False,precision
26662,0.809165402124431,0.13217313029780212,3524,0.9493534482758621,0.24723372400717397,False,precision
26678,0.8096509863429439,0.13209386010945348,3524,0.9493534482758621,0.2470019507084035,False,precision
26683,0.8098027314112292,0.13206910767155117,3524,0.9493534482758621,0.24547110264643104,False,precision
26698,0.810257966616085,0.13199490598546706,3524,0.9493534482758621,0.24060272562472776,False,precision
26700,0.8103186646433991,0.13198501872659177,3524,0.9493534482758621,0.23764409848713947,False,precision
26725,0.8110773899848255,0.13189897100093545,3525,0.9496228448275862,0.23465717546864986,False,precision
26728,0.8111684370257967,0.13188416641724035,3525,0.9496228448275862,0.2342601919077147,False,precision
26746,0.8117147192716236,0.13183279742765272,3526,0.9498922413793104,0.23425624358894373,False,precision
26748,0.8117754172989378,0.13182294003289965,3526,0.9498922413793104,0.22965094677969997,False,precision
26749,0.8118057663125948,0.1318180118882949,3526,0.9498922413793104,0.22935190835594457,False,precision
26757,0.8120485584218513,0.1318159733901409,3527,0.9501616379310345,0.2263822820016032,False,precision
26759,0.8121092564491654,0.1318061213049815,3527,0.9501616379310345,0.225397692527925,False,precision
26821,0.8139908952959028,0.13150143544237725,3527,0.9501616379310345,0.22302313753522116,False,precision
26828,0.8142033383915023,0.13146712390040258,3527,0.9501616379310345,0.22231132948782661,False,precision
26834,0.8143854324734446,0.13143772825519862,3527,0.9501616379310345,0.21799252944144903,False,precision
27008,0.8196661608497724,0.13070201421800948,3530,0.9509698275862069,0.2171980987728805,False,precision
27010,0.8197268588770865,0.13069233617178821,3530,0.9509698275862069,0.21627852212865822,False,precision
27531,0.8355386949924127,0.12861864806944898,3541,0.9539331896551724,0.21086755018259598,False,precision
28055,0.8514415781487101,0.1267153805025842,3555,0.9577047413793104,0.20852542330961504,False,precision
28237,0.8569650986342944,0.12607571625880937,3560,0.959051724137931,0.20824710507475266,False,precision
28713,0.8714112291350531,0.12450806255006443,3575,0.9630926724137931,0.20681215521594826,False,precision
28750,0.8725341426403642,0.12434782608695652,3575,0.9630926724137931,0.20634952805126316,False,precision
28780,0.8734446130500759,0.12421820708825573,3575,0.9630926724137931,0.20632992086271837,False,precision
28966,0.8790895295902883,0.12362770144307118,3581,0.9647090517241379,0.20520757259278832,False,precision
29327,0.8900455235204856,0.12231049885770791,3587,0.9663254310344828,0.20477742455910775,False,precision
29375,0.8915022761760243,0.12214468085106384,3588,0.9665948275862069,0.20453223080623634,False,precision
29561,0.8971471927162368,0.12164676431785122,3596,0.96875,0.20345155454774905,False,precision
29562,0.8971775417298937,0.12164264934713484,3596,0.96875,0.20341587728359287,False,precision
29921,0.9080728376327769,0.12041709835901207,3603,0.970635775862069,0.2029787767383605,False,precision
29992,0.9102276176024279,0.12019871965857562,3605,0.9711745689655172,0.20166401178131693,False,precision
30496,0.9255235204855842,0.11876967471143757,3622,0.9757543103448276,0.20142315612644024,False,precision
30680,0.9311077389984825,0.11831812255541069,3630,0.9779094827586207,0.19969990086692443,False,precision
31025,0.9415781487101669,0.11722804190169218,3637,0.9797952586206896,0.19894453761525466,False,precision
31141,0.9450986342943855,0.1167913682926046,3637,0.9797952586206896,0.1941435202708388,False,precision
31651,0.9605766312594841,0.11563615683548703,3660,0.9859913793103449,0.1918510578671084,False,precision
31704,0.962185128983308,0.11553747161241484,3663,0.9867995689655172,0.19117618605831296,False,precision
31767,0.9640971168437026,0.11540277646614411,3666,0.9876077586206896,0.18041292067301565,False,precision
31874,0.9673444613050076,0.11507812009788543,3668,0.9881465517241379,0.17735100601339834,False,precision
32213,0.9776327769347496,0.11430167944618633,3682,0.9919181034482759,0.17490073184371333,False,precision
32245,0.9786039453717754,0.11421925879981393,3683,0.9921875,0.17026616775502332,False,precision
32343,0.9815781487101669,0.11393500912098445,3685,0.9927262931034483,0.16927084574175802,False,precision
32372,0.9824582701062216,0.11386383294204869,3686,0.9929956896551724,0.16905514729119683,False,precision
32731,0.9933535660091047,0.11313433747823165,3703,0.9975754310344828,0.15467294894416095,False,precision
32754,0.994051593323217,0.11311595530316908,3705,0.998114224137931,0.15365526831485746,False,precision
32857,0.9971775417298938,0.11285266457680251,3708,0.9989224137931034,0.14222232047701927,False,precision
32950,1.0,0.11265553869499241,3712,1.0,0.14222232047701924,False,precision
