band_size,coverage,npv,subscribers_routed,leakage_rate,threshold,feasible,binding
93,0.0028224582701062216,0.956989247311828,4,0.0010775862068965517,0.15365526831485746,False,support
196,0.0059484066767830045,0.9642857142857143,7,0.0018857758620689656,0.15467294894416095,True,
219,0.006646433990895296,0.958904109589041,9,0.0024245689655172415,0.16905514729119683,True,
578,0.017541729893778453,0.9550173010380623,26,0.007004310344827586,0.16927084574175805,False,npv
607,0.01842185128983308,0.9555189456342669,27,0.007273706896551724,0.17026616775502332,False,npv
705,0.02139605462822458,0.9588652482269504,29,0.0078125,0.17490073184371333,True,
737,0.02236722306525038,0.9592944369063772,30,0.008081896551724138,0.17735100601339834,True,
1076,0.032655538694992416,0.9591078066914498,44,0.011853448275862068,0.18041292067301565,True,
1183,0.03590288315629742,0.9611158072696534,46,0.012392241379310345,0.19117618605831296,True,
1246,0.03781487101669196,0.9606741573033708,49,0.013200431034482759,0.19185105786710846,True,
1299,0.039423368740515934,0.9599692070823711,52,0.014008620689655173,0.19414352027083884,True,
1809,0.05490136570561457,0.9585406301824212,75,0.020204741379310345,0.1989445376152547,True,
1925,0.05842185128983308,0.961038961038961,75,0.020204741379310345,0.19969990086692443,True,
2270,0.06889226100151745,0.9638766519823788,82,0.02209051724137931,0.20142315612644024,True,
2454,0.07447647951441579,0.9633251833740831,90,0.024245689655172414,0.20166401178131693,True,
2958,0.08977238239757208,0.9638269100743746,107,0.02882543103448276,0.2029787767383605,True,
3029,0.09192716236722306,0.9640145262462859,109,0.029364224137931036,0.2034158772835928,True,
3388,0.10282245827010622,0.9657615112160567,116,0.03125,0.20345155454774905,True,
3389,0.10285280728376328,0.9657716140454411,116,0.03125,0.20453223080623634,True,
3575,0.10849772382397573,0.9653146853146853,124,0.0334051724137931,0.20477742455910777,True,
3623,0.10995447647951441,0.9654982059067071,125,0.033674568965517244,0.20520757259278827,True,
3984,0.12091047040971169,0.9671184738955824,131,0.03529094827586207,0.2063299208627183,True,
4170,0.12655538694992413,0.9671462829736212,137,0.0369073275862069,0.20634952805126316,True,
4200,0.1274658573596358,0.9673809523809523,137,0.0369073275862069,0.20681215521594826,True,
4237,0.12858877086494688,0.9676658012744866,137,0.0369073275862069,0.20824710507475266,True,
4713,0.14303490136570562,0.967748779970295,152,0.040948275862068964,0.20852542330961504,True,
4895,0.14855842185128984,0.967926455566905,157,0.042295258620689655,0.210867550182596,True,
5419,0.16446130500758727,0.9684443624284923,171,0.04606681034482758,0.21627852212865822,True,
5940,0.1802731411229135,0.9693602693602693,182,0.0490301724137931,0.21719809877288046,True,
5942,0.1803338391502276,0.9693705822955234,182,0.0490301724137931,0.2179925294414491,True,
6116,0.1856145675265554,0.9697514715500327,185,0.04983836206896552,0.22231132948782667,True,
6122,0.18579666160849773,0.9697811172819341,185,0.04983836206896552,0.22302313753522116,True,
6129,0.18600910470409712,0.9698156306085821,185,0.04983836206896552,0.225397692527925,True,
6191,0.1878907435508346,0.9701179130996608,185,0.04983836206896552,0.2263822820016032,True,
6193,0.18795144157814872,0.9701275633780074,185,0.04983836206896552,0.22935190835594457,True,
6201,0.18819423368740515,0.9700048379293662,186,0.050107758620689655,0.22965094677969997,True,
6202,0.1882245827010622,0.9700096742986134,186,0.050107758620689655,0.23425624358894373,True,
6204,0.18828528072837633,0.9700193423597679,186,0.050107758620689655,0.2342601919077147,True,
6222,0.18883156297420334,0.9699453551912568,187,0.05037715517241379,0.2346571754686499,True,
6225,0.18892261001517452,0.9699598393574297,187,0.05037715517241379,0.23764409848713947,True,
6250,0.18968133535660092,0.96992,188,0.05064655172413793,0.24060272562472776,True,
6252,0.18974203338391502,0.9699296225207934,188,0.05064655172413793,0.245471102646431,True,
6267,0.19019726858877087,0.9700015956598054,188,0.05064655172413793,0.2470019507084035,True,
6272,0.19034901365705614,0.9700255102040817,188,0.05064655172413793,0.24723372400717397,True,
6288,0.19083459787556906,0.9701017811704835,188,0.05064655172413793,0.24923897717669266,True,
6326,0.1919878603945372,0.9701233006639266,189,0.05091594827586207,0.25030743919582277,True,
6330,0.1921092564491654,0.9701421800947867,189,0.05091594827586207,0.2505206635695011,True,
6362,0.1930804248861912,0.9701351776171016,190,0.05118534482758621,0.2510037969930701,True,
6440,0.19544764795144157,0.9701863354037267,192,0.05172413793103448,0.2519083126628661,True,
6456,0.19593323216995448,0.9699504337050805,194,0.052262931034482756,0.2520141291961238,True,
6466,0.19623672230652503,0.9699969068976183,194,0.052262931034482756,0.2522957598338856,True,
6502,0.19732928679817907,0.9698554290987389,196,0.052801724137931036,0.252438684093899,True,
6515,0.1977238239757208,0.9696085955487337,198,0.05334051724137931,0.25273117232977316,True,
6554,0.19890743550834597,0.9697894415624047,198,0.05334051724137931,0.25327899818792654,True,
6611,0.20063732928679817,0.9698986537588867,199,0.053609913793103446,0.2537501681261041,True,
6618,0.20084977238239757,0.9699304925959504,199,0.053609913793103446,0.25383509787233866,True,
6624,0.2010318664643399,0.969957729468599,199,0.053609913793103446,0.25448282269904393,True,
6641,0.20154779969650988,0.9698840536063846,200,0.05387931034482758,0.2550032173071432,True,
6712,0.20370257966616084,0.9699046483909416,202,0.05441810344827586,0.25520286539289333,True,
6717,0.20385432473444612,0.9699270507667114,202,0.05441810344827586,0.25524081442043606,True,
6722,0.20400606980273142,0.9699494198155311,202,0.05441810344827586,0.2557329369651408,True,
6786,0.205948406676783,0.9699381078691424,204,0.05495689655172414,0.25624890511304604,True,
6795,0.2062215477996965,0.9698307579102281,205,0.05522629310344827,0.256304875384364,True,
6827,0.2071927162367223,0.9695327376592939,208,0.05603448275862069,0.2566420116756769,True,
6840,0.20758725341426404,0.9694444444444444,209,0.05630387931034483,0.2573125616599097,True,
6843,0.2076783004552352,0.9694578401285986,209,0.05630387931034483,0.2575925536200582,True,
6871,0.20852807283763278,0.9691456847620433,212,0.057112068965517244,0.2576792675687149,True,
6880,0.2088012139605463,0.9690406976744186,213,0.05738146551724138,0.25868514100756335,True,
6888,0.20904400606980272,0.9690766550522648,213,0.05738146551724138,0.25931907441970403,True,
6920,0.21001517450682852,0.9692196531791908,213,0.05738146551724138,0.25941286863164925,True,
6936,0.21050075872534144,0.9692906574394463,213,0.05738146551724138,0.2598081336447843,True,
6945,0.21077389984825493,0.9691864650827934,214,0.05765086206896552,0.26013735273312694,True,
7040,0.21365705614567526,0.9683238636363637,223,0.060075431034482756,0.26022600854249217,True,
7064,0.2143854324734446,0.9682899207248018,224,0.0603448275862069,0.2605658843714946,True,
7082,0.2149317147192716,0.968370516803163,224,0.0603448275862069,0.2606082989414,True,
7123,0.21617602427921093,0.968271795591745,226,0.06088362068965517,0.26075328027765227,True,
7152,0.21705614567526554,0.9681208053691275,228,0.061422413793103446,0.2620951868810295,True,
7164,0.21742033383915021,0.968034617532105,229,0.06169181034482758,0.262749457506727,True,
7202,0.21857359635811835,0.9677867259094696,232,0.0625,0.26350985918639264,True,
7211,0.21884673748103187,0.9678269310775205,232,0.0625,0.2635308216531805,True,
7461,0.2264339908952959,0.9676986999061788,241,0.06492456896551724,0.2638275356771009,True,
7552,0.22919575113808802,0.9670286016949152,249,0.06707974137931035,0.26393496898732266,True,
7554,0.22925644916540214,0.9670373312152502,249,0.06707974137931035,0.26396457720296024,True,
7797,0.23663125948406677,0.9669103501346672,258,0.06950431034482758,0.2641258984286338,True,
7808,0.23696509863429438,0.9669569672131147,258,0.06950431034482758,0.2648078860388383,True,
7864,0.23866464339908952,0.9668107833163785,261,0.0703125,0.265808440072849,True,
7907,0.23996965098634293,0.9668648033388137,262,0.07058189655172414,0.26582556561645837,True,
7920,0.24036418816388466,0.9667929292929293,263,0.07085129310344827,0.26625440368248005,True,
7938,0.2409104704097117,0.9668682287729907,263,0.07085129310344827,0.2663506366991873,True,
7962,0.24163884673748104,0.9669680984677217,263,0.07085129310344827,0.2663557573996768,True,
7999,0.2427617602427921,0.9669958744843106,264,0.07112068965517242,0.26666307643842957,True,
8078,0.24515933232169954,0.9668234711562268,268,0.07219827586206896,0.2669170537452988,True,
8084,0.24534142640364187,0.966848095002474,268,0.07219827586206896,0.26713005293571856,True,
8167,0.24786039453717754,0.9668176809109832,271,0.07300646551724138,0.2677516221298352,True,
8195,0.24871016691957512,0.9665649786455156,274,0.0738146551724138,0.2681409999212084,True,
8445,0.2562974203338392,0.9664890467732387,283,0.07623922413793104,0.2686176426487196,True,
8459,0.2567223065250379,0.9665445088071876,283,0.07623922413793104,0.2688977035499907,True,
8470,0.2570561456752656,0.9665879574970484,283,0.07623922413793104,0.26899585394799364,True,
8515,0.2584218512898331,0.9666470933646506,284,0.07650862068965517,0.26921288420409484,True,
8739,0.26522003034901365,0.9664721364000458,293,0.07893318965517242,0.269242524328195,True,
8746,0.26543247344461307,0.9664989709581523,293,0.07893318965517242,0.2699690432994866,True,
8753,0.26564491654021244,0.9664115160516394,294,0.07920258620689655,0.27042980955814,True,
8784,0.2665857359635812,0.9664162112932605,295,0.07947198275862069,0.2705885400450487,True,
8810,0.26737481031866467,0.9661748013620886,298,0.08028017241379311,0.2706549333015205,True,
8817,0.26758725341426404,0.9660882386299194,299,0.08054956896551724,0.27067168798303326,True,
8824,0.2677996965098634,0.9661151405258386,299,0.08054956896551724,0.2712934832458213,True,
8826,0.2678603945371775,0.966122818944029,299,0.08054956896551724,0.2716103762186966,True,
8832,0.2680424886191199,0.9661458333333334,299,0.08054956896551724,0.27183806866627386,True,
8854,0.2687101669195751,0.9658911226564265,302,0.08135775862068965,0.2718884008275715,True,
8867,0.26910470409711684,0.9659411300327055,302,0.08135775862068965,0.272350630534189,True,
8906,0.27028831562974204,0.9660902762182798,302,0.08135775862068965,0.2724479326568348,True,
8908,0.27034901365705616,0.9660978895374944,302,0.08135775862068965,0.272889649511254,True,
8957,0.2718361153262519,0.9658367757061516,306,0.0824353448275862,0.27392770980718123,True,
9049,0.2746282245827011,0.9660735992927395,307,0.08270474137931035,0.2739292522975026,True,
9103,0.2762670713201821,0.9659452927606283,310,0.08351293103448276,0.27421779136435553,True,
9112,0.2765402124430956,0.9658691834942933,311,0.08378232758620689,0.27428332616855183,True,
9152,0.2777541729893778,0.9660183566433567,311,0.08378232758620689,0.2744824225066463,True,
9241,0.2804552352048558,0.9658045666053457,316,0.08512931034482758,0.2750181042957024,True,
9283,0.2817298937784522,0.9659592804050414,316,0.08512931034482758,0.27531616625372646,True,
9285,0.2817905918057663,0.9659666128163705,316,0.08512931034482758,0.2754075546604088,True,
9349,0.2837329286798179,0.9655578136699112,322,0.08674568965517242,0.2755146401663171,True,
9352,0.2838239757207891,0.9655688622754491,322,0.08674568965517242,0.27558781078126093,True,
9364,0.2841881638846738,0.96561298590346,322,0.08674568965517242,0.2757424307957155,True,
9392,0.2850379362670713,0.9656090289608177,323,0.08701508620689655,0.2759616914603999,True,
9398,0.28522003034901366,0.9656309853160246,323,0.08701508620689655,0.276327813328206,True,
9413,0.2856752655538695,0.9655795176883034,324,0.08728448275862069,0.27724248915488126,True,
9438,0.2864339908952959,0.9652468743377834,328,0.08836206896551724,0.27761798568048796,True,
9503,0.2884066767830046,0.9654845838156372,328,0.08836206896551724,0.27780930545763893,True,
9506,0.2884977238239757,0.9654954765411319,328,0.08836206896551724,0.277951139608118,True,
9603,0.2914415781487102,0.9653233364573571,333,0.08970905172413793,0.2783743732807202,True,
9645,0.2927162367223065,0.9652669777086573,335,0.0902478448275862,0.2789303550571719,True,
9649,0.29283763277693475,0.9652813763084257,335,0.0902478448275862,0.27894905452052826,True,
9650,0.2928679817905918,0.9652849740932643,335,0.0902478448275862,0.2790112429741781,True,
9724,0.29511380880121396,0.965034965034965,340,0.09159482758620689,0.2791518872610944,True,
9725,0.295144157814871,0.964935732647815,341,0.09186422413793104,0.2793257353843282,True,
9727,0.29520485584218514,0.9649429423254857,341,0.09186422413793104,0.27965136642082955,True,
9733,0.29538694992412745,0.9649645535806021,341,0.09186422413793104,0.2798719257933017,True,
9740,0.2955993930197269,0.9649897330595483,341,0.09186422413793104,0.2809118997927612,True,
9832,0.298391502276176,0.9648087876322213,346,0.09321120689655173,0.2814011851876945,True,
9853,0.2990288315629742,0.9648837917385568,346,0.09321120689655173,0.2817983442444408,True,
9889,0.30012139605462823,0.9649105066235211,347,0.09348060344827586,0.281956816278567,True,
9905,0.30060698027314114,0.9649671882887431,347,0.09348060344827586,0.2820668028623559,True,
9913,0.3008497723823976,0.9648945828709775,348,0.09375,0.2820995237014857,True,
9920,0.30106221547799694,0.9649193548387097,348,0.09375,0.2822464643818169,True,
9944,0.30179059180576634,0.9650040225261464,348,0.09375,0.2823405714246147,True,
9952,0.30203338391502277,0.965032154340836,348,0.09375,0.28236531398257975,True,
10181,0.30898330804248864,0.9654257931440919,352,0.09482758620689655,0.2824894507357432,True,
10188,0.309195751138088,0.9653513937966235,353,0.09509698275862069,0.28258437303290374,True,
10358,0.3143550834597876,0.9640857308360687,372,0.10021551724137931,0.2828645460919698,True,
10446,0.3170257966616085,0.9639096304805668,377,0.1015625,0.28301677775356765,True,
10456,0.31732928679817907,0.9639441469013007,377,0.1015625,0.2832409701206501,True,
10467,0.3176631259484067,0.9639820387885736,377,0.1015625,0.28362982666122244,True,
10468,0.31769347496206374,0.9638899503247994,378,0.10183189655172414,0.28436714432825677,True,
10538,0.31981790591805764,0.9639400265705067,380,0.10237068965517242,0.2843836522233056,True,
10568,0.32072837632776935,0.9640423921271764,380,0.10237068965517242,0.28468500662482127,True,
10620,0.3223065250379363,0.9642184557438794,380,0.10237068965517242,0.28492252816162394,True,
10623,0.32239757207890746,0.9642285606702438,380,0.10237068965517242,0.28512115126188425,True,
10627,0.32251896813353564,0.9642420250305824,380,0.10237068965517242,0.2855306972306471,True,
10630,0.3226100151745068,0.9642521166509878,380,0.10237068965517242,0.2856582688299695,True,
10698,0.32467374810318667,0.9641054402692092,384,0.10344827586206896,0.28577116496580507,True,
10700,0.32473444613050073,0.9641121495327103,384,0.10344827586206896,0.28578267147628295,True,
10711,0.3250682852807284,0.9641490056950798,384,0.10344827586206896,0.285873282084657,True,
10717,0.3252503793626707,0.9641690771671176,384,0.10344827586206896,0.2859728648493316,True,
10772,0.3269195751138088,0.964073523950984,387,0.10425646551724138,0.2862595720401438,True,
10809,0.3280424886191199,0.9639189564252012,390,0.1050646551724138,0.286407497249311,True,
10845,0.3291350531107739,0.9635776855693868,395,0.10641163793103449,0.28642167033637644,True,
10913,0.33119878603945374,0.9633464675158069,400,0.10775862068965517,0.2869129463739396,True,
10925,0.3315629742033384,0.9633867276887872,400,0.10775862068965517,0.28706550713170376,True,
10975,0.3330804248861912,0.9634624145785877,401,0.10802801724137931,0.2871172220917139,True,
11030,0.33474962063732927,0.9631912964641886,406,0.109375,0.28713587239798793,True,
11042,0.33511380880121394,0.9630501720702771,408,0.10991379310344827,0.28745517272409726,True,
11092,0.33663125948406675,0.962946267580238,411,0.11072198275862069,0.28802544440389793,True,
11094,0.33669195751138087,0.9629529475392103,411,0.11072198275862069,0.288259320479073,True,
11095,0.33672230652503793,0.9629562866155926,411,0.11072198275862069,0.28850735783298587,True,
11115,0.3373292867981791,0.9630229419703104,411,0.11072198275862069,0.28901584143670883,True,
11149,0.338361153262519,0.9629563189523724,413,0.11126077586206896,0.28948059956398836,True,
11212,0.3402731411229135,0.9628968961826614,416,0.11206896551724138,0.2896493415462436,True,
11251,0.3414567526555387,0.962669984890232,420,0.11314655172413793,0.28974597393594315,True,
11305,0.3430955993930197,0.9625829279080053,423,0.11395474137931035,0.28980805293624995,True,
11363,0.344855842185129,0.9624218956261551,427,0.11503232758620689,0.2898373111452806,True,
11414,0.34640364188163886,0.9624145785876993,429,0.11557112068965517,0.29003616921247893,True,
11423,0.34667678300455235,0.9623566488663223,430,0.11584051724137931,0.2901039839219957,True,
11434,0.34701062215477996,0.962305404932657,431,0.11610991379310345,0.29015454607756547,True,
11522,0.3496813353566009,0.9623329283110571,434,0.11691810344827586,0.29041761553989354,True,
11592,0.35180576631259486,0.9620427881297446,440,0.11853448275862069,0.29047848734678194,True,
11605,0.3522003034901366,0.9620853080568721,440,0.11853448275862069,0.29062138152078193,True,
11668,0.3541122913505311,0.9616900925608501,447,0.12042025862068965,0.2914200450313172,True,
11738,0.35623672230652503,0.9618333617311297,448,0.1206896551724138,0.29154466690988473,True,
11751,0.35663125948406676,0.9618755850565909,448,0.1206896551724138,0.292016172488595,True,
11763,0.35699544764795144,0.9619144775992519,448,0.1206896551724138,0.2921951211157697,True,
11769,0.3571775417298938,0.961933894128643,448,0.1206896551724138,0.2923685196280621,True,
11802,0.35817905918057663,0.9617014065412642,452,0.12176724137931035,0.2926404391180862,True,
11975,0.36342943854324733,0.9610855949895616,466,0.1255387931034483,0.2926892862714797,True,
11980,0.36358118361153263,0.9611018363939899,466,0.1255387931034483,0.2928818366746015,True,
12029,0.3650682852807284,0.9610108903483249,469,0.1263469827586207,0.2931439837213076,True,
12041,0.36543247344461305,0.9609666971181795,470,0.12661637931034483,0.29366119403533764,True,
12047,0.3656145675265554,0.9609861376276251,470,0.12661637931034483,0.293714485682115,True,
12342,0.37456752655538694,0.9602981688543186,490,0.1320043103448276,0.2937478840682379,True,
12393,0.3761153262518968,0.9603001694504962,492,0.13254310344827586,0.2947385369589386,True,
12421,0.3769650986342944,0.9602286450366315,494,0.13308189655172414,0.29485804398507937,True,
12455,0.3779969650986343,0.9599357687675633,499,0.13442887931034483,0.29516869877630403,True,
12497,0.37927162367223066,0.9599103784908378,501,0.1349676724137931,0.29522181072097625,True,
12572,0.38154779969650987,0.9600699968183264,502,0.13523706896551724,0.2956862302139099,True,
12612,0.3827617602427921,0.9601173485569299,503,0.13550646551724138,0.29575662645892165,True,
12614,0.38282245827010625,0.9601236721103535,503,0.13550646551724138,0.2959567508589556,True,
12664,0.38433990895295905,0.9600442198357549,506,0.13631465517241378,0.2964199422797385,True,
12670,0.38452200303490136,0.9600631412786109,506,0.13631465517241378,0.2965881246915054,True,
12687,0.38503793626707133,0.9599590131630803,508,0.13685344827586207,0.2971074949641583,True,
12957,0.39323216995447646,0.9588639345527514,533,0.14358836206896552,0.2983063145081327,False,"leak_rate,leak_abs"
12966,0.39350531107739,0.9588924880456579,533,0.14358836206896552,0.2989089832733709,False,"leak_rate,leak_abs"
12969,0.39359635811836113,0.958901997069936,533,0.14358836206896552,0.2990223564066047,False,"leak_rate,leak_abs"
12988,0.39417298937784523,0.9588851247305205,534,0.14385775862068967,0.2990512604028032,False,"leak_rate,leak_abs"
12991,0.3942640364188164,0.9588946193518589,534,0.14385775862068967,0.2993223586701823,False,"leak_rate,leak_abs"
13044,0.39587253414264034,0.958984973934376,535,0.14412715517241378,0.2996108059938584,False,"leak_rate,leak_abs"
13052,0.3961153262518968,0.9590101133925835,535,0.14412715517241378,0.29968652277967056,False,"leak_rate,leak_abs"
13074,0.39678300455235205,0.9589261128958237,537,0.14466594827586207,0.2998228731196802,False,"leak_rate,leak_abs"
13126,0.398361153262519,0.9589364619838489,539,0.14520474137931033,0.3002971826743235,False,"leak_rate,leak_abs"
13136,0.3986646433990895,0.9589677222898904,539,0.14520474137931033,0.3004238840687954,False,"leak_rate,leak_abs"
13147,0.39899848254931713,0.959002053700464,539,0.14520474137931033,0.30056080146042263,False,"leak_rate,leak_abs"
13207,0.4008194233687405,0.9590368743847959,541,0.14574353448275862,0.30080241757754417,False,"leak_rate,leak_abs"
13236,0.40169954476479514,0.9590510728316712,542,0.14601293103448276,0.30093480419102087,False,"leak_rate,leak_abs"
13302,0.40370257966616085,0.9588783641557661,547,0.14735991379310345,0.3009932233162729,False,"leak_rate,leak_abs"
13334,0.4046737481031866,0.9588270586470676,549,0.1478987068965517,0.3010517386926951,False,"leak_rate,leak_abs"
13409,0.40694992412746583,0.9589827727645611,550,0.14816810344827586,0.3010817072841256,False,"leak_rate,leak_abs"
13414,0.40710166919575114,0.9589980617265543,550,0.14816810344827586,0.3012397472871244,False,"leak_rate,leak_abs"
13451,0.4082245827010622,0.9589621589472902,552,0.14870689655172414,0.30202981335476087,False,"leak_rate,leak_abs"
13489,0.40937784522003035,0.9588553636296241,555,0.14951508620689655,0.30209980927770086,False,"leak_rate,leak_abs"
13493,0.4094992412746586,0.9588675609575336,555,0.14951508620689655,0.30261438571425425,False,"leak_rate,leak_abs"
13496,0.40959028831562977,0.9588767042086545,555,0.14951508620689655,0.30261728855296677,False,"leak_rate,leak_abs"
13555,0.41138088012139606,0.9589081519734415,557,0.15005387931034483,0.30271780993892844,False,"leak_rate,leak_abs"
13584,0.4122610015174507,0.9587014134275619,561,0.15113146551724138,0.30280638256900955,False,"leak_rate,leak_abs"
13596,0.4126251896813354,0.9585907619888202,563,0.15167025862068967,0.30285137073006,False,"leak_rate,leak_abs"
13647,0.41417298937784525,0.9587455118341027,563,0.15167025862068967,0.3034426149936993,False,"leak_rate,leak_abs"
13773,0.4179969650986343,0.9579612284905249,579,0.15598060344827586,0.30373980994840644,False,"leak_rate,leak_abs"
13790,0.41851289833080424,0.9580130529369109,579,0.15598060344827586,0.30381478341725254,False,"leak_rate,leak_abs"
13845,0.42018209408194235,0.9580353918382087,581,0.15651939655172414,0.30400126053076315,False,"leak_rate,leak_abs"
14027,0.42570561456752654,0.9580808440864048,588,0.1584051724137931,0.30442600565011435,False,"leak_rate,leak_abs"
14029,0.42576631259484066,0.9580868201582436,588,0.1584051724137931,0.30444139188853153,False,"leak_rate,leak_abs"
14039,0.4260698027314112,0.9581166749768502,588,0.1584051724137931,0.3047048422221733,False,"leak_rate,leak_abs"
14199,0.43092564491654023,0.957884358053384,598,0.16109913793103448,0.3051714983309426,False,"leak_rate,leak_abs"
14216,0.43144157814871015,0.9577236916150816,601,0.1619073275862069,0.30552095673069346,False,"leak_rate,leak_abs"
14377,0.43632776934749623,0.9577102316199485,608,0.16379310344827586,0.3055234871062065,False,"leak_rate,leak_abs"
14380,0.43641881638846736,0.9577190542420028,608,0.16379310344827586,0.3056497531334843,False,"leak_rate,leak_abs"
14404,0.4371471927162367,0.9577200777561788,609,0.1640625,0.30580665537487495,False,"leak_rate,leak_abs"
14436,0.4381183611532625,0.9578137988362427,609,0.1640625,0.306225893243053,False,"leak_rate,leak_abs"
14506,0.44024279210925643,0.9578794981387012,611,0.1646012931034483,0.3062479311361866,False,"leak_rate,leak_abs"
14532,0.4410318664643399,0.9578860445912469,612,0.1648706896551724,0.30761135507110143,False,"leak_rate,leak_abs"
14789,0.44883156297420335,0.9574683886672527,629,0.16945043103448276,0.30772039345962326,False,"leak_rate,leak_abs"
14797,0.4490743550834598,0.9574913833885247,629,0.16945043103448276,0.30797323447702385,False,"leak_rate,leak_abs"
14832,0.45013657056145673,0.9573894282632147,632,0.17025862068965517,0.3080609206579311,False,"leak_rate,leak_abs"
14897,0.4521092564491654,0.9575082231321743,633,0.1705280172413793,0.3081890106299424,False,"leak_rate,leak_abs"
15168,0.46033383915022763,0.9572125527426161,649,0.17483836206896552,0.30866433060011494,False,"leak_rate,leak_abs"
15191,0.4610318664643399,0.9571456783621881,651,0.17537715517241378,0.30898540658632856,False,"leak_rate,leak_abs"
15193,0.46109256449165403,0.9571513196866979,651,0.17537715517241378,0.30976291042377063,False,"leak_rate,leak_abs"
15205,0.4614567526555387,0.957185136468267,651,0.17537715517241378,0.3103550822898863,False,"leak_rate,leak_abs"
15218,0.46185128983308044,0.9572217111315547,651,0.17537715517241378,0.3113052777809222,False,"leak_rate,leak_abs"
15251,0.46285280728376327,0.9572487050029507,652,0.17564655172413793,0.3116109697678175,False,"leak_rate,leak_abs"
15261,0.4631562974203338,0.9572111919271346,653,0.17591594827586207,0.31173143823238103,False,"leak_rate,leak_abs"
15266,0.4633080424886191,0.9571597012969999,654,0.17618534482758622,0.3120719154576414,False,"leak_rate,leak_abs"
15271,0.4634597875569044,0.9571737279811408,654,0.17618534482758622,0.3121964271926686,False,"leak_rate,leak_abs"
15283,0.4638239757207891,0.9570764902178892,656,0.17672413793103448,0.31231780327625197,False,"leak_rate,leak_abs"
15330,0.4652503793626707,0.9571428571428572,657,0.17699353448275862,0.31265814005471654,False,"leak_rate,leak_abs"
15338,0.46549317147192715,0.9571000130395098,658,0.17726293103448276,0.3130998022185126,False,"leak_rate,leak_abs"
15374,0.46658573596358116,0.9570703785612072,660,0.17780172413793102,0.3131979137557786,False,"leak_rate,leak_abs"
15383,0.4668588770864947,0.9570954950269779,660,0.17780172413793102,0.3134202745152397,False,"leak_rate,leak_abs"
15404,0.46749620637329287,0.957089067774604,661,0.17807112068965517,0.3138020773034988,False,"leak_rate,leak_abs"
15425,0.468133535660091,0.9571474878444084,661,0.17807112068965517,0.31396058409486405,False,"leak_rate,leak_abs"
15488,0.47004552352048556,0.9570635330578512,665,0.1791487068965517,0.31409444909214784,False,"leak_rate,leak_abs"
15509,0.4706828528072838,0.9570571925978464,666,0.17941810344827586,0.31418169780349403,False,"leak_rate,leak_abs"
15514,0.470834597875569,0.9570065747067165,667,0.1796875,0.3145400619642882,False,"leak_rate,leak_abs"
15516,0.47089529590288315,0.9570121165248775,667,0.1796875,0.31474373215776047,False,"leak_rate,leak_abs"
15581,0.4728679817905918,0.9569989089275399,670,0.1804956896551724,0.31519374208944917,False,"leak_rate,leak_abs"
15593,0.4732321699544765,0.9569678701981659,671,0.18076508620689655,0.31557140305291415,False,"leak_rate,leak_abs"
15601,0.4734749620637329,0.9569899365425293,671,0.18076508620689655,0.3157764673555222,False,"leak_rate,leak_abs"
15603,0.47353566009104703,0.956995449593027,671,0.18076508620689655,0.3159791079698526,False,"leak_rate,leak_abs"
15720,0.4770864946889226,0.9564249363867684,685,0.18453663793103448,0.316702625502628,False,"leak_rate,leak_abs"
15747,0.47790591805766314,0.9563726424080777,687,0.18507543103448276,0.3170265627809686,False,"leak_rate,leak_abs"
15749,0.47796661608497726,0.9563781827417613,687,0.18507543103448276,0.31721692038673566,False,"leak_rate,leak_abs"
15806,0.47969650986342943,0.9563456915095533,690,0.18588362068965517,0.31787416307249683,False,"leak_rate,leak_abs"
15822,0.48018209408194235,0.956263430666161,692,0.18642241379310345,0.3180683611332892,False,"leak_rate,leak_abs"
15847,0.48094081942336875,0.9562693254243706,693,0.1866918103448276,0.3184078988405024,False,"leak_rate,leak_abs"
16066,0.487587253414264,0.9561185111415411,705,0.18992456896551724,0.3185674230314274,False,"leak_rate,leak_abs"
16082,0.4880728376327769,0.9560999875637358,706,0.19019396551724138,0.31868404311401655,False,"leak_rate,leak_abs"
16111,0.48895295902883157,0.9559927999503445,709,0.19100215517241378,0.3187313594832067,False,"leak_rate,leak_abs"
16137,0.48974203338391503,0.9560017351428395,710,0.19127155172413793,0.31881817674313545,False,"leak_rate,leak_abs"
16138,0.4897723823975721,0.9560044615193952,710,0.19127155172413793,0.31886331486718705,False,"leak_rate,leak_abs"
16409,0.4979969650986343,0.9559388140654519,723,0.1947737068965517,0.3191894727554326,False,"leak_rate,leak_abs"
16429,0.49860394537177544,0.9559315843934506,724,0.19504310344827586,0.3192356278668006,False,"leak_rate,leak_abs"
16436,0.4988163884673748,0.9559503528839134,724,0.19504310344827586,0.3193579133287732,False,"leak_rate,leak_abs"
16440,0.49893778452200305,0.9559610705596107,724,0.19504310344827586,0.3194202123373767,False,"leak_rate,leak_abs"
16470,0.4998482549317147,0.9560412871888282,724,0.19504310344827586,0.31948655027498785,False,"leak_rate,leak_abs"
16479,0.5001213960546282,0.9560652952242248,724,0.19504310344827586,0.3195739427196854,False,"leak_rate,leak_abs"
16717,0.5073444613050075,0.9561524196925285,733,0.1974676724137931,0.31983323097983046,False,"leak_rate,leak_abs"
16791,0.5095902883156297,0.9560478827943542,738,0.19881465517241378,0.32009404026752514,False,"leak_rate,leak_abs"
16797,0.509772382397572,0.9560635827826398,738,0.19881465517241378,0.32048567975678344,False,"leak_rate,leak_abs"
16810,0.5101669195751138,0.9560975609756097,738,0.19881465517241378,0.32071194747645215,False,"leak_rate,leak_abs"
16817,0.5103793626707132,0.9561158351667955,738,0.19881465517241378,0.3208457832884865,False,"leak_rate,leak_abs"
16821,0.5105007587253414,0.9560668212353606,739,0.19908405172413793,0.32096934063733407,False,"leak_rate,leak_abs"
16829,0.5107435508345979,0.9560877057460336,739,0.19908405172413793,0.3210911537748533,False,"leak_rate,leak_abs"
16836,0.5109559939301973,0.9560465668804942,740,0.19935344827586207,0.3214031767508377,False,"leak_rate,leak_abs"
16840,0.5110773899848255,0.9560570071258907,740,0.19935344827586207,0.3214379422234045,False,"leak_rate,leak_abs"
16842,0.5111380880121396,0.9560028500178126,741,0.19962284482758622,0.3220791155884081,False,"leak_rate,leak_abs"
16862,0.5117450682852808,0.9559364250978531,743,0.20016163793103448,0.3228080117007963,False,"leak_rate,leak_abs"
16866,0.5118664643399089,0.955946875370568,743,0.20016163793103448,0.32283944186148406,False,"leak_rate,leak_abs"
16947,0.5143247344461305,0.9561574319938633,743,0.20016163793103448,0.32293487920410285,False,"leak_rate,leak_abs"
16950,0.5144157814871017,0.9561061946902655,744,0.20043103448275862,0.3235192943710291,False,"leak_rate,leak_abs"
16977,0.5152352048558422,0.9560581963833422,746,0.2009698275862069,0.32394559929756583,False,"leak_rate,leak_abs"
16979,0.5152959028831563,0.9560633724012015,746,0.2009698275862069,0.3242937692340495,False,"leak_rate,leak_abs"
16983,0.5154172989377845,0.9560737207796032,746,0.2009698275862069,0.32436833084745564,False,"leak_rate,leak_abs"
16989,0.5155993930197269,0.9560303725940315,747,0.20123922413793102,0.32457249020046025,False,"leak_rate,leak_abs"
17013,0.5163277693474962,0.9560923999294657,747,0.20123922413793102,0.32484367807981723,False,"leak_rate,leak_abs"
17019,0.5165098634294385,0.9561078794288737,747,0.20123922413793102,0.32486611554611977,False,"leak_rate,leak_abs"
17029,0.5168133535660091,0.9561336543543367,747,0.20123922413793102,0.32510789707677595,False,"leak_rate,leak_abs"
17058,0.5176934749620637,0.9560909837026615,749,0.2017780172413793,0.32540570175223804,False,"leak_rate,leak_abs"
17079,0.5183308042488619,0.9560864219216582,750,0.20204741379310345,0.3260635764974663,False,"leak_rate,leak_abs"
17085,0.5185128983308043,0.9561018437225637,750,0.20204741379310345,0.3268329167574858,False,"leak_rate,leak_abs"
17360,0.5268588770864947,0.9559331797235023,765,0.20608836206896552,0.32686087018683396,False,"leak_rate,leak_abs"
17388,0.5277086494688923,0.9559466298596734,766,0.20635775862068967,0.3269093212197871,False,"leak_rate,leak_abs"
17394,0.5278907435508347,0.9559043348281017,767,0.20662715517241378,0.32703019097582553,False,"leak_rate,leak_abs"
17398,0.5280121396054628,0.9559144729279228,767,0.20662715517241378,0.3271173517607489,False,"leak_rate,leak_abs"
17431,0.5290136570561457,0.9559979347140153,767,0.20662715517241378,0.3271577305498767,False,"leak_rate,leak_abs"
17432,0.5290440060698027,0.9560004589261129,767,0.20662715517241378,0.3272398249022776,False,"leak_rate,leak_abs"
17710,0.5374810318664643,0.9560135516657255,779,0.20985991379310345,0.3272404439098183,False,"leak_rate,leak_abs"
17715,0.5376327769347496,0.9560259666948914,779,0.20985991379310345,0.3273533268670381,False,"leak_rate,leak_abs"
17726,0.5379666160849772,0.9560532551054948,779,0.20985991379310345,0.3275996925170486,False,"leak_rate,leak_abs"
17749,0.5386646433990895,0.9560538621894191,780,0.2101293103448276,0.3276463932951794,False,"leak_rate,leak_abs"
17801,0.5402427921092564,0.9561822369529802,780,0.2101293103448276,0.328230273195541,False,"leak_rate,leak_abs"
17807,0.5404248861911988,0.9561970011793115,780,0.2101293103448276,0.32827574989751984,False,"leak_rate,leak_abs"
17813,0.5406069802731411,0.9562117554594959,780,0.2101293103448276,0.3285850298553405,False,"leak_rate,leak_abs"
17843,0.5415174506828528,0.9561732892450822,782,0.21066810344827586,0.32892448975175975,False,"leak_rate,leak_abs"
17888,0.5428831562974203,0.956283542039356,782,0.21066810344827586,0.3300091627019051,False,"leak_rate,leak_abs"
17889,0.5429135053110774,0.9562300855274191,783,0.2109375,0.330249444592303,False,"leak_rate,leak_abs"
17895,0.5430955993930198,0.9561888795753004,784,0.21120689655172414,0.3304974449368195,False,"leak_rate,leak_abs"
17896,0.5431259484066768,0.9561913276709879,784,0.21120689655172414,0.3306884119895379,False,"leak_rate,leak_abs"
17900,0.543247344461305,0.9561452513966481,785,0.2114762931034483,0.3307937855023372,False,"leak_rate,leak_abs"
17902,0.5433080424886191,0.9561501508211373,785,0.2114762931034483,0.33087009957171476,False,"leak_rate,leak_abs"
17915,0.5437025796661609,0.9561261512698855,786,0.2117456896551724,0.3310566474592571,False,"leak_rate,leak_abs"
17923,0.5439453717754174,0.9561457345310495,786,0.2117456896551724,0.33125826854374363,False,"leak_rate,leak_abs"
17959,0.5450379362670713,0.9561779609109639,787,0.21201508620689655,0.33152583101205946,False,"leak_rate,leak_abs"
17996,0.5461608497723824,0.9561569237608357,789,0.21255387931034483,0.33171386953339904,False,"leak_rate,leak_abs"
18001,0.5463125948406676,0.9561691017165713,789,0.21255387931034483,0.3319585014344081,False,"leak_rate,leak_abs"
18012,0.5466464339908953,0.9561958694203864,789,0.21255387931034483,0.3322402127416359,False,"leak_rate,leak_abs"
18042,0.547556904400607,0.9561024276687728,792,0.21336206896551724,0.3322613114065711,False,"leak_rate,leak_abs"
18070,0.5484066767830046,0.9561704482567792,792,0.21336206896551724,0.33259863316200045,False,"leak_rate,leak_abs"
18098,0.5492564491654022,0.9561830036468119,793,0.21363146551724138,0.33312332658704025,False,"leak_rate,leak_abs"
18106,0.5494992412746585,0.9561471335468905,794,0.21390086206896552,0.33362170347860903,False,"leak_rate,leak_abs"
18221,0.5529893778452201,0.9560946161022995,800,0.21551724137931033,0.3338619245211683,False,"leak_rate,leak_abs"
18228,0.5532018209408194,0.956111476848804,800,0.21551724137931033,0.33449871831129296,False,"leak_rate,leak_abs"
18237,0.5534749620637329,0.9560783023523606,801,0.21578663793103448,0.3345595697952032,False,"leak_rate,leak_abs"
18242,0.5536267071320182,0.9560903409713847,801,0.21578663793103448,0.33470158922725396,False,"leak_rate,leak_abs"
18250,0.5538694992412747,0.956054794520548,802,0.21605603448275862,0.33515789902406906,False,"leak_rate,leak_abs"
18280,0.5547799696509863,0.9560722100656455,803,0.21632543103448276,0.3352993332223001,False,"leak_rate,leak_abs"
18282,0.5548406676783004,0.9560770156438027,803,0.21632543103448276,0.33546403957930954,False,"leak_rate,leak_abs"
18284,0.5549013657056145,0.956081820170641,803,0.21632543103448276,0.33551641415086975,False,"leak_rate,leak_abs"
18287,0.5549924127465857,0.9560890249904304,803,0.21632543103448276,0.33751930407687186,False,"leak_rate,leak_abs"
18297,0.5552959028831563,0.9561130239930044,803,0.21632543103448276,0.33757128128919495,False,"leak_rate,leak_abs"
18306,0.5555690440060698,0.9561346006773735,803,0.21632543103448276,0.33784075466119995,False,"leak_rate,leak_abs"
18308,0.5556297420333839,0.9561393926152502,803,0.21632543103448276,0.33793320531164356,False,"leak_rate,leak_abs"
18394,0.5582397572078908,0.955909535718169,811,0.21848060344827586,0.3381370424660617,False,"leak_rate,leak_abs"
18397,0.558330804248862,0.9559167255530793,811,0.21848060344827586,0.33827286537779794,False,"leak_rate,leak_abs"
18407,0.5586342943854324,0.9559406747433041,811,0.21848060344827586,0.33838488339726824,False,"leak_rate,leak_abs"
18408,0.5586646433990895,0.9559430682312038,811,0.21848060344827586,0.3395832154612354,False,"leak_rate,leak_abs"
18411,0.5587556904400607,0.955950247134865,811,0.21848060344827586,0.33965899042515174,False,"leak_rate,leak_abs"
18416,0.558907435508346,0.955907906168549,812,0.21875,0.3403996056556757,False,"leak_rate,leak_abs"
18419,0.5589984825493172,0.9558607959172594,813,0.21901939655172414,0.3405961283143721,False,"npv,leak_rate,leak_abs"
18433,0.5594233687405159,0.9558943199696197,813,0.21901939655172414,0.3406376873797049,False,"npv,leak_rate,leak_abs"
18469,0.56051593323217,0.9559802912989334,813,0.21901939655172414,0.34081105419209023,False,"leak_rate,leak_abs"
18470,0.560546282245827,0.9559826746074715,813,0.21901939655172414,0.34083307143965064,False,"leak_rate,leak_abs"
18486,0.5610318664643399,0.9559666774856648,814,0.2192887931034483,0.340861955254311,False,"leak_rate,leak_abs"
18497,0.5613657056145676,0.9559388008866303,815,0.2195581896551724,0.3409767087220968,False,"leak_rate,leak_abs"
18506,0.561638846737481,0.9559602291148817,815,0.2195581896551724,0.3411629078208952,False,"leak_rate,leak_abs"
18753,0.569135053110774,0.9561136884765105,823,0.22171336206896552,0.3412737375299044,False,"leak_rate,leak_abs"
18755,0.569195751138088,0.956118368435084,823,0.22171336206896552,0.34186798288499143,False,"leak_rate,leak_abs"
18761,0.5693778452200303,0.9561324023239699,823,0.22171336206896552,0.34221315581368456,False,"leak_rate,leak_abs"
18765,0.5694992412746586,0.9561417532640554,823,0.22171336206896552,0.342273126503664,False,"leak_rate,leak_abs"
18784,0.5700758725341426,0.9559199318568995,828,0.22306034482758622,0.342280106169622,False,"leak_rate,leak_abs"
18853,0.5721699544764796,0.9557630085397549,834,0.22467672413793102,0.3425325130182256,False,"npv,leak_rate,leak_abs"
18870,0.5726858877086495,0.9557498675145734,835,0.22494612068965517,0.34301736665505445,False,"npv,leak_rate,leak_abs"
18885,0.5731411229135053,0.9556791104050834,837,0.22548491379310345,0.3430268727232345,False,"npv,leak_rate,leak_abs"
18887,0.5732018209408194,0.9556838036744851,837,0.22548491379310345,0.34305774426793656,False,"npv,leak_rate,leak_abs"
18888,0.5732321699544765,0.9556861499364676,837,0.22548491379310345,0.3433727387030786,False,"npv,leak_rate,leak_abs"
18894,0.5734142640364188,0.9556472954377051,838,0.2257543103448276,0.34342219401649793,False,"npv,leak_rate,leak_abs"
18900,0.5735963581183612,0.9556613756613757,838,0.2257543103448276,0.3435936358941859,False,"npv,leak_rate,leak_abs"
18919,0.5741729893778452,0.9556001902848987,840,0.22629310344827586,0.34440021726119024,False,"npv,leak_rate,leak_abs"
18926,0.5743854324734446,0.9556166120680545,840,0.22629310344827586,0.34450277716244143,False,"npv,leak_rate,leak_abs"
18927,0.5744157814871017,0.9556189570454906,840,0.22629310344827586,0.3445176280982938,False,"npv,leak_rate,leak_abs"
18932,0.5745675265553869,0.9556306782167758,840,0.22629310344827586,0.34473199668144666,False,"npv,leak_rate,leak_abs"
18936,0.5746889226100151,0.9556400506970849,840,0.22629310344827586,0.34561703303096825,False,"npv,leak_rate,leak_abs"
19030,0.5775417298937785,0.9551760378349974,853,0.22979525862068967,0.3464061386777653,False,"npv,leak_rate,leak_abs"
19032,0.5776024279210925,0.955180748213535,853,0.22979525862068967,0.34647677492205897,False,"npv,leak_rate,leak_abs"
19041,0.577875569044006,0.9552019326716034,853,0.22979525862068967,0.3467695347217172,False,"npv,leak_rate,leak_abs"
19166,0.5816691957511381,0.9552854012313472,857,0.23087284482758622,0.3473937030102269,False,"npv,leak_rate,leak_abs"
19169,0.5817602427921093,0.955292399186186,857,0.23087284482758622,0.34748220490098,False,"npv,leak_rate,leak_abs"
19172,0.5818512898330804,0.9552472355518464,858,0.23114224137931033,0.34782431611982456,False,"npv,leak_rate,leak_abs"
19183,0.5821851289833081,0.9552207683886774,859,0.23141163793103448,0.34827805764658454,False,"npv,leak_rate,leak_abs"
19195,0.5825493171471927,0.955196665798385,860,0.23168103448275862,0.3483151026435836,False,"npv,leak_rate,leak_abs"
19197,0.5826100151745068,0.9552013335416992,860,0.23168103448275862,0.34873464162047274,False,"npv,leak_rate,leak_abs"
19206,0.5828831562974204,0.955222326356347,860,0.23168103448275862,0.34906208033497865,False,"npv,leak_rate,leak_abs"
19237,0.583823975720789,0.9552944845869938,860,0.23168103448275862,0.3491475986756908,False,"npv,leak_rate,leak_abs"
19241,0.5839453717754173,0.9552518060391871,861,0.23195043103448276,0.3496941525959519,False,"npv,leak_rate,leak_abs"
19262,0.5845827010622154,0.9552486761499325,862,0.2322198275862069,0.35014795412931476,False,"npv,leak_rate,leak_abs"
19273,0.5849165402124431,0.9552742178176724,862,0.2322198275862069,0.35044315756672767,False,"npv,leak_rate,leak_abs"
19285,0.5852807283763277,0.9551983406792844,864,0.23275862068965517,0.35047033794780386,False,"npv,leak_rate,leak_abs"
19300,0.5857359635811836,0.9550259067357513,868,0.2338362068965517,0.35051865480243377,False,"npv,leak_rate,leak_abs"
19308,0.5859787556904401,0.9550445411228506,868,0.2338362068965517,0.35098484248796613,False,"npv,leak_rate,leak_abs"
19311,0.5860698027314112,0.9549997410802133,869,0.23410560344827586,0.35150336789713044,False,"npv,leak_rate,leak_abs"
19321,0.5863732928679818,0.9549195176233114,871,0.23464439655172414,0.3521150110803754,False,"npv,leak_rate,leak_abs"
19396,0.588649468892261,0.9548360486698289,876,0.23599137931034483,0.35269538371648795,False,"npv,leak_rate,leak_abs"
19532,0.5927769347496207,0.9549457300839648,880,0.23706896551724138,0.35272170652177304,False,"npv,leak_rate,leak_abs"
19535,0.5928679817905919,0.9549014589198874,881,0.23733836206896552,0.3527484843211929,False,"npv,leak_rate,leak_abs"
19542,0.5930804248861912,0.9548664415105925,882,0.23760775862068967,0.3527934149637828,False,"npv,leak_rate,leak_abs"
19545,0.5931714719271624,0.9548733691481197,882,0.23760775862068967,0.35287384006993344,False,"npv,leak_rate,leak_abs"
19552,0.5933839150227618,0.9548895253682488,882,0.23760775862068967,0.3530900729212195,False,"npv,leak_rate,leak_abs"
19554,0.5934446130500759,0.9548941393065358,882,0.23760775862068967,0.3535978997672467,False,"npv,leak_rate,leak_abs"
19557,0.5935356600910471,0.9548499258577492,883,0.23787715517241378,0.35488198783686864,False,"npv,leak_rate,leak_abs"
19574,0.594051593323217,0.9547869622969245,885,0.23841594827586207,0.35523998703353993,False,"npv,leak_rate,leak_abs"
19597,0.5947496206373293,0.9548400265346737,885,0.23841594827586207,0.3553831115070192,False,"npv,leak_rate,leak_abs"
19598,0.5947799696509863,0.9548423308500867,885,0.23841594827586207,0.35597792493474584,False,"npv,leak_rate,leak_abs"
19606,0.5950227617602428,0.9548097521166989,886,0.23868534482758622,0.35620242001864244,False,"npv,leak_rate,leak_abs"
19662,0.5967223065250379,0.9547858813955854,889,0.23949353448275862,0.3564698350989649,False,"npv,leak_rate,leak_abs"
19681,0.597298937784522,0.9547787205934658,890,0.23976293103448276,0.35659316809069247,False,"npv,leak_rate,leak_abs"
19714,0.5983004552352048,0.9546515166886477,894,0.2408405172413793,0.3570811618153995,False,"npv,leak_rate,leak_abs"
19767,0.5999089529590288,0.9543683917640512,902,0.2429956896551724,0.35802155705315003,False,"npv,leak_rate,leak_abs"
19871,0.6030652503793626,0.9541542952040662,911,0.24542025862068967,0.3587493412969992,False,"npv,leak_rate,leak_abs"
19899,0.6039150227617602,0.9540680436202824,914,0.24622844827586207,0.35900864318489095,False,"npv,leak_rate,leak_abs"
19923,0.6046433990895296,0.9540731817497364,915,0.24649784482758622,0.3594687380597839,False,"npv,leak_rate,leak_abs"
19938,0.6050986342943855,0.9541077339753236,915,0.24649784482758622,0.35996795041042123,False,"npv,leak_rate,leak_abs"
19952,0.6055235204855842,0.9540898155573376,916,0.24676724137931033,0.3604399879244401,False,"npv,leak_rate,leak_abs"
19967,0.60597875569044,0.9540742224670706,917,0.24703663793103448,0.3606080252064467,False,"npv,leak_rate,leak_abs"
19988,0.6066160849772383,0.9540724434660797,918,0.24730603448275862,0.3606700059465018,False,"npv,leak_rate,leak_abs"
20023,0.6076783004552352,0.954152724366978,918,0.24730603448275862,0.36070334221591205,False,"npv,leak_rate,leak_abs"
20027,0.6077996965098634,0.954161881460029,918,0.24730603448275862,0.36078689125649405,False,"npv,leak_rate,leak_abs"
20040,0.6081942336874051,0.954191616766467,918,0.24730603448275862,0.3610207400183466,False,"npv,leak_rate,leak_abs"
20050,0.6084977238239757,0.954214463840399,918,0.24730603448275862,0.3614323780471893,False,"npv,leak_rate,leak_abs"
20051,0.6085280728376328,0.9542167472943993,918,0.24730603448275862,0.3614829112626368,False,"npv,leak_rate,leak_abs"
20163,0.6119271623672231,0.9538263155284432,931,0.25080818965517243,0.36166709394666313,False,"npv,leak_rate,leak_abs"
20299,0.6160546282245827,0.9534459825607173,945,0.25457974137931033,0.36257216185847546,False,"npv,leak_rate,leak_abs"
20304,0.616206373292868,0.9534574468085106,945,0.25457974137931033,0.36317169483015,False,"npv,leak_rate,leak_abs"
20308,0.6163277693474962,0.95346661414221,945,0.25457974137931033,0.36338977662685473,False,"npv,leak_rate,leak_abs"
20321,0.6167223065250379,0.9534963830520151,945,0.25457974137931033,0.3634731077818927,False,"npv,leak_rate,leak_abs"
20323,0.616783004552352,0.9535009595040103,945,0.25457974137931033,0.36360798534621347,False,"npv,leak_rate,leak_abs"
20454,0.6207587253414264,0.9534565366187543,952,0.25646551724137934,0.3636701301563325,False,"npv,leak_rate,leak_abs"
20479,0.6215174506828528,0.953464524634992,953,0.2567349137931034,0.3640657904416134,False,"npv,leak_rate,leak_abs"
20487,0.6217602427921093,0.9534338849026212,954,0.25700431034482757,0.36442370032555693,False,"npv,leak_rate,leak_abs"
20488,0.6217905918057663,0.9534361577508785,954,0.25700431034482757,0.36469149188584243,False,"npv,leak_rate,leak_abs"
20491,0.6218816388467375,0.9533941730515836,955,0.2572737068965517,0.3648551823581894,False,"npv,leak_rate,leak_abs"
20536,0.623247344461305,0.9533502142578886,958,0.25808189655172414,0.36491488188874915,False,"npv,leak_rate,leak_abs"
20538,0.6233080424886192,0.9533547570357386,958,0.25808189655172414,0.3649767237135759,False,"npv,leak_rate,leak_abs"
20548,0.6236115326251896,0.953377457660113,958,0.25808189655172414,0.3649956676942273,False,"npv,leak_rate,leak_abs"
20583,0.6246737481031867,0.9532624010105427,962,0.25915948275862066,0.3650785467034465,False,"npv,leak_rate,leak_abs"
20601,0.6252200303490136,0.9533032377069074,962,0.25915948275862066,0.3652668403512178,False,"npv,leak_rate,leak_abs"
20603,0.6252807283763278,0.953307770713003,962,0.25915948275862066,0.3653951299197036,False,"npv,leak_rate,leak_abs"
20616,0.6256752655538695,0.9532887077997672,963,0.2594288793103448,0.3654918598716624,False,"npv,leak_rate,leak_abs"
20639,0.6263732928679818,0.9532923106739668,964,0.25969827586206895,0.3661234085194471,False,"npv,leak_rate,leak_abs"
20714,0.628649468892261,0.95331659747031,967,0.2605064655172414,0.3662429327073242,False,"npv,leak_rate,leak_abs"
20757,0.6299544764795144,0.9531242472418943,973,0.2621228448275862,0.3665698088894965,False,"npv,leak_rate,leak_abs"
20769,0.6303186646433991,0.9531031826279551,974,0.26239224137931033,0.3667886274920782,False,"npv,leak_rate,leak_abs"
20818,0.6318057663125949,0.9529733884138726,979,0.26373922413793105,0.367655321200578,False,"npv,leak_rate,leak_abs"
20867,0.6332928679817906,0.9530838165524512,979,0.26373922413793105,0.3676981934630397,False,"npv,leak_rate,leak_abs"
20869,0.6333535660091048,0.953088312808472,979,0.26373922413793105,0.3677459708180474,False,"npv,leak_rate,leak_abs"
20909,0.634567526555387,0.9530824047061074,981,0.26427801724137934,0.36804135661273285,False,"npv,leak_rate,leak_abs"
21016,0.637814871016692,0.9529881994670727,988,0.2661637931034483,0.3680540250523049,False,"npv,leak_rate,leak_abs"
21033,0.6383308042488619,0.9529786525935435,989,0.26643318965517243,0.36813419483038284,False,"npv,leak_rate,leak_abs"
21084,0.6398786039453718,0.9529501043445266,992,0.2672413793103448,0.36820571555473575,False,"npv,leak_rate,leak_abs"
21100,0.6403641881638846,0.9527962085308057,996,0.2683189655172414,0.3682520946006655,False,"npv,leak_rate,leak_abs"
21104,0.6404855842185129,0.9528051554207733,996,0.2683189655172414,0.36842674770899225,False,"npv,leak_rate,leak_abs"
21107,0.640576631259484,0.9528118633628654,996,0.2683189655172414,0.3689840016944202,False,"npv,leak_rate,leak_abs"
21144,0.6416995447647952,0.9528471433976542,997,0.2685883620689655,0.36909998743415123,False,"npv,leak_rate,leak_abs"
21152,0.6419423368740516,0.9528177004538578,998,0.26885775862068967,0.36912302434090705,False,"npv,leak_rate,leak_abs"
21154,0.6420030349013657,0.9528221612933724,998,0.26885775862068967,0.36914824261330503,False,"npv,leak_rate,leak_abs"
21157,0.6420940819423369,0.9528288509713098,998,0.26885775862068967,0.36991366145652466,False,"npv,leak_rate,leak_abs"
21191,0.6431259484066768,0.9528101552545892,1000,0.26939655172413796,0.37027901534950713,False,"npv,leak_rate,leak_abs"
21214,0.6438239757207891,0.9527199019515414,1003,0.27020474137931033,0.37037321359758435,False,"npv,leak_rate,leak_abs"
21222,0.6440667678300456,0.9527377250023561,1003,0.27020474137931033,0.3708859821193399,False,"npv,leak_rate,leak_abs"
21291,0.6461608497723824,0.9528908928655301,1003,0.27020474137931033,0.37097506817284076,False,"npv,leak_rate,leak_abs"
21364,0.6483763277693475,0.9529582475191911,1005,0.2707435344827586,0.371025076546208,False,"npv,leak_rate,leak_abs"
21373,0.648649468892261,0.9529780564263323,1005,0.2707435344827586,0.3710680324092704,False,"npv,leak_rate,leak_abs"
21501,0.6525341426403641,0.9527928933537975,1015,0.2734375,0.37158007708311935,False,"npv,leak_rate,leak_abs"
21506,0.6526858877086494,0.9528038686878081,1015,0.2734375,0.3715983199948702,False,"npv,leak_rate,leak_abs"
21536,0.6535963581183611,0.9527767459138187,1017,0.2739762931034483,0.3718324526345033,False,"npv,leak_rate,leak_abs"
21574,0.6547496206373293,0.952767219801613,1019,0.2745150862068966,0.37211055738918963,False,"npv,leak_rate,leak_abs"
21706,0.6587556904400607,0.9525937528793882,1029,0.27720905172413796,0.3724485298186695,False,"npv,leak_rate,leak_abs"
21721,0.6592109256449166,0.9525344137010266,1031,0.2777478448275862,0.3726997496366665,False,"npv,leak_rate,leak_abs"
21838,0.6627617602427921,0.9523765912629362,1040,0.2801724137931034,0.3728728345823396,False,"npv,leak_rate,leak_abs"
21884,0.6641578148710167,0.9522939133613599,1044,0.28125,0.37315669244796296,False,"npv,leak_rate,leak_abs"
22008,0.6679210925644916,0.9520174482006543,1056,0.28448275862068967,0.373371993554004,False,"npv,leak_rate,leak_abs"
22051,0.6692261001517451,0.9519749671216725,1059,0.28529094827586204,0.3735262853029821,False,"npv,leak_rate,leak_abs"
22076,0.6699848254931715,0.9519840550824424,1060,0.2855603448275862,0.3735433527300353,False,"npv,leak_rate,leak_abs"
22081,0.6701365705614567,0.9519949277659526,1060,0.2855603448275862,0.3735591205356606,False,"npv,leak_rate,leak_abs"
22089,0.6703793626707132,0.9520123138213591,1060,0.2855603448275862,0.37391856524577977,False,"npv,leak_rate,leak_abs"
22096,0.6705918057663126,0.9519822592324403,1061,0.28582974137931033,0.3743813498912661,False,"npv,leak_rate,leak_abs"
22112,0.6710773899848255,0.9519717800289436,1062,0.2860991379310345,0.3745851858182147,False,"npv,leak_rate,leak_abs"
22136,0.6718057663125948,0.9520238525478858,1062,0.2860991379310345,0.3752438641740676,False,"npv,leak_rate,leak_abs"
22137,0.6718361153262519,0.9520260197858789,1062,0.2860991379310345,0.3775299607519248,False,"npv,leak_rate,leak_abs"
22249,0.6752352048558422,0.9521326801204548,1065,0.2869073275862069,0.37753369701407574,False,"npv,leak_rate,leak_abs"
22265,0.6757207890743551,0.9521221648326971,1066,0.28717672413793105,0.37837184727978884,False,"npv,leak_rate,leak_abs"
22375,0.6790591805766313,0.9521340782122905,1071,0.2885237068965517,0.37904125154946333,False,"npv,leak_rate,leak_abs"
22379,0.6791805766312595,0.9521426337191117,1071,0.2885237068965517,0.3791428441979812,False,"npv,leak_rate,leak_abs"
22503,0.6829438543247345,0.9520063991467804,1080,0.29094827586206895,0.37922241083168623,False,"npv,leak_rate,leak_abs"
22523,0.6835508345978756,0.951960218443369,1082,0.29148706896551724,0.37973714256124863,False,"npv,leak_rate,leak_abs"
22530,0.683763277693475,0.9519751442521083,1082,0.29148706896551724,0.3806635030670546,False,"npv,leak_rate,leak_abs"
22540,0.6840667678300455,0.9519964507542147,1082,0.29148706896551724,0.38158399624328443,False,"npv,leak_rate,leak_abs"
22541,0.6840971168437026,0.9519985803646688,1082,0.29148706896551724,0.3821387061915469,False,"npv,leak_rate,leak_abs"
22546,0.6842488619119879,0.9519205180519826,1084,0.2920258620689655,0.3828454937703757,False,"npv,leak_rate,leak_abs"
22550,0.6843702579666161,0.9519290465631929,1084,0.2920258620689655,0.38506231160264776,False,"npv,leak_rate,leak_abs"
22561,0.6847040971168437,0.9519524843756926,1084,0.2920258620689655,0.3851742994075774,False,"npv,leak_rate,leak_abs"
22701,0.6889529590288316,0.951940443152284,1091,0.2939116379310345,0.38637609486868857,False,"npv,leak_rate,leak_abs"
22708,0.689165402124431,0.9519552580588339,1091,0.2939116379310345,0.38640644099914784,False,"npv,leak_rate,leak_abs"
22709,0.6891957511380881,0.9519573737284777,1091,0.2939116379310345,0.38672665572883186,False,"npv,leak_rate,leak_abs"
22723,0.6896206373292868,0.9519869735510276,1091,0.2939116379310345,0.38741602912625106,False,"npv,leak_rate,leak_abs"
22724,0.6896509863429439,0.9519890864284457,1091,0.2939116379310345,0.39120308102042506,False,"npv,leak_rate,leak_abs"
22725,0.6896813353566009,0.951991199119912,1091,0.2939116379310345,0.3922176456992104,False,"npv,leak_rate,leak_abs"
22749,0.6904097116843703,0.9518220581124445,1096,0.2952586206896552,0.39234992976411787,False,"npv,leak_rate,leak_abs"
22766,0.6909256449165402,0.9518141087586752,1097,0.29552801724137934,0.3935010809360365,False,"npv,leak_rate,leak_abs"
22769,0.6910166919575114,0.9518204576397734,1097,0.29552801724137934,0.3936102555653684,False,"npv,leak_rate,leak_abs"
22832,0.692928679817906,0.9516468114926419,1104,0.2974137931034483,0.3941623250108717,False,"npv,leak_rate,leak_abs"
22845,0.6933232169954476,0.9516305537316699,1105,0.29768318965517243,0.39568530618471337,False,"npv,leak_rate,leak_abs"
22862,0.6938391502276176,0.9516665208643164,1105,0.29768318965517243,0.3959304809533944,False,"npv,leak_rate,leak_abs"
22871,0.6941122913505311,0.9516855406409864,1105,0.29768318965517243,0.39596110289549213,False,"npv,leak_rate,leak_abs"
22872,0.6941426403641882,0.9516876530255334,1105,0.29768318965517243,0.39643654719693316,False,"npv,leak_rate,leak_abs"
22903,0.6950834597875569,0.9515347334410339,1110,0.2990301724137931,0.3969762537508776,False,"npv,leak_rate,leak_abs"
22911,0.6953262518968134,0.951551656409585,1110,0.2990301724137931,0.39799468295864,False,"npv,leak_rate,leak_abs"
22912,0.6953566009104704,0.9515537709497207,1110,0.2990301724137931,0.39805135499081773,False,"npv,leak_rate,leak_abs"
22914,0.6954172989377845,0.9515579994763027,1110,0.2990301724137931,0.39813541682533427,False,"npv,leak_rate,leak_abs"
22921,0.6956297420333839,0.9515727935081366,1110,0.2990301724137931,0.3983367112532411,False,"npv,leak_rate,leak_abs"
22923,0.695690440060698,0.9515770187148279,1110,0.2990301724137931,0.398505403906606,False,"npv,leak_rate,leak_abs"
22926,0.6957814871016692,0.9515397365436622,1111,0.29929956896551724,0.39861156984613366,False,"npv,leak_rate,leak_abs"
22927,0.6958118361153263,0.9515418502202643,1111,0.29929956896551724,0.3996160397792048,False,"npv,leak_rate,leak_abs"
22930,0.6959028831562974,0.9515481901439162,1111,0.29929956896551724,0.4000528279440141,False,"npv,leak_rate,leak_abs"
22945,0.6963581183611532,0.9515798648943125,1111,0.29929956896551724,0.4011573797469207,False,"npv,leak_rate,leak_abs"
22968,0.6970561456752655,0.9515412748171369,1113,0.2998383620689655,0.4013285684665599,False,"npv,leak_rate,leak_abs"
22991,0.6977541729893778,0.9515027619503283,1115,0.3003771551724138,0.4026174362664127,False,"npv,leak_rate,leak_abs"
23002,0.6980880121396055,0.9515259542648465,1115,0.3003771551724138,0.4032069826244145,False,"npv,leak_rate,leak_abs"
23003,0.6981183611532625,0.9515280615571882,1115,0.3003771551724138,0.4032351576650497,False,"npv,leak_rate,leak_abs"
23008,0.6982701062215478,0.95153859527121,1115,0.3003771551724138,0.4032513092476676,False,"npv,leak_rate,leak_abs"
23020,0.6986342943854325,0.9515638575152042,1115,0.3003771551724138,0.4036708560124452,False,"npv,leak_rate,leak_abs"
23025,0.6987860394537178,0.9515309446254072,1116,0.30064655172413796,0.40412460556262975,False,"npv,leak_rate,leak_abs"
23039,0.6992109256449165,0.9515603975867009,1116,0.30064655172413796,0.4042633238653343,False,"npv,leak_rate,leak_abs"
23056,0.6997268588770865,0.9515093684941013,1118,0.3011853448275862,0.4050522404574592,False,"npv,leak_rate,leak_abs"
23066,0.700030349013657,0.9514436833434492,1120,0.3017241379310345,0.40582141879664707,False,"npv,leak_rate,leak_abs"
23110,0.7013657056145676,0.9514063176114236,1123,0.3025323275862069,0.40594577700506645,False,"npv,leak_rate,leak_abs"
23143,0.7023672230652503,0.9513459793458066,1126,0.30334051724137934,0.40607703007949936,False,"npv,leak_rate,leak_abs"
23144,0.7023975720789074,0.9513048738333909,1127,0.3036099137931034,0.4067423595993224,False,"npv,leak_rate,leak_abs"
23154,0.702701062215478,0.9512827157294635,1128,0.30387931034482757,0.4067992426513822,False,"npv,leak_rate,leak_abs"
23169,0.7031562974203338,0.9512279338771634,1130,0.30441810344827586,0.40836863783225325,False,"npv,leak_rate,leak_abs"
23184,0.7036115326251897,0.9512163561076604,1131,0.3046875,0.4086771221141993,False,"npv,leak_rate,leak_abs"
23185,0.7036418816388468,0.9512184602113435,1131,0.3046875,0.40932804527002215,False,"npv,leak_rate,leak_abs"
23203,0.7041881638846738,0.9512563030642589,1131,0.3046875,0.40956949429561973,False,"npv,leak_rate,leak_abs"
23205,0.7042488619119879,0.9512174100409394,1132,0.30495689655172414,0.4096233801503673,False,"npv,leak_rate,leak_abs"
23214,0.7045220030349013,0.9511932454553287,1133,0.3052262931034483,0.41073653452460984,False,"npv,leak_rate,leak_abs"
23215,0.7045523520485584,0.9511953478354512,1133,0.3052262931034483,0.4114765258640072,False,"npv,leak_rate,leak_abs"
23216,0.7045827010622154,0.951197450034459,1133,0.3052262931034483,0.41154844747723585,False,"npv,leak_rate,leak_abs"
23245,0.7054628224582701,0.9512583351258335,1133,0.3052262931034483,0.4117060860684324,False,"npv,leak_rate,leak_abs"
23250,0.7056145675265554,0.9512688172043011,1133,0.3052262931034483,0.4130049885589958,False,"npv,leak_rate,leak_abs"
23252,0.7056752655538695,0.9512730087734388,1133,0.3052262931034483,0.41459773551715706,False,"npv,leak_rate,leak_abs"
23267,0.7061305007587253,0.9512614432457988,1134,0.30549568965517243,0.41502039403791113,False,"npv,leak_rate,leak_abs"
23279,0.70649468892261,0.9512865672924095,1134,0.30549568965517243,0.415074336378545,False,"npv,leak_rate,leak_abs"
23300,0.7071320182094082,0.9512875536480687,1135,0.3057650862068966,0.4153460455229886,False,"npv,leak_rate,leak_abs"
23304,0.7072534142640364,0.951295914864401,1135,0.3057650862068966,0.41611607073047174,False,"npv,leak_rate,leak_abs"
23305,0.7072837632776935,0.9512980047200171,1135,0.3057650862068966,0.4165581418455888,False,"npv,leak_rate,leak_abs"
23352,0.7087101669195751,0.9512675573826653,1138,0.30657327586206895,0.4183481046622269,False,"npv,leak_rate,leak_abs"
23376,0.7094385432473445,0.9512748117727584,1139,0.3068426724137931,0.420244550671055,False,"npv,leak_rate,leak_abs"
23382,0.7096206373292868,0.9512873150286545,1139,0.3068426724137931,0.4219270699959947,False,"npv,leak_rate,leak_abs"
23383,0.7096509863429439,0.9512893982808023,1139,0.3068426724137931,0.4219769879102072,False,"npv,leak_rate,leak_abs"
23392,0.7099241274658573,0.951265389876881,1140,0.30711206896551724,0.42244014949154385,False,"npv,leak_rate,leak_abs"
23504,0.7133232169954477,0.9509870660313138,1152,0.3103448275862069,0.4233578510563416,False,"npv,leak_rate,leak_abs"
23529,0.714081942336874,0.9509541416974797,1154,0.3108836206896552,0.42372107909351153,False,"npv,leak_rate,leak_abs"
23531,0.7141426403641882,0.9509158131826102,1155,0.31115301724137934,0.42412730567345436,False,"npv,leak_rate,leak_abs"
23548,0.7146585735963581,0.9509087820621709,1156,0.3114224137931034,0.4242345528307126,False,"npv,leak_rate,leak_abs"
23575,0.7154779969650986,0.9509225874867444,1157,0.31169181034482757,0.4243043903731087,False,"npv,leak_rate,leak_abs"
23588,0.7158725341426404,0.9509496354078345,1157,0.31169181034482757,0.4246554932901234,False,"npv,leak_rate,leak_abs"
23603,0.7163277693474962,0.9509808075244672,1157,0.31169181034482757,0.4247338749435924,False,"npv,leak_rate,leak_abs"
23621,0.7168740515933232,0.9508911561745904,1160,0.3125,0.4248590916777342,False,"npv,leak_rate,leak_abs"
23695,0.7191198786039453,0.9506646971935008,1169,0.31492456896551724,0.4249891550332803,False,"npv,leak_rate,leak_abs"
23698,0.7192109256449165,0.9506287450417756,1170,0.3151939655172414,0.42609874706436357,False,"npv,leak_rate,leak_abs"
23770,0.7213960546282245,0.9506100126209508,1174,0.31627155172413796,0.4263953654797023,False,"npv,leak_rate,leak_abs"
23785,0.7218512898330804,0.9505991170906033,1175,0.31654094827586204,0.4265225355341517,False,"npv,leak_rate,leak_abs"
23790,0.7220030349013657,0.9505674653215637,1176,0.3168103448275862,0.42669904696361904,False,"npv,leak_rate,leak_abs"
23802,0.7223672230652504,0.9505923871943535,1176,0.3168103448275862,0.42746300323525205,False,"npv,leak_rate,leak_abs"
23842,0.7235811836115327,0.9505494505494505,1179,0.3176185344827586,0.42760691764207087,False,"npv,leak_rate,leak_abs"
23863,0.7242185128983308,0.9504672505552529,1182,0.31842672413793105,0.4277439157396999,False,"npv,leak_rate,leak_abs"
23959,0.7271320182094082,0.9503318168537919,1190,0.32058189655172414,0.42797431489306276,False,"npv,leak_rate,leak_abs"
23967,0.7273748103186647,0.950348395710769,1190,0.32058189655172414,0.42815084490265043,False,"npv,leak_rate,leak_abs"
23989,0.7280424886191199,0.9503522447788569,1191,0.3208512931034483,0.42825755914106417,False,"npv,leak_rate,leak_abs"
24054,0.7300151745068285,0.9504448324602977,1192,0.32112068965517243,0.4288134614300483,False,"npv,leak_rate,leak_abs"
24059,0.7301669195751138,0.9504551311359575,1192,0.32112068965517243,0.4292503363113631,False,"npv,leak_rate,leak_abs"
24073,0.7305918057663126,0.9504839446683006,1192,0.32112068965517243,0.4299525172590558,False,"npv,leak_rate,leak_abs"
24074,0.7306221547799696,0.9504444629060397,1193,0.3213900862068966,0.43005951463546765,False,"npv,leak_rate,leak_abs"
24083,0.7308952959028832,0.950338412988415,1196,0.32219827586206895,0.4301574110653777,False,"npv,leak_rate,leak_abs"
24115,0.731866464339909,0.9503628447024673,1197,0.3224676724137931,0.4311533184353362,False,"npv,leak_rate,leak_abs"
24132,0.7323823975720789,0.9503563732802918,1198,0.32273706896551724,0.43144103899629255,False,"npv,leak_rate,leak_abs"
24161,0.7332625189681335,0.9503745705889657,1199,0.3230064655172414,0.4329461825716556,False,"npv,leak_rate,leak_abs"
24162,0.7332928679817906,0.9503766244516182,1199,0.3230064655172414,0.4336999513418868,False,"npv,leak_rate,leak_abs"
24182,0.7338998482549317,0.9504176660325863,1199,0.3230064655172414,0.4344452475646115,False,"npv,leak_rate,leak_abs"
24188,0.7340819423368741,0.9503472796427981,1201,0.32354525862068967,0.436127044569282,False,"npv,leak_rate,leak_abs"
24219,0.7350227617602428,0.9504108344688055,1201,0.32354525862068967,0.4362006099670544,False,"npv,leak_rate,leak_abs"
24248,0.7359028831562974,0.9503464203233256,1204,0.32435344827586204,0.436318770141487,False,"npv,leak_rate,leak_abs"
24253,0.7360546282245827,0.9503566569084237,1204,0.32435344827586204,0.43638077439835493,False,"npv,leak_rate,leak_abs"
24287,0.7370864946889226,0.9503438053279533,1206,0.32489224137931033,0.43692558219744143,False,"npv,leak_rate,leak_abs"
24313,0.7378755690440061,0.9503557767449513,1207,0.3251616379310345,0.4379383967015432,False,"npv,leak_rate,leak_abs"
24363,0.7393930197268589,0.9502113861182941,1213,0.32677801724137934,0.4382834080895257,False,"npv,leak_rate,leak_abs"
24388,0.7401517450682853,0.9502214203706741,1214,0.3270474137931034,0.4383268107189474,False,"npv,leak_rate,leak_abs"
24402,0.740576631259484,0.9502499795098762,1214,0.3270474137931034,0.4386184755279557,False,"npv,leak_rate,leak_abs"
24487,0.7431562974203338,0.9501368072854984,1221,0.32893318965517243,0.44096754949053985,False,"npv,leak_rate,leak_abs"
24489,0.743216995447648,0.9501408795785863,1221,0.32893318965517243,0.4418319180977221,False,"npv,leak_rate,leak_abs"
24519,0.7441274658573597,0.9500795301602839,1224,0.3297413793103448,0.4420526816679993,False,"npv,leak_rate,leak_abs"
24523,0.7442488619119879,0.9500876727969662,1224,0.3297413793103448,0.4424268742465227,False,"npv,leak_rate,leak_abs"
24601,0.7466160849772382,0.949839437421243,1234,0.3324353448275862,0.44250511998840747,False,"npv,leak_rate,leak_abs"
24607,0.7467981790591806,0.9498110293818832,1235,0.33270474137931033,0.4432189850570834,False,"npv,leak_rate,leak_abs"
24709,0.7498937784522003,0.9496135011534259,1245,0.3353987068965517,0.444180649910448,False,"npv,leak_rate,leak_abs"
24754,0.7512594840667678,0.9495839056314131,1248,0.33620689655172414,0.44484824657338085,False,"npv,leak_rate,leak_abs"
24851,0.7542033383915023,0.9495794937829464,1253,0.3375538793103448,0.44650342620969374,False,"npv,leak_rate,leak_abs"
24852,0.7542336874051593,0.9495815226138742,1253,0.3375538793103448,0.44782762424985617,False,"npv,leak_rate,leak_abs"
24880,0.7550834597875569,0.9495176848874598,1256,0.33836206896551724,0.4481890029074453,False,"npv,leak_rate,leak_abs"
24941,0.7569347496206373,0.9494005853815003,1262,0.33997844827586204,0.4487650722574172,False,"npv,leak_rate,leak_abs"
24946,0.7570864946889226,0.9494107271706886,1262,0.33997844827586204,0.4493015555890149,False,"npv,leak_rate,leak_abs"
24947,0.7571168437025797,0.9494127550406862,1262,0.33997844827586204,0.4496046182256461,False,"npv,leak_rate,leak_abs"
24949,0.7571775417298938,0.9494168102929977,1262,0.33997844827586204,0.45020893066256873,False,"npv,leak_rate,leak_abs"
24956,0.7573899848254931,0.9493909280333387,1263,0.3402478448275862,0.4508486431207789,False,"npv,leak_rate,leak_abs"
24995,0.7585735963581184,0.9493898779755952,1265,0.3407866379310345,0.45140761255347106,False,"npv,leak_rate,leak_abs"
24999,0.7586949924127466,0.9493979759190367,1265,0.3407866379310345,0.4516663415436195,False,"npv,leak_rate,leak_abs"
25001,0.7587556904400607,0.9494020239190433,1265,0.3407866379310345,0.45188249353731497,False,"npv,leak_rate,leak_abs"
25010,0.7590288315629742,0.9493802479008396,1266,0.3410560344827586,0.45199902686527776,False,"npv,leak_rate,leak_abs"
25026,0.7595144157814872,0.9493326939982418,1268,0.3415948275862069,0.4522346678861065,False,"npv,leak_rate,leak_abs"
25047,0.7601517450682853,0.9493352497305066,1269,0.34186422413793105,0.45274754483318425,False,"npv,leak_rate,leak_abs"
25088,0.7613960546282246,0.9492586096938775,1273,0.34294181034482757,0.4531992971594552,False,"npv,leak_rate,leak_abs"
25095,0.761608497723824,0.9492329149232915,1274,0.3432112068965517,0.45329239621537876,False,"npv,leak_rate,leak_abs"
25154,0.7633990895295902,0.9491134610797487,1280,0.3448275862068966,0.4538118210879659,False,"npv,leak_rate,leak_abs"
25162,0.7636418816388467,0.9490898974644305,1281,0.34509698275862066,0.4542404086635714,False,"npv,leak_rate,leak_abs"
25184,0.7643095599393019,0.948975540025413,1285,0.34617456896551724,0.4558621132410101,False,"npv,leak_rate,leak_abs"
25195,0.7646433990895296,0.9489581266124231,1286,0.3464439655172414,0.45682806404278564,False,"npv,leak_rate,leak_abs"
25262,0.7666767830045523,0.9487768189375346,1294,0.3485991379310345,0.45734860848561965,False,"npv,leak_rate,leak_abs"
25266,0.7667981790591806,0.9487453494815167,1295,0.3488685344827586,0.45780780072612637,False,"npv,leak_rate,leak_abs"
25379,0.770227617602428,0.9481855077032192,1315,0.3542564655172414,0.4579788504794017,False,"npv,leak_rate,leak_abs"
25383,0.7703490136570561,0.9481936729307017,1315,0.3542564655172414,0.4588480273656677,False,"npv,leak_rate,leak_abs"
25411,0.7711987860394537,0.948211404509858,1316,0.3545258620689655,0.46017647684484453,False,"npv,leak_rate,leak_abs"
25425,0.7716236722306525,0.9482399213372664,1316,0.3545258620689655,0.4610323598529866,False,"npv,leak_rate,leak_abs"
25432,0.7718361153262518,0.9482541679773514,1316,0.3545258620689655,0.4610928340591983,False,"npv,leak_rate,leak_abs"
25433,0.7718664643399089,0.9482562025714623,1316,0.3545258620689655,0.4612505072060455,False,"npv,leak_rate,leak_abs"
25436,0.7719575113808801,0.9482623053939299,1316,0.3545258620689655,0.46328953272526635,False,"npv,leak_rate,leak_abs"
25509,0.7741729893778452,0.9479791446156258,1327,0.35748922413793105,0.4636032530471173,False,"npv,leak_rate,leak_abs"
25510,0.7742033383915022,0.9479811838494708,1327,0.35748922413793105,0.46403767746131097,False,"npv,leak_rate,leak_abs"
25514,0.7743247344461305,0.9479893391863291,1327,0.35748922413793105,0.4643872757098966,False,"npv,leak_rate,leak_abs"
25528,0.7747496206373293,0.9478219993732372,1332,0.3588362068965517,0.46498324255413503,False,"npv,leak_rate,leak_abs"
25540,0.7751138088012139,0.9477682067345341,1334,0.359375,0.4656821586769833,False,"npv,leak_rate,leak_abs"
25569,0.7759939301972686,0.9477883374398686,1335,0.35964439655172414,0.4656928797110552,False,"npv,leak_rate,leak_abs"
25615,0.7773899848254932,0.9475307437048605,1344,0.3620689655172414,0.4675567272301867,False,"npv,leak_rate,leak_abs"
25639,0.7781183611532625,0.9474238464838722,1348,0.36314655172413796,0.4676033918754597,False,"npv,leak_rate,leak_abs"
25642,0.7782094081942337,0.947429997660089,1348,0.36314655172413796,0.46780862107269205,False,"npv,leak_rate,leak_abs"
25644,0.7782701062215478,0.9473951021681485,1349,0.36341594827586204,0.46869079010531367,False,"npv,leak_rate,leak_abs"
25675,0.7792109256449166,0.9474196689386563,1350,0.3636853448275862,0.4689567057081295,False,"npv,leak_rate,leak_abs"
25683,0.7794537177541729,0.9473971109294086,1351,0.36395474137931033,0.4689730157805887,False,"npv,leak_rate,leak_abs"
25695,0.7798179059180577,0.947382759291691,1352,0.3642241379310345,0.46909902309193074,False,"npv,leak_rate,leak_abs"
25700,0.779969650986343,0.9473540856031128,1353,0.3644935344827586,0.4692605675021826,False,"npv,leak_rate,leak_abs"
25701,0.78,0.947356134002568,1353,0.3644935344827586,0.46929193683883663,False,"npv,leak_rate,leak_abs"
25770,0.7820940819423369,0.9473030655801319,1358,0.36584051724137934,0.46961232007821824,False,"npv,leak_rate,leak_abs"
25837,0.7841274658573596,0.947168788946085,1365,0.3677262931034483,0.4699868848149285,False,"npv,leak_rate,leak_abs"
25840,0.7842185128983308,0.9471749226006192,1365,0.3677262931034483,0.4705380149069491,False,"npv,leak_rate,leak_abs"
25842,0.7842792109256449,0.947179010912468,1365,0.3677262931034483,0.47115158271612745,False,"npv,leak_rate,leak_abs"
25865,0.7849772382397572,0.9470713319157162,1369,0.3688038793103448,0.4715352748953207,False,"npv,leak_rate,leak_abs"
25899,0.7860091047040971,0.9471022047183288,1370,0.36907327586206895,0.4715572803349367,False,"npv,leak_rate,leak_abs"
25923,0.7867374810318665,0.9469582995795239,1375,0.37042025862068967,0.472822395995064,False,"npv,leak_rate,leak_abs"
26063,0.7909863429438543,0.9466293212600237,1391,0.37473060344827586,0.4728267484583491,False,"npv,leak_rate,leak_abs"
26183,0.7946282245827011,0.9463010350227247,1406,0.37877155172413796,0.4729093710392136,False,"npv,leak_rate,leak_abs"
26244,0.7964795144157815,0.9464258497180308,1406,0.37877155172413796,0.4730999531481826,False,"npv,leak_rate,leak_abs"
26248,0.7966009104704097,0.946395915879305,1407,0.37904094827586204,0.47332917451381296,False,"npv,leak_rate,leak_abs"
26254,0.7967830045523521,0.9464081663746476,1407,0.37904094827586204,0.47333992327893465,False,"npv,leak_rate,leak_abs"
26256,0.7968437025796662,0.9464122486288848,1407,0.37904094827586204,0.47383395712020193,False,"npv,leak_rate,leak_abs"
26309,0.7984522003034902,0.9462541335664602,1414,0.38092672413793105,0.47416319865071144,False,"npv,leak_rate,leak_abs"
26370,0.8003034901365705,0.9461509290860827,1420,0.38254310344827586,0.47470738704068954,False,"npv,leak_rate,leak_abs"
26371,0.8003338391502276,0.946152971066702,1420,0.38254310344827586,0.4747973162899244,False,"npv,leak_rate,leak_abs"
26434,0.8022458270106222,0.9458651736400091,1431,0.3855064655172414,0.47485562542733656,False,"npv,leak_rate,leak_abs"
26440,0.8024279210925644,0.9458774583963692,1431,0.3855064655172414,0.47496524369149534,False,"npv,leak_rate,leak_abs"
26457,0.8029438543247345,0.9457988434062818,1434,0.3863146551724138,0.47540889426768945,False,"npv,leak_rate,leak_abs"
26471,0.8033687405159332,0.9457519549695894,1436,0.38685344827586204,0.476073247032626,False,"npv,leak_rate,leak_abs"
26531,0.8051896813353566,0.9457615619464024,1439,0.3876616379310345,0.47621842389819774,False,"npv,leak_rate,leak_abs"
26538,0.805402124430956,0.9457005049363177,1441,0.38820043103448276,0.4764163499109468,False,"npv,leak_rate,leak_abs"
26545,0.8056145675265554,0.9457148238839707,1441,0.38820043103448276,0.47714000707094856,False,"npv,leak_rate,leak_abs"
26567,0.8062822458270106,0.9456844958030639,1443,0.38873922413793105,0.47805963013653696,False,"npv,leak_rate,leak_abs"
26592,0.807040971168437,0.9455851383874849,1447,0.38981681034482757,0.478162602066153,False,"npv,leak_rate,leak_abs"
26657,0.8090136570561457,0.9454927411186556,1453,0.39143318965517243,0.47945967797580274,False,"npv,leak_rate,leak_abs"
26783,0.8128376327769348,0.9453011238472165,1465,0.39466594827586204,0.480020320643985,False,"npv,leak_rate,leak_abs"
26809,0.8136267071320182,0.9452422693871461,1468,0.3954741379310345,0.48021984113894073,False,"npv,leak_rate,leak_abs"
26834,0.8143854324734446,0.9451814861742566,1471,0.3962823275862069,0.4808281991823197,False,"npv,leak_rate,leak_abs"
26874,0.8155993930197268,0.9452258688695393,1472,0.39655172413793105,0.48109376410472665,False,"npv,leak_rate,leak_abs"
26933,0.8173899848254932,0.945160212378866,1477,0.3978987068965517,0.4819446980427228,False,"npv,leak_rate,leak_abs"
26948,0.817845220030349,0.9451536292118153,1478,0.39816810344827586,0.482653566231056,False,"npv,leak_rate,leak_abs"
27003,0.8195144157814871,0.9450431433544421,1484,0.39978448275862066,0.48319631245180383,False,"npv,leak_rate,leak_abs"
27021,0.8200606980273141,0.9449687280263499,1487,0.4005926724137931,0.4834179185003621,False,"npv,leak_rate,leak_abs"
27038,0.8205766312594841,0.9448923736962793,1490,0.4014008620689655,0.4842883237285628,False,"npv,leak_rate,leak_abs"
27072,0.8216084977238239,0.944776891252955,1495,0.4027478448275862,0.48483227333152834,False,"npv,leak_rate,leak_abs"
27073,0.821638846737481,0.9447419938684298,1496,0.40301724137931033,0.4860210108166792,False,"npv,leak_rate,leak_abs"
27156,0.8241578148710167,0.9445794667845043,1505,0.40544181034482757,0.48622860972877213,False,"npv,leak_rate,leak_abs"
27182,0.8249468892261002,0.9445221102199985,1508,0.40625,0.48686904788141977,False,"npv,leak_rate,leak_abs"
27231,0.8264339908952959,0.9444016011163747,1514,0.4078663793103448,0.4872793485074275,False,"npv,leak_rate,leak_abs"
27349,0.8300151745068285,0.944385535120114,1521,0.4097521551724138,0.48755205531729784,False,"npv,leak_rate,leak_abs"
27358,0.830288315629742,0.9443672783098179,1522,0.41002155172413796,0.48775469029356383,False,"npv,leak_rate,leak_abs"
27374,0.8307738998482549,0.9442902023818222,1525,0.41082974137931033,0.4878438390687398,False,"npv,leak_rate,leak_abs"
27390,0.8312594840667679,0.9441767068273093,1529,0.4119073275862069,0.48821935984271625,False,"npv,leak_rate,leak_abs"
27413,0.8319575113808801,0.9441141064458468,1532,0.41271551724137934,0.4889916758072974,False,"npv,leak_rate,leak_abs"
27423,0.8322610015174506,0.9440980199102943,1533,0.4129849137931034,0.48933424977598206,False,"npv,leak_rate,leak_abs"
27464,0.83350531107739,0.9439994174191669,1538,0.41433189655172414,0.49016456019633453,False,"npv,leak_rate,leak_abs"
27475,0.8338391502276176,0.9438762511373976,1542,0.41540948275862066,0.4922280229552151,False,"npv,leak_rate,leak_abs"
27476,0.8338694992412746,0.9438782937836657,1542,0.41540948275862066,0.4945819971736044,False,"npv,leak_rate,leak_abs"
27483,0.834081942336874,0.9438562020157916,1543,0.4156788793103448,0.4945961002049722,False,"npv,leak_rate,leak_abs"
27505,0.8347496206373293,0.943792037811307,1546,0.41648706896551724,0.4954303632621479,False,"npv,leak_rate,leak_abs"
27515,0.8350531107738999,0.9437397783027439,1548,0.4170258620689655,0.4968045776744049,False,"npv,leak_rate,leak_abs"
27517,0.835113808801214,0.943707526256496,1549,0.41729525862068967,0.4997205648294123,False,"npv,leak_rate,leak_abs"
27537,0.8357207890743551,0.9436394668990812,1552,0.41810344827586204,0.50068490766975,False,"npv,leak_rate,leak_abs"
27539,0.8357814871016692,0.943607247902974,1553,0.4183728448275862,0.5019043141204906,False,"npv,leak_rate,leak_abs"
27554,0.836236722306525,0.9436016549321332,1554,0.41864224137931033,0.5028038396316531,False,"npv,leak_rate,leak_abs"
27564,0.8365402124430956,0.9436221158032216,1554,0.41864224137931033,0.5033023918533197,False,"npv,leak_rate,leak_abs"
27569,0.8366919575113809,0.9436323406724945,1554,0.41864224137931033,0.5040706427818339,False,"npv,leak_rate,leak_abs"
27570,0.836722306525038,0.9436343852013057,1554,0.41864224137931033,0.5044179080571816,False,"npv,leak_rate,leak_abs"
27589,0.837298937784522,0.9436007104280691,1556,0.4191810344827586,0.5057428278137007,False,"npv,leak_rate,leak_abs"
27595,0.8374810318664644,0.94361297336474,1556,0.4191810344827586,0.5066450218941928,False,"npv,leak_rate,leak_abs"
27598,0.8375720789074355,0.9436191028335387,1556,0.4191810344827586,0.5075478421946499,False,"npv,leak_rate,leak_abs"
27604,0.8377541729893778,0.9435951311404144,1557,0.41945043103448276,0.5080312129189432,False,"npv,leak_rate,leak_abs"
27613,0.8380273141122914,0.943504870894144,1560,0.4202586206896552,0.5086272631744562,False,"npv,leak_rate,leak_abs"
27632,0.8386039453717754,0.9434713375796179,1562,0.4207974137931034,0.5086999071335486,False,"npv,leak_rate,leak_abs"
27637,0.8387556904400607,0.9434453811918805,1563,0.42106681034482757,0.5087592291501954,False,"npv,leak_rate,leak_abs"
27662,0.8395144157814871,0.9434964933844263,1563,0.42106681034482757,0.5089045045535654,False,"npv,leak_rate,leak_abs"
27669,0.8397268588770865,0.9434385051863096,1565,0.42160560344827586,0.5124623886960218,False,"npv,leak_rate,leak_abs"
27673,0.8398482549317147,0.9434466808802804,1565,0.42160560344827586,0.5170078243636868,False,"npv,leak_rate,leak_abs"
27677,0.8399696509863429,0.9434548542110778,1565,0.42160560344827586,0.5178406007354395,False,"npv,leak_rate,leak_abs"
27678,0.84,0.9434568971746513,1565,0.42160560344827586,0.5246928694076448,False,"npv,leak_rate,leak_abs"
27679,0.840030349013657,0.9434589399906066,1565,0.42160560344827586,0.5290802453229959,False,"npv,leak_rate,leak_abs"
27692,0.8404248861911988,0.9433771486349848,1568,0.4224137931034483,0.5303844383151837,False,"npv,leak_rate,leak_abs"
27694,0.8404855842185129,0.9433812378132448,1568,0.4224137931034483,0.5310152440950221,False,"npv,leak_rate,leak_abs"
27697,0.8405766312594841,0.9433873704733364,1568,0.4224137931034483,0.5316602345327468,False,"npv,leak_rate,leak_abs"
27706,0.8408497723823976,0.9432613874251065,1572,0.4234913793103448,0.5319107768223076,False,"npv,leak_rate,leak_abs"
27709,0.8409408194233687,0.9432675304052834,1572,0.4234913793103448,0.5334851977320415,False,"npv,leak_rate,leak_abs"
27716,0.8411532625189682,0.9432457786116323,1573,0.42376077586206895,0.5359300019269821,False,"npv,leak_rate,leak_abs"
27717,0.8411836115326252,0.9432478262438215,1573,0.42376077586206895,0.5373037306835907,False,"npv,leak_rate,leak_abs"
27718,0.8412139605462823,0.9432498737282632,1573,0.42376077586206895,0.5405387803335624,False,"npv,leak_rate,leak_abs"
27728,0.8415174506828528,0.9432703404500865,1573,0.42376077586206895,0.5426324112392605,False,"npv,leak_rate,leak_abs"
27730,0.8415781487101669,0.9432744320230797,1573,0.42376077586206895,0.5427432360104193,False,"npv,leak_rate,leak_abs"
27731,0.841608497723824,0.9432764775882586,1573,0.42376077586206895,0.5440350960034729,False,"npv,leak_rate,leak_abs"
27733,0.8416691957511381,0.943280568276061,1573,0.42376077586206895,0.5464157752506119,False,"npv,leak_rate,leak_abs"
27737,0.8417905918057663,0.9432526949561957,1574,0.4240301724137931,0.55052488151483,False,"npv,leak_rate,leak_abs"
27738,0.8418209408194234,0.9432547407888096,1574,0.4240301724137931,0.5630646990043827,False,"npv,leak_rate,leak_abs"
27742,0.8419423368740516,0.943262922644366,1574,0.4240301724137931,0.5679429900226619,False,"npv,leak_rate,leak_abs"
27743,0.8419726858877087,0.94326496773961,1574,0.4240301724137931,0.5687493537196092,False,"npv,leak_rate,leak_abs"
27750,0.842185128983308,0.9432792792792792,1574,0.4240301724137931,0.5727065290431209,False,"npv,leak_rate,leak_abs"
27751,0.8422154779969651,0.9432813231955606,1574,0.4240301724137931,0.5749183305243822,False,"npv,leak_rate,leak_abs"
27755,0.8423368740515933,0.9432894973878581,1574,0.4240301724137931,0.5765500695947543,False,"npv,leak_rate,leak_abs"
27756,0.8423672230652504,0.9432915405678052,1574,0.4240301724137931,0.57687898023463,False,"npv,leak_rate,leak_abs"
27758,0.8424279210925645,0.943295626486058,1574,0.4240301724137931,0.5769563072850303,False,"npv,leak_rate,leak_abs"
27761,0.8425189681335357,0.9433017542595727,1574,0.4240301724137931,0.5770067753048252,False,"npv,leak_rate,leak_abs"
27763,0.8425796661608498,0.9433058387061917,1574,0.4240301724137931,0.5824241616829764,False,"npv,leak_rate,leak_abs"
27768,0.8427314112291351,0.9432800345721694,1575,0.42429956896551724,0.589337596371984,False,"npv,leak_rate,leak_abs"
27769,0.8427617602427921,0.9432820771363751,1575,0.42429956896551724,0.5894874124526093,False,"npv,leak_rate,leak_abs"
27780,0.8430955993930197,0.9432685385169186,1576,0.4245689655172414,0.5897225136946307,False,"npv,leak_rate,leak_abs"
27781,0.8431259484066768,0.9432705806126489,1576,0.4245689655172414,0.5903597198051603,False,"npv,leak_rate,leak_abs"
27782,0.8431562974203338,0.9432726225613707,1576,0.4245689655172414,0.5923417757239076,False,"npv,leak_rate,leak_abs"
27783,0.8431866464339909,0.9432386711298276,1577,0.4248383620689655,0.593103624617113,False,"npv,leak_rate,leak_abs"
27790,0.8433990895295903,0.9432169845268082,1578,0.42510775862068967,0.594456939221453,False,"npv,leak_rate,leak_abs"
27791,0.8434294385432474,0.9432190277427944,1578,0.42510775862068967,0.5953967051091744,False,"npv,leak_rate,leak_abs"
27795,0.8435508345978756,0.9432271991365353,1578,0.42510775862068967,0.5972217977542152,False,"npv,leak_rate,leak_abs"
27798,0.8436418816388468,0.9432333261385711,1578,0.42510775862068967,0.5980797302156607,False,"npv,leak_rate,leak_abs"
27801,0.8437329286798179,0.94323945181828,1578,0.42510775862068967,0.6003310053026553,False,"npv,leak_rate,leak_abs"
27805,0.8438543247344461,0.9432476173350117,1578,0.42510775862068967,0.6052595312109309,False,"npv,leak_rate,leak_abs"
27806,0.8438846737481032,0.9432496583471194,1578,0.42510775862068967,0.605630352544688,False,"npv,leak_rate,leak_abs"
27808,0.8439453717754173,0.9432537399309551,1578,0.42510775862068967,0.6103285185592529,False,"npv,leak_rate,leak_abs"
27815,0.8441578148710167,0.9432680208520582,1578,0.42510775862068967,0.6114687138098815,False,"npv,leak_rate,leak_abs"
27819,0.844279210925645,0.943276178151623,1578,0.42510775862068967,0.6161505483500336,False,"npv,leak_rate,leak_abs"
27825,0.8444613050075872,0.9431805929919137,1581,0.42591594827586204,0.6165283357055746,False,"npv,leak_rate,leak_abs"
27826,0.8444916540212443,0.9431826349457342,1581,0.42591594827586204,0.6186737892830106,False,"npv,leak_rate,leak_abs"
27827,0.8445220030349013,0.943184676752794,1581,0.42591594827586204,0.6210661828642575,False,"npv,leak_rate,leak_abs"
27828,0.8445523520485584,0.9431867184131091,1581,0.42591594827586204,0.6295828867050214,False,"npv,leak_rate,leak_abs"
27830,0.8446130500758725,0.9431548688465684,1582,0.4261853448275862,0.6305130981274287,False,"npv,leak_rate,leak_abs"
27833,0.8447040971168437,0.9431250673660763,1583,0.42645474137931033,0.6311908102878964,False,"npv,leak_rate,leak_abs"
27842,0.8449772382397572,0.9430716184182171,1585,0.4269935344827586,0.6322468946088867,False,"npv,leak_rate,leak_abs"
27847,0.8451289833080425,0.943081840054584,1585,0.4269935344827586,0.6330833785331936,False,"npv,leak_rate,leak_abs"
27859,0.8454931714719272,0.9429627768405183,1589,0.4280711206896552,0.6336649642966198,False,"npv,leak_rate,leak_abs"
27860,0.8455235204855842,0.942964824120603,1589,0.4280711206896552,0.6392585658876067,False,"npv,leak_rate,leak_abs"
27866,0.8457056145675266,0.9429053326634609,1591,0.4286099137931034,0.639724229370187,False,"npv,leak_rate,leak_abs"
27867,0.8457359635811836,0.942907381490652,1591,0.4286099137931034,0.6440449898715737,False,"npv,leak_rate,leak_abs"
27873,0.845918057663126,0.9429196713665554,1591,0.4286099137931034,0.6498837143557797,False,"npv,leak_rate,leak_abs"
27874,0.845948406676783,0.942921719164813,1591,0.4286099137931034,0.6504051366183838,False,"npv,leak_rate,leak_abs"
27877,0.8460394537177541,0.9429278616780858,1591,0.4286099137931034,0.6512993673460404,False,"npv,leak_rate,leak_abs"
27885,0.8462822458270106,0.9429442352519276,1591,0.4286099137931034,0.656088508232753,False,"npv,leak_rate,leak_abs"
27893,0.8465250379362671,0.9429605994335496,1591,0.4286099137931034,0.6567344439334588,False,"npv,leak_rate,leak_abs"
27894,0.8465553869499242,0.9429626442962644,1591,0.4286099137931034,0.6585100769871979,False,"npv,leak_rate,leak_abs"
27896,0.8466160849772383,0.9429667335818755,1591,0.4286099137931034,0.6587495221425729,False,"npv,leak_rate,leak_abs"
27898,0.8466767830045524,0.942934977417736,1592,0.42887931034482757,0.6597362980100754,False,"npv,leak_rate,leak_abs"
27900,0.8467374810318664,0.9429390681003584,1592,0.42887931034482757,0.6604668261376252,False,"npv,leak_rate,leak_abs"
27901,0.8467678300455235,0.9429411132217483,1592,0.42887931034482757,0.6640798316487457,False,"npv,leak_rate,leak_abs"
27913,0.8471320182094082,0.9427865152437932,1597,0.4302262931034483,0.6642712944075404,False,"npv,leak_rate,leak_abs"
27916,0.8472230652503794,0.9427926637054019,1597,0.4302262931034483,0.6645263474904349,False,"npv,leak_rate,leak_abs"
27918,0.8472837632776935,0.9427609427609428,1598,0.43049568965517243,0.6659694191463893,False,"npv,leak_rate,leak_abs"
27929,0.8476176024279211,0.9427476816212539,1599,0.4307650862068966,0.6662016872623089,False,"npv,leak_rate,leak_abs"
27932,0.8477086494688922,0.9427538307317772,1599,0.4307650862068966,0.6664579316613745,False,"npv,leak_rate,leak_abs"
27941,0.8479817905918058,0.9427722701406536,1599,0.4307650862068966,0.6664909840675141,False,"npv,leak_rate,leak_abs"
27951,0.8482852807283763,0.942721190655075,1601,0.4313038793103448,0.6670098339372346,False,"npv,leak_rate,leak_abs"
27958,0.8484977238239757,0.9427355318692324,1601,0.4313038793103448,0.6678265858509558,False,"npv,leak_rate,leak_abs"
27959,0.8485280728376328,0.942737580027898,1601,0.4313038793103448,0.6685855168157683,False,"npv,leak_rate,leak_abs"
27963,0.848649468892261,0.9427100096556164,1602,0.43157327586206895,0.6715229712393735,False,"npv,leak_rate,leak_abs"
27964,0.8486798179059181,0.9427120583607496,1602,0.43157327586206895,0.6717499204005895,False,"npv,leak_rate,leak_abs"
27967,0.8487708649468892,0.9426824471698788,1603,0.4318426724137931,0.6762239085037948,False,"npv,leak_rate,leak_abs"
27968,0.8488012139605463,0.9426844965675057,1603,0.4318426724137931,0.6767144368638995,False,"npv,leak_rate,leak_abs"
27970,0.8488619119878604,0.942652842331069,1604,0.43211206896551724,0.678128834453477,False,"npv,leak_rate,leak_abs"
27993,0.8495599393019727,0.942378451755796,1613,0.4345366379310345,0.6817602618417217,False,"npv,leak_rate,leak_abs"
27995,0.8496206373292868,0.9423825683157707,1613,0.4345366379310345,0.6827441482189935,False,"npv,leak_rate,leak_abs"
28002,0.8498330804248861,0.9423612599100064,1614,0.4348060344827586,0.683823927509307,False,"npv,leak_rate,leak_abs"
28004,0.8498937784522003,0.9423296671904013,1615,0.43507543103448276,0.6838426617385345,False,"npv,leak_rate,leak_abs"
28005,0.8499241274658573,0.9423317264774147,1615,0.43507543103448276,0.6855469186161994,False,"npv,leak_rate,leak_abs"
28007,0.8499848254931714,0.9422644338915271,1617,0.43561422413793105,0.685875957816015,False,"npv,leak_rate,leak_abs"
28008,0.8500151745068285,0.9422664952870609,1617,0.43561422413793105,0.6873989380466469,False,"npv,leak_rate,leak_abs"
28019,0.8503490136570562,0.9422177807916057,1619,0.43615301724137934,0.6888089229628184,False,"npv,leak_rate,leak_abs"
28020,0.8503793626707132,0.9422198429693076,1619,0.43615301724137934,0.6891267360097759,False,"npv,leak_rate,leak_abs"
28021,0.8504097116843703,0.9421862174797473,1620,0.4364224137931034,0.6903558101305026,False,"npv,leak_rate,leak_abs"
28047,0.8511987860394538,0.9419189218098193,1629,0.43884698275862066,0.6905060858268626,False,"npv,leak_rate,leak_abs"
28054,0.8514112291350531,0.9418621230484067,1631,0.43938577586206895,0.694292661587922,False,"npv,leak_rate,leak_abs"
28063,0.8516843702579666,0.9417738659444821,1634,0.4401939655172414,0.6943638072471655,False,"npv,leak_rate,leak_abs"
28074,0.8520182094081943,0.9417610600555675,1635,0.4404633620689655,0.6944469588567681,False,"npv,leak_rate,leak_abs"
28076,0.8520789074355083,0.9417652087191908,1635,0.4404633620689655,0.6951828585888608,False,"npv,leak_rate,leak_abs"
28081,0.8522306525037936,0.9417755777928136,1635,0.4404633620689655,0.6964091842997324,False,"npv,leak_rate,leak_abs"
28083,0.8522913505311077,0.9417797243884201,1635,0.4404633620689655,0.6980533899256961,False,"npv,leak_rate,leak_abs"
28084,0.8523216995447648,0.9417817974647487,1635,0.4404633620689655,0.698866759386887,False,"npv,leak_rate,leak_abs"
28085,0.8523520485584218,0.9417838703934485,1635,0.4404633620689655,0.700149199918361,False,"npv,leak_rate,leak_abs"
28086,0.8523823975720789,0.9417859431745353,1635,0.4404633620689655,0.7011996652213981,False,"npv,leak_rate,leak_abs"
28116,0.8532928679817906,0.9416346564233888,1641,0.44207974137931033,0.7013967961165769,False,"npv,leak_rate,leak_abs"
28118,0.8533535660091047,0.9416388078810726,1641,0.44207974137931033,0.7017607544926178,False,"npv,leak_rate,leak_abs"
28122,0.853474962063733,0.9416115496764099,1642,0.4423491379310345,0.7020444319148972,False,"npv,leak_rate,leak_abs"
28124,0.8535356600910471,0.9416157018916228,1642,0.4423491379310345,0.7022800447842084,False,"npv,leak_rate,leak_abs"
28125,0.8535660091047041,0.9415822222222222,1643,0.4426185344827586,0.7030537514391177,False,"npv,leak_rate,leak_abs"
28126,0.8535963581183611,0.9415842992249165,1643,0.4426185344827586,0.7045080971404097,False,"npv,leak_rate,leak_abs"
28127,0.8536267071320182,0.9415863760799232,1643,0.4426185344827586,0.7045949600390127,False,"npv,leak_rate,leak_abs"
28129,0.8536874051593323,0.9415905293469373,1643,0.4426185344827586,0.7054657615170763,False,"npv,leak_rate,leak_abs"
28138,0.8539605462822458,0.9416092117421281,1643,0.4426185344827586,0.7068434834423823,False,"npv,leak_rate,leak_abs"
28139,0.8539908952959029,0.9416112868261132,1643,0.4426185344827586,0.7093086473060485,False,"npv,leak_rate,leak_abs"
28141,0.854051593323217,0.941579901211755,1644,0.44288793103448276,0.7108554236274972,False,"npv,leak_rate,leak_abs"
28148,0.8542640364188164,0.9415589029415944,1645,0.4431573275862069,0.7120295194231652,False,"npv,leak_rate,leak_abs"
28159,0.854597875569044,0.9415107070563585,1647,0.4436961206896552,0.7134827491015694,False,"npv,leak_rate,leak_abs"
28160,0.854628224582701,0.9415127840909091,1647,0.4436961206896552,0.7144609746013265,False,"npv,leak_rate,leak_abs"
28162,0.8546889226100152,0.9414814288757901,1648,0.44396551724137934,0.714740433268744,False,"npv,leak_rate,leak_abs"
28164,0.8547496206373293,0.9414500781139042,1649,0.4442349137931034,0.7151292429354759,False,"npv,leak_rate,leak_abs"
28167,0.8548406676783005,0.9414208115880286,1650,0.44450431034482757,0.7152712451428441,False,"npv,leak_rate,leak_abs"
28168,0.8548710166919575,0.9414228912240841,1650,0.44450431034482757,0.7162617313033006,False,"npv,leak_rate,leak_abs"
28169,0.8549013657056146,0.9414249707124853,1650,0.44450431034482757,0.7183614595497502,False,"npv,leak_rate,leak_abs"
28170,0.8549317147192717,0.9414270500532481,1650,0.44450431034482757,0.721782482156956,False,"npv,leak_rate,leak_abs"
28175,0.855083459787557,0.9413664596273292,1652,0.44504310344827586,0.7224142080920827,False,"npv,leak_rate,leak_abs"
28203,0.8559332321699544,0.9412828422508244,1656,0.44612068965517243,0.7227583021183798,False,"npv,leak_rate,leak_abs"
28208,0.8560849772382397,0.9412223482699943,1658,0.44665948275862066,0.725222647315719,False,"npv,leak_rate,leak_abs"
28210,0.8561456752655539,0.9412265154200639,1658,0.44665948275862066,0.7262006479071124,False,"npv,leak_rate,leak_abs"
28220,0.8564491654021245,0.9411410347271438,1661,0.4474676724137931,0.7265159612857228,False,"npv,leak_rate,leak_abs"
28221,0.8564795144157815,0.9411431203713546,1661,0.4474676724137931,0.7267092037282288,False,"npv,leak_rate,leak_abs"
28222,0.8565098634294386,0.9411452058677627,1661,0.4474676724137931,0.7268562134793782,False,"npv,leak_rate,leak_abs"
28224,0.8565705614567527,0.941078514739229,1663,0.4480064655172414,0.7273398283820729,False,"npv,leak_rate,leak_abs"
28228,0.8566919575113808,0.9409805866515516,1666,0.4488146551724138,0.7276417075285035,False,"npv,leak_rate,leak_abs"
28232,0.8568133535660091,0.9409181071124965,1668,0.44935344827586204,0.7280525177254629,False,"npv,leak_rate,leak_abs"
28240,0.8570561456752656,0.9407932011331445,1672,0.4504310344827586,0.7288426884978642,False,"npv,leak_rate,leak_abs"
28241,0.8570864946889226,0.9407598881059452,1673,0.45070043103448276,0.7288451964419312,False,"npv,leak_rate,leak_abs"
28242,0.8571168437025797,0.9407265774378585,1674,0.4509698275862069,0.7291553993572184,False,"npv,leak_rate,leak_abs"
28247,0.857268588770865,0.9407016674337098,1675,0.45123922413793105,0.7297914820967889,False,"npv,leak_rate,leak_abs"
28255,0.8575113808801214,0.9406122810122103,1678,0.4520474137931034,0.7298965465836278,False,"npv,leak_rate,leak_abs"
28256,0.8575417298937784,0.9405789920724802,1679,0.45231681034482757,0.7313095984457106,False,"npv,leak_rate,leak_abs"
28257,0.8575720789074355,0.9405457054889054,1680,0.4525862068965517,0.7313449884775081,False,"npv,leak_rate,leak_abs"
28265,0.857814871016692,0.9405271537236866,1681,0.45285560344827586,0.7322459175503764,False,"npv,leak_rate,leak_abs"
28266,0.857845220030349,0.9405292577655133,1681,0.45285560344827586,0.7324430181722283,False,"npv,leak_rate,leak_abs"
28302,0.8589377845220031,0.9401102395590417,1695,0.4566271551724138,0.733061383146428,False,"npv,leak_rate,leak_abs"
28308,0.8591198786039453,0.9400876077433941,1696,0.45689655172413796,0.733073923142744,False,"npv,leak_rate,leak_abs"
28309,0.8591502276176024,0.9400897241160056,1696,0.45689655172413796,0.7368898197830288,False,"npv,leak_rate,leak_abs"
28365,0.8608497723823976,0.9395029085140137,1716,0.46228448275862066,0.7371300838603136,False,"npv,leak_rate,leak_abs"
28366,0.8608801213960546,0.9394697877740957,1717,0.4625538793103448,0.7388412518926919,False,"npv,leak_rate,leak_abs"
28408,0.862154779969651,0.9390664601520698,1731,0.46632543103448276,0.7394419566912456,False,"npv,leak_rate,leak_abs"
28410,0.8622154779969651,0.9390707497360085,1731,0.46632543103448276,0.7400127416058654,False,"npv,leak_rate,leak_abs"
28453,0.8635204855842186,0.939022247214705,1735,0.46740301724137934,0.741400835382323,False,"npv,leak_rate,leak_abs"
28455,0.8635811836115326,0.9390265331224741,1735,0.46740301724137934,0.7417102819145261,False,"npv,leak_rate,leak_abs"
28462,0.863793626707132,0.9389712599255147,1737,0.46794181034482757,0.7418081325414647,False,"npv,leak_rate,leak_abs"
28463,0.8638239757207891,0.9389382707374486,1738,0.4682112068965517,0.7419385268129879,False,"npv,leak_rate,leak_abs"
28467,0.8639453717754173,0.9389468507394527,1738,0.4682112068965517,0.7447491490971941,False,"npv,leak_rate,leak_abs"
28534,0.86597875569044,0.9382841522394336,1761,0.4744073275862069,0.7451470584933266,False,"npv,leak_rate,leak_abs"
28565,0.8669195751138088,0.9380360581130754,1770,0.47683189655172414,0.7452158498539593,False,"npv,leak_rate,leak_abs"
28566,0.8669499241274659,0.93803822726318,1770,0.47683189655172414,0.7461829870891207,False,"npv,leak_rate,leak_abs"
28567,0.8669802731411229,0.9380403962614206,1770,0.47683189655172414,0.7463223488774569,False,"npv,leak_rate,leak_abs"
28568,0.86701062215478,0.9380425651078129,1770,0.47683189655172414,0.7466864651610686,False,"npv,leak_rate,leak_abs"
28595,0.8678300455235205,0.9377863262808184,1779,0.4792564655172414,0.7472099686360149,False,"npv,leak_rate,leak_abs"
28596,0.8678603945371776,0.937788501888376,1779,0.4792564655172414,0.7472803455860169,False,"npv,leak_rate,leak_abs"
28597,0.8678907435508346,0.9377557086407665,1780,0.4795258620689655,0.7476986327964342,False,"npv,leak_rate,leak_abs"
28606,0.868163884673748,0.9377403341956233,1781,0.47979525862068967,0.7480247615970235,False,"npv,leak_rate,leak_abs"
28641,0.8692261001517451,0.9373974372403199,1793,0.48302801724137934,0.7482379732524679,False,"npv,leak_rate,leak_abs"
28662,0.8698634294385432,0.9370944107180239,1803,0.48572198275862066,0.7496306623471487,False,"npv,leak_rate,leak_abs"
28715,0.8714719271623672,0.936757792094724,1816,0.4892241379310345,0.750251517055261,False,"npv,leak_rate,leak_abs"
28717,0.8715326251896813,0.9367621966082809,1816,0.4892241379310345,0.750437281603632,False,"npv,leak_rate,leak_abs"
28721,0.8716540212443096,0.9367361860659448,1817,0.4894935344827586,0.7510131702350558,False,"npv,leak_rate,leak_abs"
28745,0.8723823975720789,0.9364411201948165,1827,0.4921875,0.7519548461733925,False,"npv,leak_rate,leak_abs"
28749,0.8725037936267072,0.9364499634769905,1827,0.4921875,0.7520933709584824,False,"npv,leak_rate,leak_abs"
28751,0.8725644916540213,0.9364196027964244,1828,0.49245689655172414,0.7521177247184475,False,"npv,leak_rate,leak_abs"
28752,0.8725948406676783,0.9364218141346689,1828,0.49245689655172414,0.7525786529558782,False,"npv,leak_rate,leak_abs"
28776,0.8733232169954477,0.9361620795107034,1837,0.4948814655172414,0.7526121728415011,False,"npv,leak_rate,leak_abs"
28780,0.8734446130500759,0.9361014593467686,1839,0.49542025862068967,0.7531864990140485,False,"npv,leak_rate,leak_abs"
28781,0.8734749620637329,0.9361036795107883,1839,0.49542025862068967,0.7533930053037728,False,"npv,leak_rate,leak_abs"
28782,0.8735053110773899,0.9361058995205337,1839,0.49542025862068967,0.753964094543096,False,"npv,leak_rate,leak_abs"
28788,0.8736874051593323,0.9360844796442962,1840,0.4956896551724138,0.7540227148965414,False,"npv,leak_rate,leak_abs"
28791,0.8737784522003035,0.9360216734396165,1842,0.49622844827586204,0.7541542883966623,False,"npv,leak_rate,leak_abs"
28792,0.8738088012139605,0.9359891636565713,1843,0.4964978448275862,0.7545432329770088,False,"npv,leak_rate,leak_abs"
28796,0.8739301972685888,0.9359633282400334,1844,0.49676724137931033,0.7545693526158053,False,"npv,leak_rate,leak_abs"
28797,0.8739605462822458,0.9359655519672188,1844,0.49676724137931033,0.7561228376558045,False,"npv,leak_rate,leak_abs"
28798,0.8739908952959029,0.935933050906313,1845,0.4970366379310345,0.7561420224467197,False,"npv,leak_rate,leak_abs"
28799,0.87402124430956,0.9359352755304003,1845,0.4970366379310345,0.7562040127475652,False,"npv,leak_rate,leak_abs"
28800,0.874051593323217,0.9359375,1845,0.4970366379310345,0.756651021276008,False,"npv,leak_rate,leak_abs"
28801,0.8740819423368741,0.935939724315128,1845,0.4970366379310345,0.7571428231194731,False,"npv,leak_rate,leak_abs"
28806,0.8742336874051594,0.9359161285843227,1846,0.4973060344827586,0.7578730105759657,False,"npv,leak_rate,leak_abs"
28822,0.8747192716236722,0.935882312122684,1848,0.4978448275862069,0.7580772244385109,False,"npv,leak_rate,leak_abs"
28823,0.8747496206373293,0.9358845366547549,1848,0.4978448275862069,0.7583222584329324,False,"npv,leak_rate,leak_abs"
28824,0.8747799696509864,0.9358867610324729,1848,0.4978448275862069,0.7585484365665276,False,"npv,leak_rate,leak_abs"
28826,0.8748406676783005,0.93585651842087,1849,0.49811422413793105,0.7585897492781861,False,"npv,leak_rate,leak_abs"
28831,0.8749924127465858,0.9358676424681767,1849,0.49811422413793105,0.7593700136208109,False,"npv,leak_rate,leak_abs"
28844,0.8753869499241275,0.9356538621550409,1856,0.5,0.759900419562576,False,"npv,leak_rate,leak_abs"
28859,0.8758421851289833,0.9355140510759209,1861,0.5013469827586207,0.7600284576001805,False,"npv,leak_rate,leak_abs"
28861,0.8759028831562974,0.9355185198018087,1861,0.5013469827586207,0.7600813339435599,False,"npv,leak_rate,leak_abs"
28862,0.8759332321699544,0.9355207539325064,1861,0.5013469827586207,0.7601927933014914,False,"npv,leak_rate,leak_abs"
28864,0.8759939301972686,0.9354559312638581,1863,0.501885775862069,0.7622604012501665,False,"npv,leak_rate,leak_abs"
28867,0.8760849772382397,0.9354279973672359,1864,0.5021551724137931,0.762270418929364,False,"npv,leak_rate,leak_abs"
28881,0.8765098634294386,0.9352861743014439,1869,0.5035021551724138,0.76251978198415,False,"npv,leak_rate,leak_abs"
28882,0.8765402124430955,0.935288414929714,1869,0.5035021551724138,0.7630695989652577,False,"npv,leak_rate,leak_abs"
28889,0.876752655538695,0.93530409498425,1869,0.5035021551724138,0.7642580387117694,False,"npv,leak_rate,leak_abs"
28890,0.876783004552352,0.9353063343717549,1869,0.5035021551724138,0.7650760072563073,False,"npv,leak_rate,leak_abs"
28892,0.8768437025796662,0.9353108126817112,1869,0.5035021551724138,0.7653080387104089,False,"npv,leak_rate,leak_abs"
28893,0.8768740515933232,0.935278441144914,1870,0.5037715517241379,0.7657293452457343,False,"npv,leak_rate,leak_abs"
28897,0.8769954476479515,0.9352181887393155,1872,0.5043103448275862,0.7661254470984127,False,"npv,leak_rate,leak_abs"
28901,0.8771168437025797,0.9351925538908689,1873,0.5045797413793104,0.7661644084925078,False,"npv,leak_rate,leak_abs"
28906,0.877268588770865,0.9352037639244447,1873,0.5045797413793104,0.7670295317168875,False,"npv,leak_rate,leak_abs"
28911,0.8774203338391502,0.935180381169797,1874,0.5048491379310345,0.7671035662772495,False,"npv,leak_rate,leak_abs"
28912,0.8774506828528073,0.9351826231322634,1874,0.5048491379310345,0.76745071786276,False,"npv,leak_rate,leak_abs"
28914,0.8775113808801214,0.9351525212699731,1875,0.5051185344827587,0.7677912638195484,False,"npv,leak_rate,leak_abs"
28925,0.877845220030349,0.9351080380293864,1877,0.5056573275862069,0.7682186227348232,False,"npv,leak_rate,leak_abs"
28931,0.8780273141122914,0.935086930973696,1878,0.505926724137931,0.7689581760867774,False,"npv,leak_rate,leak_abs"
28937,0.8782094081942337,0.9351003905035076,1878,0.505926724137931,0.7691606938546659,False,"npv,leak_rate,leak_abs"
28938,0.8782397572078907,0.9350680765775106,1879,0.5061961206896551,0.7696256937703565,False,"npv,leak_rate,leak_abs"
28940,0.8783004552352048,0.9350725639253629,1879,0.5061961206896551,0.7696298416278625,False,"npv,leak_rate,leak_abs"
28941,0.8783308042488619,0.9350402543104938,1880,0.5064655172413793,0.7704408292570462,False,"npv,leak_rate,leak_abs"
28942,0.878361153262519,0.9350079469283394,1881,0.5067349137931034,0.7713039732014482,False,"npv,leak_rate,leak_abs"
28944,0.8784218512898331,0.9350124378109452,1881,0.5067349137931034,0.7714137273445463,False,"npv,leak_rate,leak_abs"
28945,0.8784522003034901,0.9349801347382968,1882,0.5070043103448276,0.7715483832538566,False,"npv,leak_rate,leak_abs"
28950,0.8786039453717754,0.9349568221070812,1883,0.5072737068965517,0.7717681166983893,False,"npv,leak_rate,leak_abs"
28966,0.8790895295902883,0.9348546571842851,1887,0.5083512931034483,0.7724958801996228,False,"npv,leak_rate,leak_abs"
28969,0.8791805766312595,0.9348614035693328,1887,0.5083512931034483,0.7725002250392258,False,"npv,leak_rate,leak_abs"
28977,0.879423368740516,0.9348793871001139,1887,0.5083512931034483,0.7725213789598393,False,"npv,leak_rate,leak_abs"
28978,0.879453717754173,0.93484712540548,1888,0.5086206896551724,0.7730662866942797,False,"npv,leak_rate,leak_abs"
28979,0.8794840667678301,0.9348493736843921,1888,0.5086206896551724,0.7734078602135174,False,"npv,leak_rate,leak_abs"
28980,0.8795144157814871,0.9348516218081435,1888,0.5086206896551724,0.7734203820882606,False,"npv,leak_rate,leak_abs"
28982,0.8795751138088013,0.9348561175902285,1888,0.5086206896551724,0.773580089168331,False,"npv,leak_rate,leak_abs"
28983,0.8796054628224582,0.934858365248594,1888,0.5086206896551724,0.7738135687865617,False,"npv,leak_rate,leak_abs"
28985,0.8796661608497723,0.9348283594962912,1889,0.5088900862068966,0.7741793798326232,False,"npv,leak_rate,leak_abs"
28993,0.8799089529590288,0.9348118511364812,1890,0.5091594827586207,0.7743163992309172,False,"npv,leak_rate,leak_abs"
28994,0.8799393019726859,0.9347796095743947,1891,0.5094288793103449,0.7758304902577785,False,"npv,leak_rate,leak_abs"
28995,0.8799696509863429,0.9347473702362477,1892,0.509698275862069,0.7765041327937198,False,"npv,leak_rate,leak_abs"
29002,0.8801820940819424,0.9347631197848424,1892,0.509698275862069,0.7770458537596577,False,"npv,leak_rate,leak_abs"
29003,0.8802124430955994,0.9347308899079405,1893,0.5099676724137931,0.7774591724247613,False,"npv,leak_rate,leak_abs"
29004,0.8802427921092565,0.9347331402565163,1893,0.5099676724137931,0.7775310241109132,False,"npv,leak_rate,leak_abs"
29008,0.8803641881638846,0.934707666850524,1894,0.5102370689655172,0.7787785793680871,False,"npv,leak_rate,leak_abs"
29009,0.8803945371775417,0.9347099176117757,1894,0.5102370689655172,0.7791426490385043,False,"npv,leak_rate,leak_abs"
29010,0.8804248861911987,0.934712168217856,1894,0.5102370689655172,0.779416442118072,False,"npv,leak_rate,leak_abs"
29011,0.8804552352048558,0.9347144186687808,1894,0.5102370689655172,0.7794737128744094,False,"npv,leak_rate,leak_abs"
29012,0.8804855842185129,0.9346822004687716,1895,0.5105064655172413,0.780320874706257,False,"npv,leak_rate,leak_abs"
29013,0.8805159332321699,0.9346844517974701,1895,0.5105064655172413,0.7806060154424554,False,"npv,leak_rate,leak_abs"
29016,0.8806069802731411,0.9346912048524951,1895,0.5105064655172413,0.7807019726289454,False,"npv,leak_rate,leak_abs"
29020,0.8807283763277693,0.9347002067539628,1895,0.5105064655172413,0.7807764892163062,False,"npv,leak_rate,leak_abs"
29022,0.8807890743550835,0.9346702501550548,1896,0.5107758620689655,0.7809846556503854,False,"npv,leak_rate,leak_abs"
29037,0.8812443095599393,0.9345318042497504,1901,0.5121228448275862,0.781153236991784,False,"npv,leak_rate,leak_abs"
29075,0.8823975720789075,0.9341358555460018,1915,0.5158943965517241,0.7814501259305068,False,"npv,leak_rate,leak_abs"
29076,0.8824279210925645,0.9341381207869033,1915,0.5158943965517241,0.7815573704088181,False,"npv,leak_rate,leak_abs"
29078,0.8824886191198786,0.9340738702799367,1917,0.5164331896551724,0.7815595448674206,False,"npv,leak_rate,leak_abs"
29079,0.8825189681335357,0.934041748340727,1918,0.5167025862068966,0.781703010994825,False,"npv,leak_rate,leak_abs"
29080,0.8825493171471928,0.9340440165061898,1918,0.5167025862068966,0.7821847112872806,False,"npv,leak_rate,leak_abs"
29081,0.8825796661608498,0.934011897802689,1919,0.5169719827586207,0.7839084294252837,False,"npv,leak_rate,leak_abs"
29087,0.8827617602427921,0.9340255096778629,1919,0.5169719827586207,0.784219448084811,False,"npv,leak_rate,leak_abs"
29088,0.8827921092564491,0.9340277777777778,1919,0.5169719827586207,0.7843202221334722,False,"npv,leak_rate,leak_abs"
29092,0.8829135053110774,0.9339681011962051,1921,0.517510775862069,0.7843959406593392,False,"npv,leak_rate,leak_abs"
29094,0.8829742033383915,0.9339726404069567,1921,0.517510775862069,0.7844928957379701,False,"npv,leak_rate,leak_abs"
29095,0.8830045523520486,0.9339749097783124,1921,0.517510775862069,0.7845126634187607,False,"npv,leak_rate,leak_abs"
29097,0.8830652503793627,0.9339794480530639,1921,0.517510775862069,0.7851422229453576,False,"npv,leak_rate,leak_abs"
29143,0.8844613050075872,0.9336718937652266,1933,0.5207435344827587,0.7865313053038199,False,"npv,leak_rate,leak_abs"
29187,0.8857966616084977,0.9332922191386577,1947,0.5245150862068966,0.7866691643295642,False,"npv,leak_rate,leak_abs"
29193,0.88597875569044,0.9332374199294351,1949,0.5250538793103449,0.7869938796247404,False,"npv,leak_rate,leak_abs"
29200,0.8861911987860395,0.9331849315068493,1951,0.5255926724137931,0.7871309864349981,False,"npv,leak_rate,leak_abs"
29202,0.8862518968133536,0.9331552633381275,1952,0.5258620689655172,0.787151381484044,False,"npv,leak_rate,leak_abs"
29221,0.8868285280728376,0.9329591731973581,1959,0.5277478448275862,0.7872333758936715,False,"npv,leak_rate,leak_abs"
29238,0.8873444613050075,0.9327929406936178,1965,0.529364224137931,0.7872454231532323,False,"npv,leak_rate,leak_abs"
29239,0.8873748103186646,0.932795239235268,1965,0.529364224137931,0.7873484598348175,False,"npv,leak_rate,leak_abs"
29283,0.8887101669195752,0.9322815285319127,1983,0.5342133620689655,0.7877496957288695,False,"npv,leak_rate,leak_abs"
29285,0.8887708649468892,0.9322520061464914,1984,0.5344827586206896,0.7879927124417072,False,"npv,leak_rate,leak_abs"
29287,0.8888315629742033,0.9321883429507973,1986,0.5350215517241379,0.7888750352641987,False,"npv,leak_rate,leak_abs"
29319,0.8898027314112291,0.9318871721409325,1997,0.5379849137931034,0.788952525953724,False,"npv,leak_rate,leak_abs"
29321,0.8898634294385432,0.9318236076532178,1999,0.5385237068965517,0.7895678866447471,False,"npv,leak_rate,leak_abs"
29323,0.8899241274658574,0.9318282576816833,1999,0.5385237068965517,0.789868805372624,False,"npv,leak_rate,leak_abs"
29325,0.8899848254931715,0.9317988064791134,2000,0.5387931034482759,0.7898996478489557,False,"npv,leak_rate,leak_abs"
29326,0.8900151745068285,0.9318011321012071,2000,0.5387931034482759,0.7904562802293061,False,"npv,leak_rate,leak_abs"
29327,0.8900455235204856,0.9317693592934838,2001,0.5390625,0.7913131037044646,False,"npv,leak_rate,leak_abs"
29329,0.8901062215477997,0.9317058201779809,2003,0.5396012931034483,0.7914388656607804,False,"npv,leak_rate,leak_abs"
29366,0.8912291350531107,0.9312470203636859,2019,0.5439116379310345,0.7915168199408837,False,"npv,leak_rate,leak_abs"
29370,0.891350531107739,0.9312563840653728,2019,0.5439116379310345,0.7917458903794674,False,"npv,leak_rate,leak_abs"
29372,0.8914112291350531,0.9312270189295928,2020,0.5441810344827587,0.7919189485638648,False,"npv,leak_rate,leak_abs"
29373,0.8914415781487102,0.9311953154257311,2021,0.5444504310344828,0.7919355981646596,False,"npv,leak_rate,leak_abs"
29392,0.8920182094081942,0.9310356559608056,2027,0.5460668103448276,0.7920212496902316,False,"npv,leak_rate,leak_abs"
29399,0.8922306525037936,0.9308479880268037,2033,0.5476831896551724,0.7925035005221915,False,"npv,leak_rate,leak_abs"
29407,0.8924734446130501,0.9307987894038834,2035,0.5482219827586207,0.7925457726430176,False,"npv,leak_rate,leak_abs"
29408,0.8925037936267072,0.9308011425462459,2035,0.5482219827586207,0.7929017723713025,False,"npv,leak_rate,leak_abs"
29409,0.8925341426403642,0.9308034955285797,2035,0.5482219827586207,0.7929456704568184,False,"npv,leak_rate,leak_abs"
29411,0.8925948406676782,0.9307401992451804,2037,0.548760775862069,0.7929780372748395,False,"npv,leak_rate,leak_abs"
29414,0.8926858877086494,0.9306792683756034,2039,0.5492995689655172,0.7932749915295606,False,"npv,leak_rate,leak_abs"
29451,0.8938088012139606,0.9304268106346134,2049,0.5519935344827587,0.7935275958750775,False,"npv,leak_rate,leak_abs"
29456,0.8939605462822459,0.9303707224334601,2051,0.5525323275862069,0.7936598778320613,False,"npv,leak_rate,leak_abs"
29457,0.8939908952959029,0.9303730861934345,2051,0.5525323275862069,0.7937202652703566,False,"npv,leak_rate,leak_abs"
29460,0.8940819423368741,0.9303462321792261,2052,0.552801724137931,0.7941207843595941,False,"npv,leak_rate,leak_abs"
29470,0.8943854324734446,0.9301323379708177,2059,0.5546875,0.7941314638975847,False,"npv,leak_rate,leak_abs"
29471,0.8944157814871017,0.9301347086966849,2059,0.5546875,0.7943455430396875,False,"npv,leak_rate,leak_abs"
29504,0.8954172989377845,0.929840021691974,2070,0.5576508620689655,0.7945510339155178,False,"npv,leak_rate,leak_abs"
29518,0.8958421851289833,0.9295683989430178,2079,0.5600754310344828,0.7949948800013338,False,"npv,leak_rate,leak_abs"
29520,0.8959028831562974,0.9295054200542006,2081,0.560614224137931,0.7954491403141345,False,"npv,leak_rate,leak_abs"
29525,0.8960546282245827,0.929415749364945,2084,0.5614224137931034,0.7955230481449013,False,"npv,leak_rate,leak_abs"
29530,0.896206373292868,0.9293599729089062,2086,0.5619612068965517,0.7958612579096674,False,"npv,leak_rate,leak_abs"
29533,0.8962974203338392,0.9292994277587783,2088,0.5625,0.7960474225582482,False,"npv,leak_rate,leak_abs"
29536,0.8963884673748104,0.929238894907909,2090,0.5630387931034483,0.7962958635770607,False,"npv,leak_rate,leak_abs"
29539,0.8964795144157814,0.9292460814516402,2090,0.5630387931034483,0.7966313124742083,False,"npv,leak_rate,leak_abs"
29540,0.8965098634294385,0.9292484766418416,2090,0.5630387931034483,0.7967310559207909,False,"npv,leak_rate,leak_abs"
29550,0.8968133535660091,0.92917089678511,2093,0.5638469827586207,0.796733803470455,False,"npv,leak_rate,leak_abs"
29552,0.8968740515933232,0.9291418516513265,2094,0.5641163793103449,0.7967644719993364,False,"npv,leak_rate,leak_abs"
29555,0.8969650986342944,0.9290475384875656,2097,0.5649245689655172,0.7970950699301754,False,"npv,leak_rate,leak_abs"
29556,0.8969954476479515,0.9290499390986602,2097,0.5649245689655172,0.7972429384486376,False,"npv,leak_rate,leak_abs"
29600,0.8983308042488619,0.92875,2109,0.5681573275862069,0.7976733944424138,False,"npv,leak_rate,leak_abs"
29602,0.898391502276176,0.9286872508614283,2111,0.5686961206896551,0.7981438766740253,False,"npv,leak_rate,leak_abs"
29606,0.8985128983308043,0.9286631088292914,2112,0.5689655172413793,0.798418649014289,False,"npv,leak_rate,leak_abs"
29615,0.8987860394537177,0.9285497214249536,2116,0.5700431034482759,0.7988939351487145,False,"npv,leak_rate,leak_abs"
29622,0.8989984825493171,0.9283978124367025,2121,0.5713900862068966,0.7996467177913974,False,"npv,leak_rate,leak_abs"
29671,0.9004855842185129,0.9280105153179873,2136,0.5754310344827587,0.7998041343068238,False,"npv,leak_rate,leak_abs"
29673,0.900546282245827,0.9280153675058134,2136,0.5754310344827587,0.8001214310446667,False,"npv,leak_rate,leak_abs"
29685,0.9009104704097117,0.9279770928078154,2138,0.5759698275862069,0.8006932713978857,False,"npv,leak_rate,leak_abs"
29690,0.9010622154779969,0.9278881778376558,2141,0.5767780172413793,0.800873143962649,False,"npv,leak_rate,leak_abs"
29694,0.9011836115326252,0.9278305381558564,2143,0.5773168103448276,0.801489684892419,False,"npv,leak_rate,leak_abs"
29711,0.9016995447647952,0.9277372017098044,2147,0.5783943965517241,0.8015074868596259,False,"npv,leak_rate,leak_abs"
29714,0.9017905918057663,0.9277444975432456,2147,0.5783943965517241,0.8041574917526997,False,"npv,leak_rate,leak_abs"
29716,0.9018512898330804,0.9276820568044152,2149,0.5789331896551724,0.8044166845860731,False,"npv,leak_rate,leak_abs"
29724,0.9020940819423369,0.9276678778091778,2150,0.5792025862068966,0.8047929813086484,False,"npv,leak_rate,leak_abs"
29732,0.9023368740515934,0.9276200726489977,2152,0.5797413793103449,0.8049485597356792,False,"npv,leak_rate,leak_abs"
29737,0.9024886191198787,0.9275649863806033,2154,0.5802801724137931,0.8055479646108313,False,"npv,leak_rate,leak_abs"
29741,0.9026100151745068,0.9275747284892909,2154,0.5802801724137931,0.8056004723481881,False,"npv,leak_rate,leak_abs"
29743,0.9026707132018209,0.9275459772047204,2155,0.5805495689655172,0.8056492728849812,False,"npv,leak_rate,leak_abs"
29750,0.9028831562974203,0.927563025210084,2155,0.5805495689655172,0.8056836570237732,False,"npv,leak_rate,leak_abs"
29751,0.9029135053110774,0.9275654599845383,2155,0.5805495689655172,0.8059399488028307,False,"npv,leak_rate,leak_abs"
29753,0.9029742033383915,0.9275031089301919,2157,0.5810883620689655,0.8061954649249151,False,"npv,leak_rate,leak_abs"
29755,0.9030349013657056,0.9275079818517896,2157,0.5810883620689655,0.8066892523893816,False,"npv,leak_rate,leak_abs"
29759,0.9031562974203339,0.927450519170671,2159,0.5816271551724138,0.8074163733032702,False,"npv,leak_rate,leak_abs"
29760,0.9031866464339909,0.9274193548387096,2160,0.5818965517241379,0.8077816763191072,False,"npv,leak_rate,leak_abs"
29762,0.9032473444613051,0.9274242322424568,2160,0.5818965517241379,0.8081934438794299,False,"npv,leak_rate,leak_abs"
29763,0.9032776934749621,0.9273930719349528,2161,0.5821659482758621,0.8082799651431564,False,"npv,leak_rate,leak_abs"
29766,0.9033687405159332,0.9273331989518242,2163,0.5827047413793104,0.8093007855630794,False,"npv,leak_rate,leak_abs"
29770,0.9034901365705614,0.9272757809875714,2165,0.5832435344827587,0.8097680403620867,False,"npv,leak_rate,leak_abs"
29771,0.9035204855842185,0.9272782237748144,2165,0.5832435344827587,0.8097924260880763,False,"npv,leak_rate,leak_abs"
29778,0.9037329286798179,0.927194573174827,2168,0.584051724137931,0.8106569994483391,False,"npv,leak_rate,leak_abs"
29779,0.903763277693475,0.9271634373216024,2169,0.5843211206896551,0.8111294485651063,False,"npv,leak_rate,leak_abs"
29780,0.903793626707132,0.927165883143049,2169,0.5843211206896551,0.8113000650430559,False,"npv,leak_rate,leak_abs"
29788,0.9040364188163885,0.9270847321068887,2172,0.5851293103448276,0.8113385279544045,False,"npv,leak_rate,leak_abs"
29791,0.9041274658573596,0.9269913732335269,2175,0.5859375,0.8113551291014698,False,"npv,leak_rate,leak_abs"
29792,0.9041578148710167,0.9269938238453276,2175,0.5859375,0.8117893686356302,False,"npv,leak_rate,leak_abs"
29793,0.9041881638846737,0.9269962742926191,2175,0.5859375,0.8118796014557464,False,"npv,leak_rate,leak_abs"
29794,0.9042185128983308,0.926965160770625,2176,0.5862068965517241,0.812319100683659,False,"npv,leak_rate,leak_abs"
29799,0.9043702579666161,0.9269438571764154,2177,0.5864762931034483,0.8126652235413115,False,"npv,leak_rate,leak_abs"
29808,0.9046433990895296,0.9268317230273752,2181,0.5875538793103449,0.8128184822215534,False,"npv,leak_rate,leak_abs"
29811,0.9047344461305008,0.9267719969138909,2183,0.5880926724137931,0.8130662360737652,False,"npv,leak_rate,leak_abs"
29815,0.9048558421851289,0.9267482810665773,2184,0.5883620689655172,0.8131918630869593,False,"npv,leak_rate,leak_abs"
29827,0.9052200303490137,0.926543065008214,2191,0.5902478448275862,0.813469997896031,False,"npv,leak_rate,leak_abs"
29835,0.9054628224582701,0.9264286911345735,2195,0.5913254310344828,0.8134754914469587,False,"npv,leak_rate,leak_abs"
29836,0.9054931714719272,0.9263976404343746,2196,0.5915948275862069,0.8135991049140793,False,"npv,leak_rate,leak_abs"
29837,0.9055235204855843,0.9264001072493884,2196,0.5915948275862069,0.8136358565074929,False,"npv,leak_rate,leak_abs"
29841,0.9056449165402124,0.9263429509734928,2198,0.5921336206896551,0.8146980823562805,False,"npv,leak_rate,leak_abs"
29842,0.9056752655538695,0.9263119093894511,2199,0.5924030172413793,0.814976160779448,False,"npv,leak_rate,leak_abs"
29843,0.9057056145675265,0.9263143785812419,2199,0.5924030172413793,0.8153669997767616,False,"npv,leak_rate,leak_abs"
29857,0.9061305007587254,0.926147971999866,2205,0.5940193965517241,0.8154281542843875,False,"npv,leak_rate,leak_abs"
29860,0.9062215477996965,0.9261553918285331,2205,0.5940193965517241,0.8154551000621366,False,"npv,leak_rate,leak_abs"
29864,0.9063429438543248,0.9260983123493169,2207,0.5945581896551724,0.8156167702567614,False,"npv,leak_rate,leak_abs"
29869,0.90649468892261,0.9260772037898825,2208,0.5948275862068966,0.8157781554259177,False,"npv,leak_rate,leak_abs"
29875,0.9066767830045523,0.9259916317991632,2211,0.595635775862069,0.8158338376265125,False,"npv,leak_rate,leak_abs"
29883,0.9069195751138088,0.9259110531071177,2214,0.5964439655172413,0.8159833344233172,False,"npv,leak_rate,leak_abs"
29886,0.90701062215478,0.9259184902629994,2214,0.5964439655172413,0.8163614401350878,False,"npv,leak_rate,leak_abs"
29906,0.9076176024279211,0.9256002140038788,2225,0.5994073275862069,0.8165046432497799,False,"npv,leak_rate,leak_abs"
29916,0.9079210925644916,0.9255248027811205,2228,0.6002155172413793,0.8166631731580434,False,"npv,leak_rate,leak_abs"
29922,0.908103186646434,0.9254728961967783,2230,0.6007543103448276,0.8168304503182436,False,"npv,leak_rate,leak_abs"
29925,0.9081942336874052,0.9254469507101086,2231,0.6010237068965517,0.816989038016144,False,"npv,leak_rate,leak_abs"
29926,0.9082245827010622,0.9254494419568269,2231,0.6010237068965517,0.8170176210037547,False,"npv,leak_rate,leak_abs"
29928,0.9082852807283763,0.92542101042502,2232,0.6012931034482759,0.8172097948389737,False,"npv,leak_rate,leak_abs"
29935,0.9084977238239758,0.9254384499749457,2232,0.6012931034482759,0.8172248667600233,False,"npv,leak_rate,leak_abs"
29941,0.908679817905918,0.9254533916702848,2232,0.6012931034482759,0.817370144379527,False,"npv,leak_rate,leak_abs"
29942,0.9087101669195751,0.9254558813706499,2232,0.6012931034482759,0.8174017537894558,False,"npv,leak_rate,leak_abs"
29943,0.9087405159332321,0.9254249741174899,2233,0.6015625,0.8175174581141839,False,"npv,leak_rate,leak_abs"
30001,0.9105007587253414,0.9248025065831139,2256,0.6077586206896551,0.8177801245871977,False,"npv,leak_rate,leak_abs"
30004,0.9105918057663126,0.924810025329956,2256,0.6077586206896551,0.8179311718897078,False,"npv,leak_rate,leak_abs"
30005,0.9106221547799697,0.9248125312447926,2256,0.6077586206896551,0.8187315583787876,False,"npv,leak_rate,leak_abs"
30053,0.9120789074355083,0.9242671280737363,2276,0.6131465517241379,0.8188190147850007,False,"npv,leak_rate,leak_abs"
30064,0.912412746585736,0.9241617881852049,2280,0.6142241379310345,0.8188817189461749,False,"npv,leak_rate,leak_abs"
30101,0.913535660091047,0.9237899073120495,2294,0.6179956896551724,0.8191930016252349,False,"npv,leak_rate,leak_abs"
30106,0.9136874051593323,0.9237361323324255,2296,0.6185344827586207,0.8194414153124603,False,"npv,leak_rate,leak_abs"
30108,0.9137481031866465,0.9237411983525973,2296,0.6185344827586207,0.8197353107181995,False,"npv,leak_rate,leak_abs"
30116,0.9139908952959028,0.9236286359410281,2300,0.6196120689655172,0.8198948099875388,False,"npv,leak_rate,leak_abs"
30123,0.9142033383915023,0.9235799887129436,2302,0.6201508620689655,0.8204300271160635,False,"npv,leak_rate,leak_abs"
30163,0.9154172989377846,0.9232171866193681,2316,0.6239224137931034,0.8206998104623312,False,"npv,leak_rate,leak_abs"
30164,0.9154476479514416,0.9231865800291739,2317,0.6241918103448276,0.8211918164875776,False,"npv,leak_rate,leak_abs"
30165,0.9154779969650987,0.9231559754682579,2318,0.6244612068965517,0.8212041710085424,False,"npv,leak_rate,leak_abs"
30207,0.916752655538695,0.9227993511437746,2332,0.6282327586206896,0.8212805430023521,False,"npv,leak_rate,leak_abs"
30218,0.9170864946889226,0.9227281752597789,2335,0.6290409482758621,0.8212887620088266,False,"npv,leak_rate,leak_abs"
30220,0.9171471927162367,0.9227001985440106,2336,0.6293103448275862,0.8218649320307306,False,"npv,leak_rate,leak_abs"
30221,0.9171775417298937,0.9227027563614705,2336,0.6293103448275862,0.8218965106401569,False,"npv,leak_rate,leak_abs"
30228,0.9173899848254932,0.922621410612677,2339,0.6301185344827587,0.8221131348923388,False,"npv,leak_rate,leak_abs"
30229,0.9174203338391502,0.9226239703595884,2339,0.6301185344827587,0.8222196234617571,False,"npv,leak_rate,leak_abs"
30238,0.9176934749620638,0.922580858522389,2341,0.6306573275862069,0.8222247905024773,False,"npv,leak_rate,leak_abs"
30239,0.9177238239757208,0.922583418763848,2341,0.6306573275862069,0.8229925813918008,False,"npv,leak_rate,leak_abs"
30240,0.9177541729893779,0.9225859788359788,2341,0.6306573275862069,0.8230677095094928,False,"npv,leak_rate,leak_abs"
30241,0.917784522003035,0.9225554710492377,2342,0.630926724137931,0.8230729114923349,False,"npv,leak_rate,leak_abs"
30243,0.917845220030349,0.9225275270310485,2343,0.6311961206896551,0.8233243317236731,False,"npv,leak_rate,leak_abs"
30271,0.9186949924127465,0.9222027683261207,2355,0.6344288793103449,0.8240484614585617,False,"npv,leak_rate,leak_abs"
30277,0.9188770864946889,0.9221851570499059,2356,0.634698275862069,0.8242412019034037,False,"npv,leak_rate,leak_abs"
30282,0.9190288315629742,0.9220989366620435,2359,0.6355064655172413,0.8243752616863796,False,"npv,leak_rate,leak_abs"
30289,0.9192412746585736,0.9220839248572089,2360,0.6357758620689655,0.8244699691612162,False,"npv,leak_rate,leak_abs"
30290,0.9192716236722307,0.9220864971937933,2360,0.6357758620689655,0.8248587671252008,False,"npv,leak_rate,leak_abs"
30292,0.9193323216995448,0.9220586293410802,2361,0.6360452586206896,0.8248728690145163,False,"npv,leak_rate,leak_abs"
30296,0.919453717754173,0.9220689199894375,2361,0.6360452586206896,0.8257097868373388,False,"npv,leak_rate,leak_abs"
30297,0.91948406676783,0.9220714922269532,2361,0.6360452586206896,0.826191815303558,False,"npv,leak_rate,leak_abs"
30301,0.9196054628224583,0.922048777268077,2362,0.6363146551724138,0.8263237554687911,False,"npv,leak_rate,leak_abs"
30305,0.9197268588770865,0.9219600725952813,2365,0.6371228448275862,0.8268996471423802,False,"npv,leak_rate,leak_abs"
30306,0.9197572078907436,0.9219626476605293,2365,0.6371228448275862,0.8273306201318622,False,"npv,leak_rate,leak_abs"
30308,0.9198179059180577,0.9219677972812459,2365,0.6371228448275862,0.8275952938613502,False,"npv,leak_rate,leak_abs"
30312,0.9199393019726859,0.9219121140142518,2367,0.6376616379310345,0.8295521461912857,False,"npv,leak_rate,leak_abs"
30314,0.92,0.9219172659497262,2367,0.6376616379310345,0.830166376480719,False,"npv,leak_rate,leak_abs"
30315,0.9200303490136571,0.9219198416625433,2367,0.6376616379310345,0.830514089346075,False,"npv,leak_rate,leak_abs"
30318,0.9201213960546282,0.921927567781516,2367,0.6376616379310345,0.8312485552921213,False,"npv,leak_rate,leak_abs"
30320,0.9201820940819423,0.9218997361477572,2368,0.6379310344827587,0.8313206967657142,False,"npv,leak_rate,leak_abs"
30338,0.9207283763277694,0.9217153404970664,2375,0.6398168103448276,0.8313291585741113,False,"npv,leak_rate,leak_abs"
30349,0.9210622154779969,0.9216119147253616,2379,0.6408943965517241,0.8317813428663711,False,"npv,leak_rate,leak_abs"
30351,0.9211229135053111,0.9215511844749761,2381,0.6414331896551724,0.8320995013897097,False,"npv,leak_rate,leak_abs"
30355,0.9212443095599393,0.9215285784878933,2382,0.6417025862068966,0.8321496873545533,False,"npv,leak_rate,leak_abs"
30360,0.9213960546282246,0.9214756258234519,2384,0.6422413793103449,0.8322634063034399,False,"npv,leak_rate,leak_abs"
30386,0.9221851289833081,0.9212137168432831,2394,0.6449353448275862,0.8335950670162376,False,"npv,leak_rate,leak_abs"
30387,0.9222154779969651,0.9212163096060816,2394,0.6449353448275862,0.8345782901869022,False,"npv,leak_rate,leak_abs"
30396,0.9224886191198786,0.921173838662982,2396,0.6454741379310345,0.8346409389970748,False,"npv,leak_rate,leak_abs"
30397,0.9225189681335356,0.9211764318847254,2396,0.6454741379310345,0.8351310570677709,False,"npv,leak_rate,leak_abs"
30437,0.9237329286798179,0.9206557807931136,2415,0.6505926724137931,0.8356608747921578,False,"npv,leak_rate,leak_abs"
30438,0.923763277693475,0.9206583875418884,2415,0.6505926724137931,0.8358725249622658,False,"npv,leak_rate,leak_abs"
30440,0.9238239757207891,0.9205978975032851,2417,0.6511314655172413,0.8360775464790817,False,"npv,leak_rate,leak_abs"
30441,0.9238543247344462,0.9206005058966525,2417,0.6511314655172413,0.8368262606570614,False,"npv,leak_rate,leak_abs"
30442,0.9238846737481032,0.9206031141186518,2417,0.6511314655172413,0.8370340727577446,False,"npv,leak_rate,leak_abs"
30481,0.9250682852807284,0.920146976805223,2434,0.6557112068965517,0.8374677233929376,False,"npv,leak_rate,leak_abs"
30487,0.9252503793626707,0.9201298914291337,2435,0.6559806034482759,0.837763361006863,False,"npv,leak_rate,leak_abs"
30493,0.9254324734446131,0.9201456071885351,2435,0.6559806034482759,0.8378100985492424,False,"npv,leak_rate,leak_abs"
30496,0.9255235204855842,0.9200878803777545,2437,0.6565193965517241,0.838570089426376,False,"npv,leak_rate,leak_abs"
30506,0.9258270106221548,0.9199829541729496,2441,0.6575969827586207,0.8387221803213711,False,"npv,leak_rate,leak_abs"
30507,0.9258573596358118,0.9199527977185564,2442,0.6578663793103449,0.840082409213413,False,"npv,leak_rate,leak_abs"
30511,0.9259787556904401,0.9199632919275016,2442,0.6578663793103449,0.8408279103924465,False,"npv,leak_rate,leak_abs"
30512,0.9260091047040971,0.9199331410592554,2443,0.658135775862069,0.840846878152959,False,"npv,leak_rate,leak_abs"
30516,0.9261305007587254,0.919845327041552,2446,0.6589439655172413,0.840923653740451,False,"npv,leak_rate,leak_abs"
30517,0.9261608497723824,0.9198151849788643,2447,0.6592133620689655,0.8414133518750899,False,"npv,leak_rate,leak_abs"
30518,0.9261911987860395,0.9198178124385609,2447,0.6592133620689655,0.8415974560410668,False,"npv,leak_rate,leak_abs"
30519,0.9262215477996966,0.9197876732527278,2448,0.6594827586206896,0.8421336224791428,False,"npv,leak_rate,leak_abs"
30520,0.9262518968133535,0.9197903014416776,2448,0.6594827586206896,0.8429265101382316,False,"npv,leak_rate,leak_abs"
30522,0.9263125948406676,0.9197955573029291,2448,0.6594827586206896,0.8431466492306952,False,"npv,leak_rate,leak_abs"
30560,0.9274658573596358,0.9194044502617801,2463,0.6635237068965517,0.8433736489900819,False,"npv,leak_rate,leak_abs"
30567,0.9276783004552352,0.9193901920371642,2464,0.6637931034482759,0.8444328463377825,False,"npv,leak_rate,leak_abs"
30568,0.9277086494688923,0.9193601151531012,2465,0.6640625,0.8451822420593107,False,"npv,leak_rate,leak_abs"
30591,0.9284066767830046,0.9192246085449969,2471,0.6656788793103449,0.845560640743262,False,"npv,leak_rate,leak_abs"
30599,0.928649468892261,0.9190823229517304,2476,0.6670258620689655,0.8459465775241558,False,"npv,leak_rate,leak_abs"
30602,0.9287405159332321,0.9190575779360826,2477,0.6672952586206896,0.846035026531143,False,"npv,leak_rate,leak_abs"
30657,0.9304097116843703,0.9185504126300682,2497,0.6726831896551724,0.8463592172193034,False,"npv,leak_rate,leak_abs"
30658,0.9304400606980273,0.9185530693456847,2497,0.6726831896551724,0.8466684350716592,False,"npv,leak_rate,leak_abs"
30694,0.9315326251896814,0.918257639929628,2509,0.6759159482758621,0.847044751976622,False,"npv,leak_rate,leak_abs"
30695,0.9315629742033384,0.9182603029809415,2509,0.6759159482758621,0.8470649199057112,False,"npv,leak_rate,leak_abs"
30696,0.9315933232169954,0.9182303883242117,2510,0.6761853448275862,0.8470862390553996,False,"npv,leak_rate,leak_abs"
30698,0.9316540212443095,0.9181705648576455,2512,0.6767241379310345,0.8479912742481829,False,"npv,leak_rate,leak_abs"
30699,0.9316843702579666,0.9181406560474282,2513,0.6769935344827587,0.8481811134816586,False,"npv,leak_rate,leak_abs"
30701,0.9317450682852807,0.9180808442721735,2515,0.6775323275862069,0.8518388705973021,False,"npv,leak_rate,leak_abs"
30705,0.9318664643399089,0.9180589480540629,2516,0.677801724137931,0.8520734695121365,False,"npv,leak_rate,leak_abs"
30707,0.9319271623672231,0.9180642850164458,2516,0.677801724137931,0.8521734105692618,False,"npv,leak_rate,leak_abs"
30708,0.9319575113808801,0.9180343884329817,2517,0.6780711206896551,0.8526096166946048,False,"npv,leak_rate,leak_abs"
30709,0.9319878603945372,0.9180370575401348,2517,0.6780711206896551,0.85262778554427,False,"npv,leak_rate,leak_abs"
30715,0.9321699544764795,0.9179553963861306,2520,0.6788793103448276,0.8526915449043174,False,"npv,leak_rate,leak_abs"
30716,0.9322003034901366,0.9179580674567,2520,0.6788793103448276,0.8530426357967759,False,"npv,leak_rate,leak_abs"
30722,0.9323823975720789,0.9178764403359156,2523,0.6796875,0.8532814561889318,False,"npv,leak_rate,leak_abs"
30726,0.9325037936267071,0.9178220399661524,2525,0.6802262931034483,0.8535429603584519,False,"npv,leak_rate,leak_abs"
30730,0.9326251896813353,0.9177676537585422,2527,0.6807650862068966,0.853980188340092,False,"npv,leak_rate,leak_abs"
30731,0.9326555386949924,0.9177377892030848,2528,0.6810344827586207,0.8543965772041359,False,"npv,leak_rate,leak_abs"
30732,0.9326858877086495,0.9177404659638162,2528,0.6810344827586207,0.854429945212034,False,"npv,leak_rate,leak_abs"
30733,0.9327162367223065,0.917743142550353,2528,0.6810344827586207,0.8545251490618704,False,"npv,leak_rate,leak_abs"
30735,0.9327769347496206,0.9177484952009111,2528,0.6810344827586207,0.8548783803698797,False,"npv,leak_rate,leak_abs"
30736,0.9328072837632777,0.9177186361270172,2529,0.6813038793103449,0.8553184331826191,False,"npv,leak_rate,leak_abs"
30739,0.9328983308042489,0.917726666449787,2529,0.6813038793103449,0.8557781199660205,False,"npv,leak_rate,leak_abs"
30742,0.9329893778452201,0.917669637629302,2531,0.6818426724137931,0.8560533150534744,False,"npv,leak_rate,leak_abs"
30743,0.9330197268588771,0.9176397879192011,2532,0.6821120689655172,0.8562207710146886,False,"npv,leak_rate,leak_abs"
30744,0.9330500758725342,0.9176424668227947,2532,0.6821120689655172,0.8567467425569127,False,"npv,leak_rate,leak_abs"
30748,0.9331714719271623,0.9175230909327436,2536,0.6831896551724138,0.8570379243939804,False,"npv,leak_rate,leak_abs"
30749,0.9332018209408194,0.9175257731958762,2536,0.6831896551724138,0.8572393875273894,False,"npv,leak_rate,leak_abs"
30750,0.9332321699544764,0.9174959349593496,2537,0.6834590517241379,0.8575324314527709,False,"npv,leak_rate,leak_abs"
30752,0.9332928679817906,0.9175013007284079,2537,0.6834590517241379,0.8575685156252346,False,"npv,leak_rate,leak_abs"
30767,0.9337481031866465,0.9171839958396983,2548,0.6864224137931034,0.85814748812794,False,"npv,leak_rate,leak_abs"
30773,0.9339301972685887,0.9170701589055341,2552,0.6875,0.8585913929427228,False,"npv,leak_rate,leak_abs"
30776,0.9340212443095599,0.9170457499350143,2553,0.6877693965517241,0.8594119555220944,False,"npv,leak_rate,leak_abs"
30779,0.9341122913505311,0.9169888560382079,2555,0.6883081896551724,0.8594845432852803,False,"npv,leak_rate,leak_abs"
30785,0.9342943854324735,0.9168751015104759,2559,0.689385775862069,0.8595020342246489,False,"npv,leak_rate,leak_abs"
30803,0.9348406676783004,0.9165990325617634,2569,0.6920797413793104,0.8596921859778579,False,"npv,leak_rate,leak_abs"
30804,0.9348710166919575,0.9166017400337618,2569,0.6920797413793104,0.8597117344598384,False,"npv,leak_rate,leak_abs"
30809,0.9350227617602428,0.9165503586614301,2571,0.6926185344827587,0.8599149752241267,False,"npv,leak_rate,leak_abs"
30810,0.9350531107738999,0.9165530671859786,2571,0.6926185344827587,0.8605233703716095,False,"npv,leak_rate,leak_abs"
30813,0.935144157814871,0.9164638302015383,2574,0.693426724137931,0.8606745292013298,False,"npv,leak_rate,leak_abs"
30814,0.9351745068285281,0.916434088401376,2575,0.6936961206896551,0.8609546424784681,False,"npv,leak_rate,leak_abs"
30819,0.9353262518968134,0.9164151984165612,2576,0.6939655172413793,0.8613805852715042,False,"npv,leak_rate,leak_abs"
30931,0.9387253414264036,0.915069024603149,2627,0.7077047413793104,0.8622646173707397,False,"npv,leak_rate,leak_abs"
30932,0.9387556904400607,0.9150394413552309,2628,0.7079741379310345,0.8623279699607102,False,"npv,leak_rate,leak_abs"
30933,0.9387860394537177,0.9150421879546116,2628,0.7079741379310345,0.8624428556910168,False,"npv,leak_rate,leak_abs"
30935,0.9388467374810319,0.9150476806206562,2628,0.7079741379310345,0.8624721049446412,False,"npv,leak_rate,leak_abs"
30943,0.9390895295902884,0.9150050092104838,2630,0.7085129310344828,0.8630335340535521,False,"npv,leak_rate,leak_abs"
30944,0.9391198786039454,0.9149754395036195,2631,0.7087823275862069,0.8632554749117879,False,"npv,leak_rate,leak_abs"
30947,0.9392109256449166,0.9149190551588199,2633,0.7093211206896551,0.8633402516882689,False,"npv,leak_rate,leak_abs"
30948,0.9392412746585735,0.9149218043169187,2633,0.7093211206896551,0.8636976496470402,False,"npv,leak_rate,leak_abs"
30965,0.9397572078907436,0.914807040206685,2638,0.7106681034482759,0.8637245279117398,False,"npv,leak_rate,leak_abs"
30967,0.9398179059180577,0.9147802499434883,2639,0.7109375,0.8641126278401119,False,"npv,leak_rate,leak_abs"
30968,0.9398482549317148,0.9147507104107466,2640,0.7112068965517241,0.8641907011935982,False,"npv,leak_rate,leak_abs"
30969,0.9398786039453718,0.9147211727856889,2641,0.7114762931034483,0.864695574793776,False,"npv,leak_rate,leak_abs"
30970,0.9399089529590289,0.9146916370681305,2642,0.7117456896551724,0.8649094537075358,False,"npv,leak_rate,leak_abs"
30971,0.9399393019726859,0.914694391527558,2642,0.7117456896551724,0.8649445803374747,False,"npv,leak_rate,leak_abs"
31068,0.9428831562974204,0.9135766705291618,2685,0.7233297413793104,0.8651331478523424,False,"npv,leak_rate,leak_abs"
31069,0.9429135053110774,0.913547265763301,2686,0.7235991379310345,0.8655159664453445,False,"npv,leak_rate,leak_abs"
31070,0.9429438543247345,0.9135178628902478,2687,0.7238685344827587,0.8655498066181501,False,"npv,leak_rate,leak_abs"
31086,0.9434294385432473,0.9133371935919706,2694,0.7257543103448276,0.8656110223660723,False,"npv,leak_rate,leak_abs"
31087,0.9434597875569044,0.9133078135555055,2695,0.7260237068965517,0.8657696263294055,False,"npv,leak_rate,leak_abs"
31206,0.9470713201820941,0.9120361468948279,2745,0.7394935344827587,0.866141144992168,False,"npv,leak_rate,leak_abs"
31217,0.9474051593323217,0.9119069737642951,2750,0.7408405172413793,0.8663492543342289,False,"npv,leak_rate,leak_abs"
31326,0.9507132018209408,0.9106812232650194,2798,0.7537715517241379,0.8664228564874578,False,"npv,leak_rate,leak_abs"
31434,0.9539908952959029,0.90958834383152,2842,0.765625,0.8667728523986178,False,"npv,leak_rate,leak_abs"
31435,0.9540212443095599,0.9095594083028471,2843,0.7658943965517241,0.8668611113124294,False,"npv,leak_rate,leak_abs"
31436,0.954051593323217,0.9095622852780252,2843,0.7658943965517241,0.8673675015149303,False,"npv,leak_rate,leak_abs"
31437,0.954081942336874,0.9095333524191239,2844,0.7661637931034483,0.8675712254384469,False,"npv,leak_rate,leak_abs"
31438,0.9541122913505311,0.9095044214008525,2845,0.7664331896551724,0.8677388652608731,False,"npv,leak_rate,leak_abs"
31460,0.9547799696509863,0.9090591226954863,2861,0.7707435344827587,0.8678114437401139,False,"npv,leak_rate,leak_abs"
31461,0.9548103186646434,0.909062013286291,2861,0.7707435344827587,0.8692482143653806,False,"npv,leak_rate,leak_abs"
31462,0.9548406676783004,0.9090649036933444,2861,0.7707435344827587,0.8692782848079402,False,"npv,leak_rate,leak_abs"
31464,0.9549013657056146,0.9090389016018307,2862,0.7710129310344828,0.8696227143376709,False,"npv,leak_rate,leak_abs"
31466,0.9549620637329287,0.9090446831500667,2862,0.7710129310344828,0.8696899815030991,False,"npv,leak_rate,leak_abs"
31468,0.9550227617602428,0.9090186856489132,2863,0.7712823275862069,0.8697673263773137,False,"npv,leak_rate,leak_abs"
31469,0.9550531107738999,0.9089897994852076,2864,0.771551724137931,0.8698399909959875,False,"npv,leak_rate,leak_abs"
31471,0.955113808801214,0.9089955832353596,2864,0.771551724137931,0.8701440138217956,False,"npv,leak_rate,leak_abs"
31476,0.9552655538694993,0.9089782691574533,2865,0.7718211206896551,0.8703216609998979,False,"npv,leak_rate,leak_abs"
31484,0.9555083459787557,0.9089061110405285,2868,0.7726293103448276,0.870402109333099,False,"npv,leak_rate,leak_abs"
31501,0.9560242792109257,0.9087648011174249,2874,0.7742456896551724,0.8704421104333143,False,"npv,leak_rate,leak_abs"
31505,0.9561456752655538,0.908712902713855,2876,0.7747844827586207,0.8707767794757098,False,"npv,leak_rate,leak_abs"
31507,0.956206373292868,0.9087186974323166,2876,0.7747844827586207,0.870880742564473,False,"npv,leak_rate,leak_abs"
31509,0.9562670713201821,0.9086927544511092,2877,0.7750538793103449,0.871091057533222,False,"npv,leak_rate,leak_abs"
31511,0.9563277693474962,0.9086668147630986,2878,0.775323275862069,0.8711343566740538,False,"npv,leak_rate,leak_abs"
31512,0.9563581183611533,0.9086697131251587,2878,0.775323275862069,0.8721224168271624,False,"npv,leak_rate,leak_abs"
31526,0.9567830045523521,0.9085199517858276,2884,0.7769396551724138,0.8722730792987385,False,"npv,leak_rate,leak_abs"
31533,0.9569954476479514,0.9084134081755622,2888,0.7780172413793104,0.8722736901282377,False,"npv,leak_rate,leak_abs"
31534,0.9570257966616085,0.9084163125515317,2888,0.7780172413793104,0.8723914124370323,False,"npv,leak_rate,leak_abs"
31535,0.9570561456752655,0.9083875059457746,2889,0.7782866379310345,0.8724957430004625,False,"npv,leak_rate,leak_abs"
31536,0.9570864946889226,0.9083904109589042,2889,0.7782866379310345,0.8729847852058705,False,"npv,leak_rate,leak_abs"
31537,0.9571168437025797,0.9083616070013001,2890,0.7785560344827587,0.8739486812298427,False,"npv,leak_rate,leak_abs"
31538,0.9571471927162367,0.9083645126514046,2890,0.7785560344827587,0.8740018497989772,False,"npv,leak_rate,leak_abs"
31540,0.9572078907435508,0.9083386176284084,2891,0.7788254310344828,0.8743183117257646,False,"npv,leak_rate,leak_abs"
31541,0.9572382397572079,0.9083098189657905,2892,0.7790948275862069,0.8747082969234171,False,"npv,leak_rate,leak_abs"
31552,0.9575720789074355,0.9082467038539553,2895,0.7799030172413793,0.874766017838912,False,"npv,leak_rate,leak_abs"
31553,0.9576024279210925,0.908249611764333,2895,0.7799030172413793,0.8748224660927207,False,"npv,leak_rate,leak_abs"
31555,0.9576631259484066,0.9081920456346062,2897,0.7804418103448276,0.8749818063969255,False,"npv,leak_rate,leak_abs"
31557,0.9577238239757208,0.9081661754919669,2898,0.7807112068965517,0.8750730591053878,False,"npv,leak_rate,leak_abs"
31558,0.9577541729893778,0.9081373978072121,2899,0.7809806034482759,0.8752602460387363,False,"npv,leak_rate,leak_abs"
31559,0.9577845220030349,0.908108621946196,2900,0.78125,0.8753746000959557,False,"npv,leak_rate,leak_abs"
31561,0.957845220030349,0.9081144450429327,2900,0.78125,0.8754557272304342,False,"npv,leak_rate,leak_abs"
31590,0.9587253414264036,0.9076289965178854,2918,0.7860991379310345,0.8756043820538175,False,"npv,leak_rate,leak_abs"
31607,0.9592412746585736,0.9072990160407505,2930,0.7893318965517241,0.8759216822064069,False,"npv,leak_rate,leak_abs"
31610,0.9593323216995447,0.9072761784245492,2931,0.7896012931034483,0.8765763263328757,False,"npv,leak_rate,leak_abs"
31611,0.9593626707132018,0.9072474771440321,2932,0.7898706896551724,0.8775611479925064,False,"npv,leak_rate,leak_abs"
31615,0.95948406676783,0.9071959512889451,2934,0.7904094827586207,0.8781125326292892,False,"npv,leak_rate,leak_abs"
31616,0.9595144157814871,0.9071672570850202,2935,0.7906788793103449,0.8782191761129551,False,"npv,leak_rate,leak_abs"
31618,0.9595751138088012,0.9071415016762604,2936,0.790948275862069,0.8783107373295154,False,"npv,leak_rate,leak_abs"
31620,0.9596358118361153,0.9071157495256167,2937,0.7912176724137931,0.8788311671930699,False,"npv,leak_rate,leak_abs"
31647,0.9604552352048559,0.9067526147818119,2951,0.794989224137931,0.8789398949081059,False,"npv,leak_rate,leak_abs"
31650,0.960546282245827,0.9067298578199052,2952,0.7952586206896551,0.8790000697692697,False,"npv,leak_rate,leak_abs"
31653,0.9606373292867981,0.906675512589644,2954,0.7957974137931034,0.8791186839587511,False,"npv,leak_rate,leak_abs"
31654,0.9606676783004552,0.9066784608580274,2954,0.7957974137931034,0.8792420080153315,False,"npv,leak_rate,leak_abs"
31655,0.9606980273141122,0.9066498183541305,2955,0.7960668103448276,0.879428912877764,False,"npv,leak_rate,leak_abs"
31663,0.9609408194233687,0.9065470738717114,2959,0.7971443965517241,0.8797196786967527,False,"npv,leak_rate,leak_abs"
31682,0.9615174506828528,0.9063506091787135,2967,0.7992995689655172,0.8797230770573025,False,"npv,leak_rate,leak_abs"
31684,0.9615781487101669,0.9062933972983209,2969,0.7998383620689655,0.8800644594572408,False,"npv,leak_rate,leak_abs"
31707,0.9622761760242792,0.9059513672059798,2982,0.8033405172413793,0.8804578812623476,False,"npv,leak_rate,leak_abs"
31708,0.9623065250379362,0.9059543332912829,2982,0.8033405172413793,0.8806043619248908,False,"npv,leak_rate,leak_abs"
31709,0.9623368740515933,0.9059257624018417,2983,0.8036099137931034,0.8814838852352719,False,"npv,leak_rate,leak_abs"
31728,0.9629135053110774,0.9056354009077155,2994,0.806573275862069,0.8822995162809404,False,"npv,leak_rate,leak_abs"
31730,0.9629742033383915,0.905641348881185,2994,0.806573275862069,0.8824571483420013,False,"npv,leak_rate,leak_abs"
31734,0.9630955993930197,0.9055902186928846,2996,0.8071120689655172,0.8829088855779834,False,"npv,leak_rate,leak_abs"
31736,0.9631562974203338,0.9055331484749181,2998,0.8076508620689655,0.8836121141647008,False,"npv,leak_rate,leak_abs"
31737,0.9631866464339909,0.9055361250275703,2998,0.8076508620689655,0.8837856992947757,False,"npv,leak_rate,leak_abs"
31738,0.9632169954476479,0.9055075934211355,2999,0.8079202586206896,0.8844913250520204,False,"npv,leak_rate,leak_abs"
31739,0.963247344461305,0.905510570591386,2999,0.8079202586206896,0.8845041133978008,False,"npv,leak_rate,leak_abs"
31740,0.9632776934749621,0.905513547574039,2999,0.8079202586206896,0.884830417991861,False,"npv,leak_rate,leak_abs"
31760,0.9638846737481032,0.9052267002518891,3010,0.8108836206896551,0.8849348477388067,False,"npv,leak_rate,leak_abs"
31761,0.9639150227617602,0.9052296842038978,3010,0.8108836206896551,0.8849449202748471,False,"npv,leak_rate,leak_abs"
31763,0.9639757207890743,0.9052356515442496,3010,0.8108836206896551,0.8849714764193353,False,"npv,leak_rate,leak_abs"
31767,0.9640971168437026,0.9052475839707873,3010,0.8108836206896551,0.8850058213881971,False,"npv,leak_rate,leak_abs"
31769,0.9641578148710167,0.9052220718310302,3011,0.8111530172413793,0.8850312828992936,False,"npv,leak_rate,leak_abs"
31777,0.9644006069802732,0.9050885860842748,3016,0.8125,0.8852160625806887,False,"npv,leak_rate,leak_abs"
31778,0.9644309559939303,0.9050915727862043,3016,0.8125,0.8853527251119728,False,"npv,leak_rate,leak_abs"
31779,0.9644613050075872,0.9050945593001668,3016,0.8125,0.886181457258097,False,"npv,leak_rate,leak_abs"
31782,0.9645523520485584,0.9050720533635391,3017,0.8127693965517241,0.8865075881408107,False,"npv,leak_rate,leak_abs"
31783,0.9645827010622154,0.9050435767548689,3018,0.8130387931034483,0.8867752141448928,False,"npv,leak_rate,leak_abs"
31784,0.9646130500758725,0.9050465643090864,3018,0.8130387931034483,0.8867781686329,False,"npv,leak_rate,leak_abs"
31785,0.9646433990895296,0.9050495516753185,3018,0.8130387931034483,0.8881125887249769,False,"npv,leak_rate,leak_abs"
31786,0.9646737481031866,0.905021078462216,3019,0.8133081896551724,0.8882379341933393,False,"npv,leak_rate,leak_abs"
31793,0.964886191198786,0.9049161765168433,3023,0.814385775862069,0.888809305512831,False,"npv,leak_rate,leak_abs"
31795,0.9649468892261002,0.9049221575719453,3023,0.814385775862069,0.8888821914040451,False,"npv,leak_rate,leak_abs"
31825,0.9658573596358119,0.9045718774548311,3037,0.8181573275862069,0.8888872483466201,False,"npv,leak_rate,leak_abs"
31826,0.9658877086494689,0.9045748758876391,3037,0.8181573275862069,0.8892297371842303,False,"npv,leak_rate,leak_abs"
31827,0.965918057663126,0.9045464542683884,3038,0.818426724137931,0.8893099895096714,False,"npv,leak_rate,leak_abs"
31828,0.9659484066767831,0.9045180344350886,3039,0.8186961206896551,0.8895690744956908,False,"npv,leak_rate,leak_abs"
31831,0.9660394537177541,0.9044642015645126,3041,0.8192349137931034,0.8896132407815444,False,"npv,leak_rate,leak_abs"
31832,0.9660698027314112,0.9044357878864037,3042,0.8195043103448276,0.8897681678746632,False,"npv,leak_rate,leak_abs"
31835,0.9661608497723824,0.9043819695303911,3044,0.8200431034482759,0.8901378518235307,False,"npv,leak_rate,leak_abs"
31837,0.9662215477996965,0.9043565662593838,3045,0.8203125,0.8902340490980541,False,"npv,leak_rate,leak_abs"
31846,0.96649468892261,0.9042579915845004,3049,0.8213900862068966,0.8906378354924177,False,"npv,leak_rate,leak_abs"
31847,0.9665250379362671,0.9042295977643106,3050,0.8216594827586207,0.8907886054773906,False,"npv,leak_rate,leak_abs"
31850,0.9666160849772383,0.9042072213500785,3051,0.8219288793103449,0.8908227713050307,False,"npv,leak_rate,leak_abs"
31852,0.9666767830045524,0.9041818410146929,3052,0.822198275862069,0.8909620931917647,False,"npv,leak_rate,leak_abs"
31854,0.9667374810318665,0.9041564638663904,3053,0.8224676724137931,0.8910716183128032,False,"npv,leak_rate,leak_abs"
31855,0.9667678300455235,0.90412808036415,3054,0.8227370689655172,0.8913236245671925,False,"npv,leak_rate,leak_abs"
31862,0.9669802731411229,0.9040863724813257,3056,0.8232758620689655,0.8922967783444031,False,"npv,leak_rate,leak_abs"
31868,0.9671623672230653,0.9040102924563825,3059,0.8240840517241379,0.8923262566714465,False,"npv,leak_rate,leak_abs"
31870,0.9672230652503794,0.9039849388139316,3060,0.8243534482758621,0.8927596846599307,False,"npv,leak_rate,leak_abs"
31874,0.9673444613050076,0.9039656146075171,3061,0.8246228448275862,0.8928908450428269,False,"npv,leak_rate,leak_abs"
31880,0.9675265553869499,0.9038582183186951,3065,0.8257004310344828,0.8932845055548571,False,"npv,leak_rate,leak_abs"
31881,0.9675569044006069,0.9038298673190929,3066,0.8259698275862069,0.8936134552835112,False,"npv,leak_rate,leak_abs"
31885,0.9676783004552352,0.9037792065234437,3068,0.8265086206896551,0.8937755927178829,False,"npv,leak_rate,leak_abs"
31911,0.9684673748103186,0.9035442323963524,3078,0.8292025862068966,0.8938372175854289,False,"npv,leak_rate,leak_abs"
31912,0.9684977238239757,0.9035472549511155,3078,0.8292025862068966,0.8940476833743424,False,"npv,leak_rate,leak_abs"
31913,0.9685280728376328,0.9035502773164541,3078,0.8292025862068966,0.8947457781061787,False,"npv,leak_rate,leak_abs"
31914,0.9685584218512898,0.9035532994923858,3078,0.8292025862068966,0.894840546128379,False,"npv,leak_rate,leak_abs"
31915,0.9685887708649469,0.9035563214789284,3078,0.8292025862068966,0.8949254253170966,False,"npv,leak_rate,leak_abs"
31919,0.9687101669195751,0.9035057489269714,3080,0.8297413793103449,0.8950561224737561,False,"npv,leak_rate,leak_abs"
31924,0.9688619119878604,0.9034895376519233,3081,0.830010775862069,0.8952020956046958,False,"npv,leak_rate,leak_abs"
31933,0.9691350531107739,0.9033601603357029,3086,0.8313577586206896,0.895407242391437,False,"npv,leak_rate,leak_abs"
31934,0.9691654021244309,0.9033318719859711,3087,0.8316271551724138,0.8956609373939612,False,"npv,leak_rate,leak_abs"
31935,0.969195751138088,0.9033348990136214,3087,0.8316271551724138,0.8957058746165546,False,"npv,leak_rate,leak_abs"
31945,0.9694992412746586,0.9032399436531539,3091,0.8327047413793104,0.8957565160552263,False,"npv,leak_rate,leak_abs"
31946,0.9695295902883156,0.903242972516121,3091,0.8327047413793104,0.8960634719679483,False,"npv,leak_rate,leak_abs"
31952,0.969711684370258,0.9031672508763144,3094,0.8335129310344828,0.8961578544739748,False,"npv,leak_rate,leak_abs"
31957,0.9698634294385432,0.9030572331570548,3098,0.8345905172413793,0.8963392475125265,False,"npv,leak_rate,leak_abs"
31960,0.9699544764795144,0.9030663329161451,3098,0.8345905172413793,0.8968382839312096,False,"npv,leak_rate,leak_abs"
31961,0.9699848254931714,0.903069365789556,3098,0.8345905172413793,0.8969152037262725,False,"npv,leak_rate,leak_abs"
31964,0.9700758725341426,0.9030471780753347,3099,0.8348599137931034,0.8970079542164584,False,"npv,leak_rate,leak_abs"
31966,0.9701365705614567,0.9030532440718263,3099,0.8348599137931034,0.8970583423370952,False,"npv,leak_rate,leak_abs"
31991,0.9708952959028831,0.9025663467850333,3117,0.8397090517241379,0.89718090000918,False,"npv,leak_rate,leak_abs"
32001,0.9711987860394538,0.902378050685916,3124,0.8415948275862069,0.8972981410583386,False,"npv,leak_rate,leak_abs"
32002,0.9712291350531108,0.9023811011811762,3124,0.8415948275862069,0.8973191499250078,False,"npv,leak_rate,leak_abs"
32006,0.971350531107739,0.9023308129725677,3126,0.8421336206896551,0.8980652440574232,False,"npv,leak_rate,leak_abs"
32009,0.9714415781487101,0.902308725670905,3127,0.8424030172413793,0.8981647669446896,False,"npv,leak_rate,leak_abs"
32011,0.9715022761760242,0.9022835900159321,3128,0.8426724137931034,0.8985175077459576,False,"npv,leak_rate,leak_abs"
32013,0.9715629742033384,0.9022272201917971,3130,0.8432112068965517,0.8985400188641947,False,"npv,leak_rate,leak_abs"
32021,0.9718057663125949,0.9020642703226008,3136,0.8448275862068966,0.8987908536574413,False,"npv,leak_rate,leak_abs"
32024,0.971896813353566,0.9020109917561828,3138,0.8453663793103449,0.8990718869877106,False,"npv,leak_rate,leak_abs"
32025,0.9719271623672231,0.9020140515222482,3138,0.8453663793103449,0.8992912775894824,False,"npv,leak_rate,leak_abs"
32028,0.9720182094081943,0.9019295616335706,3141,0.8461745689655172,0.8994175394955362,False,"npv,leak_rate,leak_abs"
32030,0.9720789074355084,0.9019044645644708,3142,0.8464439655172413,0.9007490026633356,False,"npv,leak_rate,leak_abs"
32031,0.9721092564491653,0.9018763073272767,3143,0.8467133620689655,0.9014941626212206,False,"npv,leak_rate,leak_abs"
32062,0.9730500758725341,0.9013473894329737,3163,0.8521012931034483,0.9016233549673783,False,"npv,leak_rate,leak_abs"
32072,0.9733535660091047,0.9011910700922924,3169,0.8537176724137931,0.9017521239314363,False,"npv,leak_rate,leak_abs"
32108,0.9744461305007587,0.9006478136290021,3190,0.859375,0.9020879807856232,False,"npv,leak_rate,leak_abs"
32111,0.9745371775417299,0.9005948117467535,3192,0.8599137931034483,0.9022327210936648,False,"npv,leak_rate,leak_abs"
32113,0.974597875569044,0.9005387226356927,3194,0.8604525862068966,0.9026466122170705,False,"npv,leak_rate,leak_abs"
32115,0.9746585735963581,0.9005137786081271,3195,0.8607219827586207,0.9029859053182073,False,"npv,leak_rate,leak_abs"
32120,0.9748103186646434,0.90046699875467,3197,0.861260775862069,0.9037773339774043,False,"npv,leak_rate,leak_abs"
32122,0.9748710166919575,0.9004420646286034,3198,0.8615301724137931,0.9041544875844953,False,"npv,leak_rate,leak_abs"
32127,0.9750227617602428,0.9003641796619666,3201,0.8623383620689655,0.9043561446951672,False,"npv,leak_rate,leak_abs"
32129,0.975083459787557,0.9003081328394908,3203,0.8628771551724138,0.9047426998652023,False,"npv,leak_rate,leak_abs"
32130,0.975113808801214,0.900280112044818,3204,0.8631465517241379,0.9049059301738925,False,"npv,leak_rate,leak_abs"
32141,0.9754476479514416,0.9000964500171121,3211,0.8650323275862069,0.9050144993350547,False,"npv,leak_rate,leak_abs"
32143,0.9755083459787557,0.9001026662103724,3211,0.8650323275862069,0.905831724956474,False,"npv,leak_rate,leak_abs"
32144,0.9755386949924127,0.9000746640119462,3212,0.865301724137931,0.9059069619650167,False,"npv,leak_rate,leak_abs"
32174,0.9764491654021245,0.8996083794368124,3230,0.8701508620689655,0.9062774080969501,False,"npv,leak_rate,leak_abs"
32183,0.9767223065250379,0.899418947891744,3237,0.8720366379310345,0.9064947674956527,False,"npv,leak_rate,leak_abs"
32211,0.9775720789074355,0.8988854739064295,3257,0.8774245689655172,0.9066012213221478,False,"npv,leak_rate,leak_abs"
32212,0.9776024279210925,0.8988575686079722,3258,0.8776939655172413,0.9067308945761874,False,"npv,leak_rate,leak_abs"
32220,0.977845220030349,0.8987585350713843,3262,0.8787715517241379,0.9067315926245526,False,"npv,leak_rate,leak_abs"
32221,0.9778755690440061,0.8987306415070917,3263,0.8790409482758621,0.9068016539749495,False,"npv,leak_rate,leak_abs"
32223,0.9779362670713202,0.8986748595723552,3265,0.8795797413793104,0.9071701018480887,False,"npv,leak_rate,leak_abs"
32224,0.9779666160849773,0.8986469712015889,3266,0.8798491379310345,0.907392668020149,False,"npv,leak_rate,leak_abs"
32227,0.9780576631259484,0.8985943463555404,3268,0.8803879310344828,0.907722245883662,False,"npv,leak_rate,leak_abs"
32228,0.9780880121396055,0.8985664639443962,3269,0.8806573275862069,0.9079915040206795,False,"npv,leak_rate,leak_abs"
32231,0.9781790591805767,0.8985759051844497,3269,0.8806573275862069,0.9081472373620393,False,"npv,leak_rate,leak_abs"
32233,0.9782397572078907,0.898582198368132,3269,0.8806573275862069,0.9091594090414182,False,"npv,leak_rate,leak_abs"
32238,0.978391502276176,0.8985669086171598,3270,0.880926724137931,0.9092697842245161,False,"npv,leak_rate,leak_abs"
32241,0.9784825493171472,0.8985143140721442,3272,0.8814655172413793,0.9102280889807992,False,"npv,leak_rate,leak_abs"
32242,0.9785128983308042,0.8984864462502327,3273,0.8817349137931034,0.910265628258744,False,"npv,leak_rate,leak_abs"
32270,0.9793626707132018,0.8979857452742486,3292,0.8868534482758621,0.9103265347839451,False,"npv,leak_rate,leak_abs"
32271,0.9793930197268589,0.8979579188745314,3293,0.8871228448275862,0.9103549034195997,False,"npv,leak_rate,leak_abs"
32279,0.9796358118361154,0.8977353697450354,3301,0.8892780172413793,0.9105288440544943,False,"npv,leak_rate,leak_abs"
32282,0.9797268588770865,0.8977138962889536,3302,0.8895474137931034,0.9106281202926638,False,"npv,leak_rate,leak_abs"
32283,0.9797572078907435,0.8976860886534709,3303,0.8898168103448276,0.9110485307990142,False,"npv,leak_rate,leak_abs"
32285,0.9798179059180576,0.8976304785504104,3305,0.8903556034482759,0.9114980188800672,False,"npv,leak_rate,leak_abs"
32314,0.9806980273141123,0.8973200470384354,3318,0.8938577586206896,0.9116003055746997,False,"npv,leak_rate,leak_abs"
32341,0.9815174506828528,0.8969728827185307,3332,0.8976293103448276,0.9123714743826047,False,"npv,leak_rate,leak_abs"
32349,0.9817602427921093,0.8967510587653406,3340,0.8997844827586207,0.9124689841904808,False,"npv,leak_rate,leak_abs"
32350,0.9817905918057663,0.8967542503863988,3340,0.8997844827586207,0.9126662318401055,False,"npv,leak_rate,leak_abs"
32352,0.9818512898330805,0.8967297230464887,3341,0.9000538793103449,0.912872135885524,False,"npv,leak_rate,leak_abs"
32358,0.9820333839150228,0.8965943507015267,3346,0.9014008620689655,0.9128823057318213,False,"npv,leak_rate,leak_abs"
32359,0.9820637329286798,0.8965666429741339,3347,0.9016702586206896,0.9131850649623435,False,"npv,leak_rate,leak_abs"
32363,0.982185128983308,0.8964867286716312,3350,0.9024784482758621,0.9135064183427257,False,"npv,leak_rate,leak_abs"
32364,0.9822154779969651,0.896459028550241,3351,0.9027478448275862,0.9135865912504973,False,"npv,leak_rate,leak_abs"
32367,0.9823065250379363,0.8964377297865109,3352,0.9030172413793104,0.913956704334377,False,"npv,leak_rate,leak_abs"
32379,0.982670713201821,0.8962599215540937,3359,0.9049030172413793,0.9140057506466969,False,"npv,leak_rate,leak_abs"
32382,0.9827617602427922,0.8961768883947873,3362,0.9057112068965517,0.9141109247025845,False,"npv,leak_rate,leak_abs"
32383,0.9827921092564492,0.8961492140938147,3363,0.9059806034482759,0.9141459591395111,False,"npv,leak_rate,leak_abs"
32386,0.9828831562974203,0.8961588340641018,3363,0.9059806034482759,0.9144396664500769,False,"npv,leak_rate,leak_abs"
32388,0.9829438543247344,0.8961343707546005,3364,0.90625,0.9147943610339896,False,"npv,leak_rate,leak_abs"
32420,0.9839150227617602,0.8956199876619371,3384,0.9116379310344828,0.9148477574248298,False,"npv,leak_rate,leak_abs"
32427,0.9841274658573597,0.8955191661269929,3388,0.9127155172413793,0.914870999168289,False,"npv,leak_rate,leak_abs"
32433,0.984309559939302,0.895353497980452,3394,0.9143318965517241,0.9154065985964281,False,"npv,leak_rate,leak_abs"
32434,0.984339908952959,0.8953567244249862,3394,0.9143318965517241,0.9154895361396036,False,"npv,leak_rate,leak_abs"
32438,0.9844613050075872,0.8953079721314507,3396,0.9148706896551724,0.9156027081658882,False,"npv,leak_rate,leak_abs"
32444,0.9846433990895296,0.8952965109111084,3397,0.9151400862068966,0.9157136237735757,False,"npv,leak_rate,leak_abs"
32453,0.9849165402124431,0.8951098511693835,3404,0.9170258620689655,0.9160365834820045,False,"npv,leak_rate,leak_abs"
32455,0.9849772382397572,0.8951163148975505,3404,0.9170258620689655,0.9162274819141915,False,"npv,leak_rate,leak_abs"
32457,0.9850379362670714,0.8950919678343655,3405,0.9172952586206896,0.9162420512230892,False,"npv,leak_rate,leak_abs"
32460,0.9851289833080424,0.8950708564386938,3406,0.9175646551724138,0.9163877449104243,False,"npv,leak_rate,leak_abs"
32461,0.9851593323216995,0.895074088906688,3406,0.9175646551724138,0.9168175113786249,False,"npv,leak_rate,leak_abs"
32463,0.9852200303490136,0.8950497489449527,3407,0.9178340517241379,0.9170105872950084,False,"npv,leak_rate,leak_abs"
32466,0.9853110773899848,0.8949670424444034,3410,0.9186422413793104,0.91706623764378,False,"npv,leak_rate,leak_abs"
32467,0.9853414264036419,0.8949394770074229,3411,0.9189116379310345,0.9171311176239811,False,"npv,leak_rate,leak_abs"
32468,0.9853717754172989,0.894911913268449,3412,0.9191810344827587,0.9172685867268874,False,"npv,leak_rate,leak_abs"
32470,0.985432473444613,0.8948567908838928,3414,0.9197198275862069,0.9173224090848421,False,"npv,leak_rate,leak_abs"
32489,0.9860091047040971,0.8943950260088029,3431,0.9242995689655172,0.9173236296454655,False,"npv,leak_rate,leak_abs"
32490,0.9860394537177541,0.8943982763927363,3431,0.9242995689655172,0.9173948064001075,False,"npv,leak_rate,leak_abs"
32525,0.9871016691957512,0.8939584934665642,3449,0.9291487068965517,0.9176914431419947,False,"npv,leak_rate,leak_abs"
32539,0.9875265553869499,0.8937582593195857,3457,0.9313038793103449,0.9179924488757074,False,"npv,leak_rate,leak_abs"
32546,0.9877389984825493,0.893688932587722,3460,0.9321120689655172,0.9182927788037658,False,"npv,leak_rate,leak_abs"
32550,0.9878603945371776,0.8936712749615976,3461,0.9323814655172413,0.9183241868876835,False,"npv,leak_rate,leak_abs"
32564,0.9882852807283763,0.8934406092617615,3470,0.9348060344827587,0.9187402186808998,False,"npv,leak_rate,leak_abs"
32567,0.9883763277693475,0.8933583074891761,3473,0.935614224137931,0.9191338365914743,False,"npv,leak_rate,leak_abs"
32568,0.9884066767830045,0.893361581920904,3473,0.935614224137931,0.9206625446990562,False,"npv,leak_rate,leak_abs"
32571,0.9884977238239757,0.8932792975346167,3476,0.9364224137931034,0.920719821133798,False,"npv,leak_rate,leak_abs"
32574,0.9885887708649469,0.8932891262970467,3476,0.9364224137931034,0.9211873551327279,False,"npv,leak_rate,leak_abs"
32575,0.988619119878604,0.8932924021488872,3476,0.9364224137931034,0.9216403917118163,False,"npv,leak_rate,leak_abs"
32578,0.9887101669195751,0.8932408373749156,3478,0.9369612068965517,0.9216851716042157,False,"npv,leak_rate,leak_abs"
32583,0.9888619119878604,0.8931651474695393,3481,0.9377693965517241,0.9218398769818275,False,"npv,leak_rate,leak_abs"
32584,0.9888922610015175,0.8931684262214584,3481,0.9377693965517241,0.9225833511053755,False,"npv,leak_rate,leak_abs"
32588,0.9890136570561456,0.8931201669326132,3483,0.9383081896551724,0.9226737983527045,False,"npv,leak_rate,leak_abs"
32590,0.9890743550834598,0.8930653574716171,3485,0.9388469827586207,0.9228979431211736,False,"npv,leak_rate,leak_abs"
32594,0.989195751138088,0.8929557587286003,3489,0.9399245689655172,0.9232065527789167,False,"npv,leak_rate,leak_abs"
32595,0.9892261001517451,0.8929590427979751,3489,0.9399245689655172,0.9233711995209162,False,"npv,leak_rate,leak_abs"
32597,0.9892867981790592,0.892934932662515,3490,0.9401939655172413,0.9236963995025784,False,"npv,leak_rate,leak_abs"
32607,0.9895902883156298,0.8927530898273377,3497,0.9420797413793104,0.9238590712268713,False,"npv,leak_rate,leak_abs"
32608,0.9896206373292868,0.892725711481845,3498,0.9423491379310345,0.9242322786382573,False,"npv,leak_rate,leak_abs"
32611,0.9897116843702579,0.8926742510195946,3500,0.9428879310344828,0.9242749003222166,False,"npv,leak_rate,leak_abs"
32614,0.9898027314112291,0.8926841233825964,3500,0.9428879310344828,0.9246394610749499,False,"npv,leak_rate,leak_abs"
32618,0.9899241274658573,0.8926359678705009,3502,0.943426724137931,0.9247669392760167,False,"npv,leak_rate,leak_abs"
32632,0.9903490136570562,0.8924062270164256,3511,0.9458512931034483,0.9253726729119439,False,"npv,leak_rate,leak_abs"
32633,0.9903793626707132,0.8923788802745687,3512,0.9461206896551724,0.9256208055309757,False,"npv,leak_rate,leak_abs"
32635,0.9904400606980274,0.8923241918185997,3514,0.9466594827586207,0.9257700757355705,False,"npv,leak_rate,leak_abs"
32642,0.9906525037936267,0.8922247411310581,3518,0.9477370689655172,0.9261050282227254,False,"npv,leak_rate,leak_abs"
32643,0.9906828528072837,0.8921974083264406,3519,0.9480064655172413,0.9262125479798716,False,"npv,leak_rate,leak_abs"
32645,0.9907435508345979,0.8921733803032623,3520,0.9482758620689655,0.9262196795900319,False,"npv,leak_rate,leak_abs"
32646,0.9907738998482549,0.892146051583655,3521,0.9485452586206896,0.9262523442078766,False,"npv,leak_rate,leak_abs"
32648,0.990834597875569,0.8920913991668709,3523,0.9490840517241379,0.9262834147768507,False,"npv,leak_rate,leak_abs"
32650,0.9908952959028832,0.8920980091883615,3523,0.9490840517241379,0.9264704106792657,False,"npv,leak_rate,leak_abs"
32654,0.9910166919575114,0.8920193544435597,3526,0.9498922413793104,0.9265184961831733,False,"npv,leak_rate,leak_abs"
32655,0.9910470409711685,0.8919920379727454,3527,0.9501616379310345,0.9265904129261692,False,"npv,leak_rate,leak_abs"
32658,0.9911380880121397,0.8919407189662564,3529,0.9507004310344828,0.9270106717005181,False,"npv,leak_rate,leak_abs"
32659,0.9911684370257967,0.8919134082488748,3530,0.9509698275862069,0.9270914592384096,False,"npv,leak_rate,leak_abs"
32660,0.9911987860394538,0.8919167176974893,3530,0.9509698275862069,0.9271131439009537,False,"npv,leak_rate,leak_abs"
32661,0.9912291350531107,0.8919200269434494,3530,0.9509698275862069,0.9278474452064034,False,"npv,leak_rate,leak_abs"
32666,0.991380880121396,0.8918447315251332,3533,0.9517780172413793,0.9279211432096309,False,"npv,leak_rate,leak_abs"
32675,0.9916540212443096,0.891690895179801,3539,0.9533943965517241,0.9281112730536031,False,"npv,leak_rate,leak_abs"
32677,0.9917147192716237,0.8916669216880374,3540,0.9536637931034483,0.9281609921360863,False,"npv,leak_rate,leak_abs"
32679,0.9917754172989378,0.8916123504391199,3542,0.9542025862068966,0.9284344727502798,False,"npv,leak_rate,leak_abs"
32680,0.9918057663125949,0.8915850673194614,3543,0.9544719827586207,0.9285561984253714,False,"npv,leak_rate,leak_abs"
32686,0.9919878603945371,0.8915131860735483,3546,0.9552801724137931,0.9286740884852036,False,"npv,leak_rate,leak_abs"
32690,0.9921092564491654,0.8914346895074946,3549,0.9560883620689655,0.928676103119891,False,"npv,leak_rate,leak_abs"
32709,0.9926858877086495,0.8911614540340579,3560,0.959051724137931,0.9288919632394322,False,"npv,leak_rate,leak_abs"
32723,0.9931107738998483,0.8909635424624882,3568,0.9612068965517241,0.929998577913469,False,"npv,leak_rate,leak_abs"
32725,0.9931714719271624,0.8909090909090909,3570,0.9617456896551724,0.9300519010436648,False,"npv,leak_rate,leak_abs"
32728,0.9932625189681336,0.890857980933757,3572,0.9622844827586207,0.9303096511313267,False,"npv,leak_rate,leak_abs"
32729,0.9932928679817906,0.8908307617097987,3573,0.9625538793103449,0.9315888832726383,False,"npv,leak_rate,leak_abs"
32733,0.9934142640364189,0.8907830018635627,3575,0.9630926724137931,0.9319822005165204,False,"npv,leak_rate,leak_abs"
32734,0.9934446130500759,0.8907557890877986,3576,0.9633620689655172,0.9322833203372497,False,"npv,leak_rate,leak_abs"
32748,0.9938694992412747,0.8904971295957005,3586,0.9660560344827587,0.9324254023699823,False,"npv,leak_rate,leak_abs"
32752,0.9939908952959029,0.8904799706888129,3587,0.9663254310344828,0.9327971193512798,False,"npv,leak_rate,leak_abs"
32759,0.9942033383915023,0.8903202173448518,3593,0.9679418103448276,0.9334893049173179,False,"npv,leak_rate,leak_abs"
32760,0.9942336874051594,0.8902930402930402,3594,0.9682112068965517,0.9339763135147457,False,"npv,leak_rate,leak_abs"
32771,0.9945675265553869,0.8900552317597876,3603,0.970635775862069,0.93441705158127,False,"npv,leak_rate,leak_abs"
32773,0.9946282245827011,0.8900314283098892,3604,0.9709051724137931,0.9344985937328902,False,"npv,leak_rate,leak_abs"
32779,0.9948103186646434,0.8898990207144818,3609,0.9722521551724138,0.9346191759059532,False,"npv,leak_rate,leak_abs"
32786,0.9950227617602428,0.8898615262612091,3611,0.9727909482758621,0.9347672089027362,False,"npv,leak_rate,leak_abs"
32787,0.9950531107738998,0.8898648854729009,3611,0.9727909482758621,0.9348099456786643,False,"npv,leak_rate,leak_abs"
32791,0.995174506828528,0.8898478240980757,3612,0.9730603448275862,0.934828263984536,False,"npv,leak_rate,leak_abs"
32793,0.9952352048558422,0.8897935535022719,3614,0.9735991379310345,0.9348327268216704,False,"npv,leak_rate,leak_abs"
32801,0.9954779969650986,0.8896070241760922,3621,0.9754849137931034,0.9351511470546162,False,"npv,leak_rate,leak_abs"
32817,0.9959635811836115,0.8893561263979035,3631,0.9781788793103449,0.9355093389640513,False,"npv,leak_rate,leak_abs"
32822,0.9961153262518968,0.8893120467978795,3633,0.9787176724137931,0.9357992469176396,False,"npv,leak_rate,leak_abs"
32834,0.9964795144157815,0.8891088505817141,3641,0.9808728448275862,0.9358168772110712,False,"npv,leak_rate,leak_abs"
32851,0.9969954476479514,0.8888313902164318,3652,0.9838362068965517,0.9359722648482366,False,"npv,leak_rate,leak_abs"
32865,0.9974203338391502,0.8885744713220751,3662,0.9865301724137931,0.936517478137677,False,"npv,leak_rate,leak_abs"
32867,0.9974810318664643,0.8885204004016186,3664,0.9870689655172413,0.938050021212233,False,"npv,leak_rate,leak_abs"
32868,0.9975113808801214,0.8884933674090301,3665,0.9873383620689655,0.9385679744513483,False,"npv,leak_rate,leak_abs"
32869,0.9975417298937784,0.8884663360613344,3666,0.9876077586206896,0.9390422819061186,False,"npv,leak_rate,leak_abs"
32889,0.9981487101669195,0.888169296725349,3678,0.9908405172413793,0.9390545877659298,False,"npv,leak_rate,leak_abs"
32891,0.9982094081942336,0.8881456933507647,3679,0.9911099137931034,0.9391843556777151,False,"npv,leak_rate,leak_abs"
32894,0.9983004552352048,0.8880950933300906,3681,0.9916487068965517,0.9403713616751287,False,"npv,leak_rate,leak_abs"
32904,0.9986039453717754,0.8879163627522489,3688,0.9935344827586207,0.9409257103973484,False,"npv,leak_rate,leak_abs"
32917,0.9989984825493171,0.8877783516116292,3694,0.9951508620689655,0.9417227764205454,False,"npv,leak_rate,leak_abs"
32919,0.9990591805766312,0.8877547920653726,3695,0.9954202586206896,0.9442167673325716,False,"npv,leak_rate,leak_abs"
32920,0.9990895295902883,0.8877582017010935,3695,0.9954202586206896,0.9442715021509126,False,"npv,leak_rate,leak_abs"
32931,0.999423368740516,0.8876438614071848,3700,0.9967672413793104,0.9453550704666276,False,"npv,leak_rate,leak_abs"
32937,0.9996054628224583,0.8875732458936758,3703,0.9975754310344828,0.9453949840170575,False,"npv,leak_rate,leak_abs"
32940,0.9996965098634294,0.8875227686703097,3705,0.998114224137931,0.9454192938717594,False,"npv,leak_rate,leak_abs"
32945,0.9998482549317147,0.8874487782668083,3708,0.9989224137931034,0.9462626626052427,False,"npv,leak_rate,leak_abs"
32950,1.0,0.8873444613050075,3712,1.0,0.9462626626052428,False,"npv,leak_rate,leak_abs"
