band_size,band_fraction,precision,positives_in_band,recall,threshold,feasible,binding
6,0.00029610620342496174,0.16666666666666666,1,0.00026939655172413793,0.9214087403179024,False,"support,precision"
9,0.0004441593051374426,0.3333333333333333,3,0.0008081896551724138,0.9203232231714986,False,support
16,0.0007896165424665647,0.5625,9,0.0024245689655172415,0.9185856976673683,False,support
31,0.001529882051028969,0.4838709677419355,15,0.004040948275862069,0.9183905299170134,False,support
32,0.0015792330849331293,0.5,16,0.004310344827586207,0.9166444201897317,False,support
39,0.0019246903222622513,0.5641025641025641,22,0.005926724137931034,0.916175852869436,False,support
54,0.0026649558308246557,0.5925925925925926,32,0.008620689655172414,0.916011014086521,False,support
55,0.002714306864728816,0.5818181818181818,32,0.008620689655172414,0.9156017831107975,False,support
57,0.0028130089325371366,0.5964912280701754,34,0.009159482758620689,0.9155617450939953,False,support
58,0.002862359966441297,0.603448275862069,35,0.009428879310344827,0.9148724867466248,False,support
64,0.0031584661698662586,0.609375,39,0.01050646551724138,0.9146338891968017,False,support
65,0.003207817203770419,0.6,39,0.01050646551724138,0.9145774969087018,False,support
66,0.003257168237674579,0.5909090909090909,39,0.01050646551724138,0.9140906129777108,False,support
77,0.0038000296106203424,0.5844155844155844,45,0.012122844827586207,0.9137853930982239,True,
85,0.004194837881853625,0.611764705882353,52,0.014008620689655173,0.9135488924297661,True,
87,0.004293539949661945,0.5977011494252874,52,0.014008620689655173,0.9132433312017455,True,
92,0.004540295119182747,0.5978260869565217,55,0.014816810344827586,0.9127375498679836,True,
106,0.005231209593840991,0.5943396226415094,63,0.01697198275862069,0.9116094151612566,True,
111,0.005477964763361792,0.5765765765765766,64,0.017241379310344827,0.9102041744678387,True,
112,0.005527315797265953,0.5803571428571429,65,0.017510775862068964,0.910101114283087,True,
114,0.005626017865074273,0.5877192982456141,67,0.01804956896551724,0.9091566942667284,True,
115,0.0056753688989784334,0.5826086956521739,67,0.01804956896551724,0.908078327047731,True,
130,0.006415634407540838,0.5923076923076923,77,0.020743534482758622,0.9077230271827003,True,
133,0.006563687509253319,0.5939849624060151,79,0.021282327586206896,0.9076663218293323,True,
134,0.006613038543157479,0.5970149253731343,80,0.021551724137931036,0.9070802792034797,True,
138,0.00681044267877412,0.6014492753623188,83,0.02235991379310345,0.9065325885634231,True,
148,0.007303953017815723,0.6148648648648649,91,0.02451508620689655,0.9063775763715498,True,
153,0.0075507081873365245,0.6078431372549019,93,0.025053879310344827,0.9059141672292048,True,
161,0.007945516458569807,0.6273291925465838,101,0.02720905172413793,0.905768448923913,True,
163,0.008044218526378127,0.6196319018404908,101,0.02720905172413793,0.9054319984188371,True,
167,0.008241622661994769,0.6167664670658682,103,0.02774784482758621,0.905397688064107,True,
170,0.00838967576370725,0.611764705882353,104,0.028017241379310345,0.9051823669097577,True,
171,0.00843902679761141,0.6140350877192983,105,0.028286637931034482,0.9044536709544947,True,
173,0.00853772886541973,0.6127167630057804,106,0.028556034482758622,0.9042749745100103,True,
190,0.009376696441790455,0.6210526315789474,118,0.03178879310344827,0.9016606645450915,True,
201,0.009919557814736218,0.6169154228855721,124,0.0334051724137931,0.9011920116753017,True,
207,0.01021566401816118,0.6183574879227053,128,0.034482758620689655,0.9007224427853198,True,
209,0.0103143660859695,0.6220095693779905,130,0.03502155172413793,0.9002867239707951,True,
210,0.010363717119873661,0.6190476190476191,130,0.03502155172413793,0.8992570428362936,True,
228,0.011252035730148546,0.6359649122807017,145,0.0390625,0.8988587425439174,True,
230,0.011350737797956867,0.6391304347826087,147,0.03960129310344827,0.898653505012062,True,
234,0.011548141933573508,0.6367521367521367,149,0.040140086206896554,0.8982617429608655,True,
235,0.011597492967477668,0.6382978723404256,150,0.04040948275862069,0.8978598736542398,True,
237,0.011696195035285989,0.6413502109704642,152,0.040948275862068964,0.8978513130044425,True,
240,0.01184424813699847,0.6458333333333334,155,0.04175646551724138,0.897523858766661,True,
247,0.012189705374327592,0.6437246963562753,159,0.04283405172413793,0.8973421643962008,True,
264,0.013028672950698317,0.6401515151515151,169,0.04552801724137931,0.8972875345109764,True,
279,0.013768938459260721,0.6451612903225806,180,0.04849137931034483,0.8970932755177027,True,
286,0.014114395696589843,0.6433566433566433,184,0.04956896551724138,0.8970622040475106,True,
301,0.014854661205152248,0.6445182724252492,194,0.052262931034482756,0.8968664608411023,True,
305,0.015052065340768889,0.6459016393442623,197,0.05307112068965517,0.8967052356190787,True,
308,0.01520011844248137,0.6461038961038961,199,0.053609913793103446,0.8964739100382458,True,
309,0.01524946947638553,0.6472491909385113,200,0.05387931034482758,0.896142145060424,True,
311,0.01534817154419385,0.6495176848874598,202,0.05441810344827586,0.8958192734034026,True,
314,0.015496224645906331,0.6496815286624203,204,0.05495689655172414,0.8955182961911294,True,
321,0.015841681883235453,0.6448598130841121,207,0.055765086206896554,0.8953405286811477,True,
326,0.016088437052756255,0.6441717791411042,210,0.056573275862068964,0.8947580284570108,True,
330,0.016285841188372896,0.6424242424242425,212,0.057112068965517244,0.8935201433433676,True,
332,0.016384543256181217,0.6445783132530121,214,0.05765086206896552,0.8933696517026776,True,
333,0.016433894290085377,0.6426426426426426,214,0.05765086206896552,0.8931703646271096,True,
337,0.016631298425702018,0.6379821958456974,215,0.057920258620689655,0.8927702296108534,True,
338,0.01668064945960618,0.6390532544378699,216,0.05818965517241379,0.8923309196281719,True,
348,0.01717415979864778,0.6379310344827587,222,0.05980603448275862,0.8921855897559395,True,
351,0.017322212900360262,0.6381766381766382,224,0.0603448275862069,0.8916874259402168,True,
353,0.017420914968168583,0.6402266288951841,226,0.06088362068965517,0.8916746768067972,True,
354,0.017470266002072743,0.6384180790960452,226,0.06088362068965517,0.8913767247171577,True,
355,0.017519617035976903,0.6394366197183099,227,0.06115301724137931,0.8898569097714961,True,
357,0.017618319103785224,0.6414565826330533,229,0.06169181034482758,0.8898189896159904,True,
358,0.017667670137689384,0.6396648044692738,229,0.06169181034482758,0.8895668771308842,True,
362,0.017865074273306025,0.638121546961326,231,0.06223060344827586,0.8895072733603381,True,
367,0.018111829442826827,0.6403269754768393,235,0.06330818965517242,0.8894282532974668,True,
371,0.018309233578443468,0.6415094339622641,238,0.06411637931034483,0.8884979567636136,True,
372,0.018358584612347628,0.6397849462365591,238,0.06411637931034483,0.88842670877613,True,
381,0.01880274391748507,0.6351706036745407,242,0.06519396551724138,0.8884117215224816,True,
382,0.01885209495138923,0.6361256544502618,243,0.06546336206896551,0.888369640137393,True,
385,0.019000148053101712,0.6363636363636364,245,0.0660021551724138,0.8881268600069797,True,
387,0.019098850120910033,0.6356589147286822,246,0.06627155172413793,0.8879164425305583,True,
391,0.019296254256526674,0.6368286445012787,249,0.06707974137931035,0.8878708318997217,True,
394,0.019444307358239155,0.6395939086294417,252,0.06788793103448276,0.8876823525084522,True,
396,0.019543009426047475,0.6388888888888888,253,0.06815732758620689,0.8873919183031139,True,
398,0.019641711493855796,0.635678391959799,253,0.06815732758620689,0.8872690106025617,True,
399,0.019691062527759956,0.6340852130325815,253,0.06815732758620689,0.8872042082567495,True,
409,0.02018457286680156,0.6308068459657702,258,0.06950431034482758,0.8869790812355977,True,
412,0.02033262596851404,0.6286407766990292,259,0.06977370689655173,0.886541898318245,True,
426,0.021023540443172284,0.6314553990610329,269,0.07246767241379311,0.8863393043751362,True,
428,0.021122242510980604,0.6308411214953271,270,0.07273706896551724,0.8862740564881827,True,
430,0.021220944578788925,0.627906976744186,270,0.07273706896551724,0.8861053747623158,True,
431,0.021270295612693085,0.6264501160092807,270,0.07273706896551724,0.8860325167560658,True,
445,0.02196121008735133,0.6314606741573033,281,0.07570043103448276,0.8856015109048859,True,
446,0.02201056112125549,0.6300448430493274,281,0.07570043103448276,0.8851938951641416,True,
450,0.02220796525687213,0.6333333333333333,285,0.07677801724137931,0.8848156467161299,True,
452,0.02230666732468045,0.6305309734513275,285,0.07677801724137931,0.8841186839764018,True,
457,0.022553422494201253,0.6301969365426696,288,0.07758620689655173,0.8839465081487723,True,
495,0.024428761782559344,0.6161616161616161,305,0.08216594827586207,0.8832083769489589,True,
496,0.024478112816463504,0.6169354838709677,306,0.0824353448275862,0.8831939551482689,True,
511,0.02521837832502591,0.6183953033268101,316,0.08512931034482758,0.8827653397130337,True,
515,0.02541578246064255,0.6213592233009708,320,0.08620689655172414,0.8824626464240616,True,
516,0.02546513349454671,0.622093023255814,321,0.08647629310344827,0.8819255940134567,True,
542,0.026748260376054878,0.6162361623616236,334,0.08997844827586207,0.8809680185309953,True,
554,0.0273404727829048,0.6209386281588448,344,0.09267241379310345,0.8807306705999594,True,
557,0.027488525884617282,0.6229802513464991,347,0.09348060344827586,0.880701634142541,True,
561,0.027685930020233923,0.6203208556149733,348,0.09375,0.8803060897123067,True,
566,0.027932685189754725,0.6183745583038869,350,0.09428879310344827,0.880205172169264,True,
592,0.029215812071262892,0.6165540540540541,365,0.09832974137931035,0.8797794116177063,True,
594,0.029314514139071213,0.6144781144781145,365,0.09832974137931035,0.8789290059595791,True,
596,0.029413216206879533,0.6140939597315436,366,0.09859913793103449,0.8788723076464022,True,
598,0.029511918274687854,0.6137123745819398,367,0.09886853448275862,0.8785660201284348,True,
609,0.030054779647633617,0.6124794745484401,373,0.10048491379310345,0.8784222905739886,True,
610,0.030104130681537777,0.6131147540983607,374,0.10075431034482758,0.8782062106552644,True,
611,0.030153481715441938,0.613747954173486,375,0.10102370689655173,0.8782050233969193,True,
613,0.030252183783250258,0.6133768352365416,376,0.10129310344827586,0.8774165052397925,True,
621,0.03064699205448354,0.6167471819645732,383,0.10317887931034483,0.8770619597984735,True,
656,0.03237427824112915,0.614329268292683,403,0.10856681034482758,0.8768014347522853,True,
657,0.03242362927503331,0.6149162861491628,404,0.10883620689655173,0.8763750163092106,True,
661,0.03262103341064995,0.6157337367624811,407,0.10964439655172414,0.8759540354098686,True,
673,0.033213245817499876,0.6106983655274889,411,0.11072198275862069,0.8754209768837121,True,
676,0.03336129891921236,0.6094674556213018,412,0.11099137931034483,0.8751126858383009,True,
686,0.03385480925825396,0.60932944606414,418,0.11260775862068965,0.8750813573788924,True,
687,0.03390416029215812,0.6098981077147017,419,0.1128771551724138,0.873503543871017,True,
688,0.03395351132606228,0.6090116279069767,419,0.1128771551724138,0.8733828974580835,True,
690,0.0340522133938706,0.6086956521739131,420,0.11314655172413793,0.8724146862238901,True,
693,0.03420026649558308,0.6075036075036075,421,0.11341594827586207,0.8722480710207465,True,
695,0.0342989685633914,0.6057553956834533,421,0.11341594827586207,0.8721802786455968,True,
707,0.034891180970241326,0.6082036775106082,430,0.11584051724137931,0.8719346502818254,True,
714,0.03523663820757045,0.6064425770308123,433,0.11664870689655173,0.8716135793516319,True,
718,0.03543404234318709,0.6058495821727019,435,0.1171875,0.8715690647421074,True,
746,0.03681587129250358,0.6099195710455764,455,0.12257543103448276,0.8714264868862455,True,
747,0.03686522232640774,0.6091030789825971,455,0.12257543103448276,0.8713351718222468,True,
750,0.03701327542812022,0.608,456,0.12284482758620689,0.870902566752329,True,
751,0.03706262646202438,0.6085219707057257,457,0.12311422413793104,0.8707917420582215,True,
759,0.03745743473325766,0.6086956521739131,462,0.12446120689655173,0.8707427087265088,True,
791,0.03903666781819079,0.6055625790139064,479,0.12904094827586207,0.8697520461124297,True,
796,0.03928342298771159,0.6080402010050251,484,0.13038793103448276,0.8695705504673915,True,
831,0.0410107091743572,0.6101083032490975,507,0.13658405172413793,0.8692128711382261,True,
833,0.04110941124216552,0.60984393757503,508,0.13685344827586207,0.8684381957365309,True,
840,0.041454868479494644,0.6095238095238096,512,0.13793103448275862,0.8681900627476178,True,
841,0.041504219513398805,0.6087990487514863,512,0.13793103448275862,0.867943032024221,True,
871,0.04298475053052361,0.6096440872560276,531,0.14304956896551724,0.8671938730875426,True,
874,0.043132803632236094,0.6086956521739131,532,0.14331896551724138,0.8668700562300231,True,
879,0.043379558801756896,0.6097838452787259,536,0.14439655172413793,0.8661561532887803,True,
888,0.04382371810689434,0.6047297297297297,537,0.14466594827586207,0.8661362980851676,True,
900,0.04441593051374426,0.6,540,0.14547413793103448,0.8660990767398357,True,
904,0.0446133346493609,0.6017699115044248,544,0.14655172413793102,0.8657133775940651,True,
905,0.04466268568326506,0.6022099447513812,545,0.14682112068965517,0.8656396222153951,True,
906,0.04471203671716922,0.6015452538631346,545,0.14682112068965517,0.8650480630721578,True,
907,0.044761387751073384,0.6019845644983461,546,0.1470905172413793,0.8647261742072629,True,
911,0.044958791886690025,0.601536772777168,548,0.1476293103448276,0.8643980262150799,True,
913,0.045057493954498345,0.6002190580503833,548,0.1476293103448276,0.8642647541674288,True,
915,0.045156196022306666,0.6010928961748634,550,0.14816810344827586,0.8638208330258766,True,
918,0.04530424912401915,0.6013071895424836,552,0.14870689655172414,0.8636628148287456,True,
922,0.04550165325963579,0.6008676789587852,554,0.1492456896551724,0.8630786048374505,True,
923,0.04555100429353995,0.600216684723727,554,0.1492456896551724,0.8622414975883743,True,
924,0.04560035532744411,0.6006493506493507,555,0.14951508620689655,0.861887287559513,True,
925,0.04564970636134827,0.601081081081081,556,0.1497844827586207,0.8617083209000549,True,
926,0.04569905739525243,0.6015118790496761,557,0.15005387931034483,0.8614739815063567,True,
929,0.04584711049696491,0.6006458557588805,558,0.15032327586206898,0.8613856342559322,True,
932,0.04599516359867739,0.6008583690987125,560,0.15086206896551724,0.8613024726145568,True,
934,0.04609386566648571,0.6017130620985011,562,0.15140086206896552,0.8612743872464604,True,
935,0.04614321670038987,0.6010695187165775,562,0.15140086206896552,0.8604257595100131,True,
938,0.04629126980210235,0.6012793176972282,564,0.15193965517241378,0.8598361851093539,True,
940,0.04638997186991067,0.601063829787234,565,0.15220905172413793,0.8591158108267909,True,
941,0.046439322903814834,0.6014877789585548,566,0.15247844827586207,0.8591141579883853,True,
942,0.046488673937718994,0.6008492569002123,566,0.15247844827586207,0.859057317052394,True,
944,0.046587376005527315,0.600635593220339,567,0.15274784482758622,0.8589522028505611,True,
967,0.047722449785323,0.6039296794208894,584,0.15732758620689655,0.8587363387072355,True,
968,0.04777180081922716,0.6043388429752066,585,0.1575969827586207,0.8586480701143309,True,
969,0.04782115185313132,0.6037151702786377,585,0.1575969827586207,0.8585980409017029,True,
997,0.04920298080244781,0.6068204613841525,605,0.16298491379310345,0.8583678097088018,True,
998,0.04925233183635197,0.6062124248496994,605,0.16298491379310345,0.8580302586481017,True,
999,0.04930168287025613,0.6056056056056056,605,0.16298491379310345,0.8579779932631665,True,
1000,0.04935103390416029,0.605,605,0.16298491379310345,0.8574662307174008,True,
1002,0.04944973597196861,0.6037924151696606,605,0.16298491379310345,0.8570445513577407,True,
1003,0.04949908700587277,0.6031904287138584,605,0.16298491379310345,0.8569852980983049,True,
1005,0.04959778907368109,0.6029850746268657,606,0.1632543103448276,0.8569019514490962,True,
1007,0.04969649114148941,0.6037735849056604,608,0.16379310344827586,0.8567670015943031,True,
1009,0.04979519320929773,0.6045589692765114,610,0.16433189655172414,0.8566837243009826,True,
1013,0.049992597344914375,0.6041461006910168,612,0.1648706896551724,0.8564879684210253,True,
1017,0.050190001480531016,0.6047197640117994,615,0.16567887931034483,0.8557463843648856,True,
1018,0.050239352514435176,0.6041257367387033,615,0.16567887931034483,0.8556183218256556,True,
1021,0.05038740561614766,0.6033300685602351,616,0.16594827586206898,0.8556171541320242,True,
1024,0.05053545871786014,0.6025390625,617,0.1662176724137931,0.8554598490880744,True,
1027,0.05068351181957262,0.6027263875365141,619,0.16675646551724138,0.8552517626626933,True,
1028,0.05073286285347678,0.6021400778210116,619,0.16675646551724138,0.8545725490996726,True,
1029,0.05078221388738094,0.6025267249757046,620,0.16702586206896552,0.8530502185062369,True,
1030,0.0508315649212851,0.6019417475728155,620,0.16702586206896552,0.852952021939831,True,
1031,0.05088091595518926,0.6013579049466538,620,0.16702586206896552,0.8529425316862789,True,
1036,0.05112767112471006,0.6013513513513513,623,0.16783405172413793,0.852250667098,True,
1037,0.05117702215861422,0.6017357762777242,624,0.16810344827586207,0.8520568402823763,True,
1040,0.0513250752603267,0.6009615384615384,625,0.16837284482758622,0.8517043889230891,True,
1052,0.051917287667176626,0.6026615969581749,634,0.17079741379310345,0.8512873302591474,True,
1054,0.052015989734984946,0.6024667931688804,635,0.1710668103448276,0.8511943458289589,True,
1056,0.05211469180279327,0.603219696969697,637,0.17160560344827586,0.8510152994817615,True,
1057,0.05216404283669743,0.6035950804162725,638,0.171875,0.8507572698688325,True,
1058,0.05221339387060159,0.6039697542533081,639,0.17214439655172414,0.8505090136761986,True,
1065,0.05255885110793071,0.603755868544601,643,0.1732219827586207,0.84826158838973,True,
1067,0.05265755317573903,0.6035613870665417,644,0.17349137931034483,0.8463727395700963,True,
1068,0.05270690420964319,0.6039325842696629,645,0.17376077586206898,0.8463085808407671,True,
1069,0.05275625524354735,0.6033676333021516,645,0.17376077586206898,0.8456602403343476,True,
1070,0.05280560627745151,0.602803738317757,645,0.17376077586206898,0.8447449489028764,True,
1073,0.05295365937916399,0.6020503261882573,646,0.1740301724137931,0.8443174241371104,True,
1075,0.05305236144697231,0.6009302325581395,646,0.1740301724137931,0.8441644599861791,True,
1085,0.053545871786013916,0.6009216589861751,652,0.17564655172413793,0.8440544518708578,True,
1087,0.053644573853822236,0.6007359705611776,653,0.17591594827586207,0.8440208675341222,True,
1112,0.05487834970142624,0.5980215827338129,665,0.1791487068965517,0.8438508875791202,True,
1135,0.05601342348122193,0.5955947136563877,676,0.18211206896551724,0.8438492217070274,True,
1139,0.05621082761683857,0.5952589991220368,678,0.18265086206896552,0.8430739120367847,True,
1140,0.05626017865074273,0.5947368421052631,678,0.18265086206896552,0.8428932701124541,True,
1142,0.05635888071855105,0.5945709281961471,679,0.18292025862068967,0.8427040318608743,True,
1144,0.05645758278635937,0.5944055944055944,680,0.18318965517241378,0.842565105555564,True,
1146,0.05655628485416769,0.5933682373472949,680,0.18318965517241378,0.84157123693931,True,
1147,0.056605635888071854,0.5928509154315605,680,0.18318965517241378,0.8413139983228811,True,
1148,0.056654986921976014,0.5923344947735192,680,0.18318965517241378,0.8404767486364608,True,
1151,0.056803040023688495,0.5925282363162467,682,0.18372844827586207,0.8399949838775881,True,
1155,0.057000444159305136,0.5930735930735931,685,0.18453663793103448,0.8395845475826285,True,
1166,0.0575433055322509,0.5917667238421955,690,0.18588362068965517,0.8392037797227048,True,
1168,0.05764200760005922,0.5924657534246576,692,0.18642241379310345,0.8384937333511501,True,
1176,0.0580368158712925,0.5909863945578231,695,0.18723060344827586,0.8382070588931414,True,
1191,0.058777081379854906,0.5894206549118388,702,0.18911637931034483,0.8381734170833229,True,
1218,0.060109559295267234,0.5878489326765188,716,0.19288793103448276,0.8377014110004767,True,
1219,0.060158910329171394,0.5881870385561936,717,0.1931573275862069,0.8371985817548528,True,
1222,0.060306963430883875,0.5875613747954174,718,0.19342672413793102,0.8371432647861785,True,
1231,0.06075112273602132,0.5881397238017871,724,0.19504310344827586,0.836946463795683,True,
1232,0.06080047376992548,0.588474025974026,725,0.1953125,0.8367455067489865,True,
1235,0.06094852687163796,0.5878542510121457,726,0.19558189655172414,0.8365228277068377,True,
1239,0.0611459310072546,0.585956416464891,726,0.19558189655172414,0.83634819467953,True,
1241,0.06124463307506292,0.5858178887993554,727,0.1958512931034483,0.8357570362219878,True,
1242,0.06129398410896708,0.5853462157809984,727,0.1958512931034483,0.8356835746155777,True,
1243,0.06134333514287124,0.584875301689461,727,0.1958512931034483,0.8354197770444377,True,
1246,0.06149138824458372,0.5850722311396469,729,0.19639008620689655,0.8351862930555343,True,
1247,0.06154073927848788,0.5854049719326383,730,0.1966594827586207,0.834948453954488,True,
1248,0.06159009031239204,0.5849358974358975,730,0.1966594827586207,0.8347238388440679,True,
1276,0.06297191926170853,0.5838557993730408,745,0.20070043103448276,0.8347033685398583,True,
1278,0.06307062132951685,0.5845070422535211,747,0.20123922413793102,0.8344473694892842,True,
1282,0.06326802546513349,0.5842433697347894,749,0.2017780172413793,0.8342644559380836,True,
1286,0.06346542960075013,0.5839813374805599,751,0.2023168103448276,0.8340089544517022,True,
1288,0.06356413166855845,0.5846273291925466,753,0.20285560344827586,0.8333159242626236,True,
1291,0.06371218477027094,0.5848179705654531,755,0.20339439655172414,0.8332764536550049,True,
1292,0.0637615358041751,0.5843653250773994,755,0.20339439655172414,0.8328563946149851,True,
1302,0.0642550461432167,0.5844854070660522,761,0.20501077586206898,0.832627847755521,True,
1326,0.06543947095691655,0.5844645550527904,775,0.2087823275862069,0.831710166735468,True,
1327,0.0654888219908207,0.5840241145440844,775,0.2087823275862069,0.8316101904654333,True,
1333,0.06578492819424567,0.5843960990247562,779,0.20985991379310345,0.83136886206138,True,
1334,0.06583427922814983,0.5839580209895052,779,0.20985991379310345,0.8313154605022188,True,
1355,0.0668706509401372,0.581549815498155,788,0.2122844827586207,0.8308617569148695,True,
1356,0.06692000197404135,0.581858407079646,789,0.21255387931034483,0.8307564724678798,True,
1384,0.06830183092335784,0.5823699421965318,806,0.21713362068965517,0.8304156922490926,True,
1386,0.06840053299116616,0.5829725829725829,808,0.21767241379310345,0.8293068009569728,True,
1388,0.06849923505897448,0.5828530259365994,809,0.2179418103448276,0.8291377960886033,True,
1392,0.06869663919459112,0.5826149425287356,811,0.21848060344827586,0.8283742850757098,True,
1395,0.0688446922963036,0.5827956989247312,813,0.21901939655172414,0.8281274607103861,True,
1396,0.06889404333020777,0.5830945558739254,814,0.2192887931034483,0.8278441799915758,True,
1398,0.06899274539801609,0.5836909871244635,816,0.21982758620689655,0.8277116380280337,True,
1402,0.06919014953363273,0.5834522111269614,818,0.22036637931034483,0.8267448946048509,True,
1404,0.06928885160144105,0.5826210826210826,818,0.22036637931034483,0.8258935583632118,True,
1414,0.06978236194048265,0.5806223479490806,821,0.22117456896551724,0.8255519290288799,True,
1421,0.07012781917781177,0.5791695988740324,823,0.22171336206896552,0.8254553834533408,True,
1422,0.07017717021171593,0.5794655414908579,824,0.22198275862068967,0.8252538573628133,True,
1423,0.0702265212456201,0.5797610681658468,825,0.22225215517241378,0.8249037164855992,True,
1427,0.07042392538123673,0.5795374912403644,827,0.22279094827586207,0.8242179140777907,True,
1428,0.0704732764151409,0.5791316526610645,827,0.22279094827586207,0.8238844541293745,True,
1429,0.07052262744904506,0.5787263820853744,827,0.22279094827586207,0.823673152528114,True,
1430,0.07057197848294922,0.579020979020979,828,0.22306034482758622,0.8227857848867343,True,
1433,0.0707200315846617,0.5799023028611305,831,0.22386853448275862,0.8226020458954527,True,
1434,0.07076938261856586,0.5794979079497908,831,0.22386853448275862,0.8225322589087771,True,
1435,0.07081873365247002,0.5790940766550523,831,0.22386853448275862,0.8223838315730534,True,
1439,0.07101613778808666,0.5788742182070883,833,0.2244073275862069,0.822117171900854,True,
1440,0.07106548882199082,0.5791666666666667,834,0.22467672413793102,0.8216993591604727,True,
1445,0.07131224399151162,0.5771626297577854,834,0.22467672413793102,0.8214784930512283,True,
1451,0.07160835019493658,0.5768435561681599,837,0.22548491379310345,0.8213329094921542,True,
1454,0.07175640329664906,0.577028885832187,839,0.2260237068965517,0.8211060855115224,True,
1455,0.07180575433055322,0.5773195876288659,840,0.22629310344827586,0.821011467307444,True,
1456,0.07185510536445738,0.5776098901098901,841,0.2265625,0.8209936655531161,True,
1458,0.0719538074322657,0.5775034293552812,842,0.22683189655172414,0.8208621494889672,True,
1459,0.07200315846616986,0.5771076079506511,842,0.22683189655172414,0.8204046754624563,True,
1460,0.07205250950007402,0.5773972602739726,843,0.2271012931034483,0.8197991785002371,True,
1461,0.07210186053397818,0.5776865160848734,844,0.2273706896551724,0.8196926334320798,True,
1469,0.07249666880521147,0.5772634445200817,848,0.22844827586206898,0.8185839014763107,True,
1473,0.07269407294082811,0.5763747454175153,849,0.2287176724137931,0.8182181916544221,True,
1474,0.07274342397473227,0.5759837177747625,849,0.2287176724137931,0.8180453226407788,True,
1475,0.07279277500863643,0.5755932203389831,849,0.2287176724137931,0.817932540452963,True,
1476,0.07284212604254059,0.575880758807588,850,0.22898706896551724,0.8178955384448676,True,
1492,0.07363174258500715,0.5730563002680965,855,0.23033405172413793,0.8173604415847371,True,
1493,0.07368109361891131,0.5726724715338245,855,0.23033405172413793,0.815482443984507,True,
1523,0.07516162463603612,0.5764937623112278,878,0.2365301724137931,0.814786462150463,True,
1524,0.07521097566994028,0.5761154855643045,878,0.2365301724137931,0.8144100575186733,True,
1525,0.07526032670384444,0.5757377049180328,878,0.2365301724137931,0.8142214400078585,True,
1526,0.0753096777377486,0.5753604193971167,878,0.2365301724137931,0.8137399810833658,True,
1630,0.08044218526378127,0.5662576687116564,923,0.2486530172413793,0.8137356546972755,True,
1733,0.08552534175590978,0.5574148874783612,966,0.26023706896551724,0.8136186790892227,True,
1741,0.08592015002714307,0.5565766800689259,969,0.26104525862068967,0.8130282021877729,True,
1844,0.09100330651927158,0.5488069414316703,1012,0.27262931034482757,0.8127220395753079,True,
1845,0.09105265755317574,0.5490514905149051,1013,0.2728987068965517,0.8126587681608975,True,
1847,0.09115135962098406,0.5489983757444504,1014,0.27316810344827586,0.8119631254694526,True,
1849,0.09125006168879238,0.5494862087614927,1016,0.27370689655172414,0.8117104308327505,True,
1850,0.09129941272269654,0.5491891891891892,1016,0.27370689655172414,0.8114039512909598,True,
1856,0.0915955189261215,0.5484913793103449,1018,0.27424568965517243,0.8109978930799054,True,
1857,0.09164486996002566,0.5487345180398492,1019,0.2745150862068966,0.8109154943865433,True,
1875,0.09253318857030055,0.5477333333333333,1027,0.27667025862068967,0.8105261471149241,True,
1876,0.0925825396042047,0.5474413646055437,1027,0.27667025862068967,0.8087097272307185,True,
1877,0.09263189063810887,0.5476824720298349,1028,0.2769396551724138,0.8080063929309586,True,
1878,0.09268124167201303,0.547923322683706,1029,0.27720905172413796,0.8076956493598287,True,
1879,0.09273059270591719,0.5476317189994678,1029,0.27720905172413796,0.8076754076791125,True,
1992,0.0983072595370873,0.5401606425702812,1076,0.28987068965517243,0.8076500105412083,True,
2005,0.09894882297784138,0.5396508728179551,1082,0.29148706896551724,0.8075406315543558,True,
2008,0.09909687607955386,0.5403386454183267,1085,0.29229525862068967,0.8074082309026629,True,
2027,0.10003454572373291,0.5407005426739023,1096,0.2952586206896552,0.807142147891777,True,
2149,0.10605537186004046,0.5369939506747324,1154,0.3108836206896552,0.8071381920645437,True,
2161,0.10664758426689039,0.5358630263766775,1158,0.3119612068965517,0.8071140081649683,True,
2166,0.10689433943641119,0.5355493998153278,1160,0.3125,0.8070226250232491,True,
2169,0.10704239253812367,0.5352697095435685,1161,0.31276939655172414,0.806982786490373,True,
2170,0.10709174357202783,0.535483870967742,1162,0.3130387931034483,0.8069445532472168,True,
2171,0.10714109460593199,0.5352372178719484,1162,0.3130387931034483,0.8064327297946176,True,
2172,0.10719044563983615,0.5349907918968693,1162,0.3130387931034483,0.8063251369813901,True,
2173,0.10723979667374031,0.5347445927289461,1162,0.3130387931034483,0.8062851059272771,True,
2176,0.10738784977545279,0.5349264705882353,1164,0.3135775862068966,0.805192347868861,True,
2180,0.10758525391106943,0.5344036697247706,1165,0.31384698275862066,0.8047740018301786,True,
2181,0.1076346049449736,0.5346171480972031,1166,0.3141163793103448,0.804586535036172,True,
2185,0.10783200908059024,0.5340961098398169,1167,0.31438577586206895,0.8043465316872026,True,
2193,0.10822681735182352,0.5339717282261742,1171,0.3154633620689655,0.8035979695499739,True,
2201,0.1086216256230568,0.5329395729213994,1173,0.3160021551724138,0.8023663867242259,True,
2205,0.10881902975867344,0.5328798185941043,1175,0.31654094827586204,0.8020876433622476,True,
2207,0.10891773182648176,0.5323969188944269,1175,0.31654094827586204,0.8019061742734946,True,
2209,0.10901643389429008,0.5328202806699864,1177,0.31707974137931033,0.8010486858545255,True,
2210,0.10906578492819424,0.5330316742081448,1178,0.3173491379310345,0.8004507999164084,True,
2211,0.1091151359620984,0.5332428765264586,1179,0.3176185344827586,0.8004053763738919,True,
2212,0.10916448699600256,0.533001808318264,1179,0.3176185344827586,0.8002669768895921,True,
2214,0.10926318906381088,0.5329719963866305,1180,0.31788793103448276,0.7998120373998778,True,
2216,0.1093618911316192,0.5333935018050542,1182,0.31842672413793105,0.7997085917077774,True,
2234,0.11025020974189409,0.5340196956132498,1193,0.3213900862068966,0.7994344225857225,True,
2235,0.11029956077579825,0.5342281879194631,1194,0.32165948275862066,0.7992216796194397,True,
2236,0.11034891180970241,0.5344364937388193,1195,0.3219288793103448,0.7988458533057499,True,
2237,0.11039826284360657,0.5341975860527493,1195,0.3219288793103448,0.7986499771520389,True,
2239,0.11049696491141489,0.5337204108977222,1195,0.3219288793103448,0.7967763749800693,True,
2250,0.11103982628436065,0.5333333333333333,1200,0.3232758620689655,0.796299848338891,True,
2256,0.11133593248778562,0.5323581560283688,1201,0.32354525862068967,0.7960429077938389,True,
2260,0.11153333662340226,0.5323008849557522,1203,0.32408405172413796,0.7950866568293362,True,
2298,0.11340867591176035,0.5287206266318538,1215,0.32731681034482757,0.7947878264225757,True,
2304,0.11370478211518531,0.5277777777777778,1216,0.3275862068965517,0.794644756582196,True,
2306,0.11380348418299363,0.5281873373807459,1218,0.328125,0.7945810059121696,True,
2311,0.11405023935251443,0.5287754218952835,1222,0.3292025862068966,0.7942537085811632,True,
2314,0.11419829245422691,0.5289541918755402,1224,0.3297413793103448,0.7942406916394859,True,
2319,0.11444504762374771,0.5291073738680466,1227,0.33054956896551724,0.7940341872190991,True,
2321,0.11454374969155603,0.5295131408875484,1229,0.3310883620689655,0.7935977705431309,True,
2322,0.1145931007254602,0.529285099052541,1229,0.3310883620689655,0.7932103342098263,True,
2325,0.11474115382717268,0.5290322580645161,1230,0.33135775862068967,0.7924176427882598,True,
2329,0.11493855796278932,0.5294117647058824,1233,0.33216594827586204,0.7922977874871573,True,
2330,0.11498790899669348,0.5291845493562232,1233,0.33216594827586204,0.7912590551639521,True,
2331,0.11503726003059764,0.528957528957529,1233,0.33216594827586204,0.7911682069309482,True,
2332,0.1150866110645018,0.5291595197255574,1234,0.3324353448275862,0.7905295272329742,True,
2333,0.11513596209840596,0.5293613373339049,1235,0.33270474137931033,0.789902865583111,True,
2334,0.11518531313231012,0.5291345329905741,1235,0.33270474137931033,0.7893813076310079,True,
2335,0.11523466416621428,0.5293361884368308,1236,0.3329741379310345,0.788601871179327,True,
2336,0.11528401520011844,0.5291095890410958,1236,0.3329741379310345,0.788474827053626,True,
2337,0.1153333662340226,0.5288831835686778,1236,0.3329741379310345,0.7859054999154897,True,
2338,0.11538271726792676,0.5286569717707442,1236,0.3329741379310345,0.7847440426459805,True,
2340,0.11548141933573508,0.5286324786324786,1237,0.3332435344827586,0.7834508597376922,True,
2341,0.11553077036963924,0.5284066638188808,1237,0.3332435344827586,0.7830336874040507,True,
2375,0.11720870552238069,0.5267368421052632,1251,0.3370150862068966,0.7827571318039067,True,
2376,0.11725805655628485,0.5269360269360269,1252,0.33728448275862066,0.7820063406707664,True,
2431,0.11997236342101367,0.5244755244755245,1275,0.34348060344827586,0.7818446721670409,True,
2432,0.12002171445491783,0.5242598684210527,1275,0.34348060344827586,0.7809784361583342,True,
2433,0.12007106548882199,0.5244554048499794,1276,0.34375,0.7809583826673874,True,
2434,0.12012041652272615,0.5246507806080526,1277,0.34401939655172414,0.7793956292512877,True,
2447,0.12076197996348023,0.5234981610134859,1281,0.34509698275862066,0.779303450203242,True,
2471,0.12194640477718008,0.5212464589235127,1288,0.34698275862068967,0.7790586461207992,True,
2512,0.12396979716725065,0.5199044585987261,1306,0.35183189655172414,0.7785308902206458,True,
2552,0.12594383852341706,0.518025078369906,1322,0.35614224137931033,0.7779759328314133,True,
2553,0.12599318955732122,0.517822169996083,1322,0.35614224137931033,0.7775918235104226,True,
2554,0.12604254059122538,0.5180109631949883,1323,0.3564116379310345,0.7772616409122967,True,
2556,0.1261412426590337,0.5176056338028169,1323,0.3564116379310345,0.7770879177723208,True,
2560,0.12633864679465034,0.51796875,1326,0.3572198275862069,0.7757799410726341,True,
2561,0.1263879978285545,0.5177664974619289,1326,0.3572198275862069,0.775201000759691,True,
2562,0.12643734886245866,0.5179547228727557,1327,0.35748922413793105,0.7746731088290201,True,
2579,0.1272763164388294,0.5164792555253974,1332,0.3588362068965517,0.7738717152143593,True,
2618,0.12920100676109164,0.5126050420168067,1342,0.3615301724137931,0.7725701499800774,True,
2622,0.12939841089670828,0.5122044241037376,1343,0.36179956896551724,0.7724555990416976,True,
2631,0.12984257020184573,0.5112124667426834,1345,0.3623383620689655,0.7722730209692886,True,
2642,0.1303854315747915,0.5105980317940954,1349,0.36341594827586204,0.7717648751785151,True,
2680,0.13226077086314958,0.5067164179104477,1358,0.36584051724137934,0.7716585361694818,True,
2685,0.13250752603267038,0.506145251396648,1359,0.3661099137931034,0.7712073361040304,True,
2686,0.13255687706657454,0.5059568131049889,1359,0.3661099137931034,0.7711015860588865,True,
2692,0.1328529832699995,0.5048291233283804,1359,0.3661099137931034,0.7710134234745959,True,
2693,0.13290233430390366,0.5046416635722243,1359,0.3661099137931034,0.769955401783486,True,
2697,0.1330997384395203,0.5042639970337411,1360,0.36637931034482757,0.7692929445372944,True,
2699,0.13319844050732862,0.50389032975176,1360,0.36637931034482757,0.7682419877689705,True,
2700,0.13324779154123279,0.5040740740740741,1361,0.3666487068965517,0.7669790572986152,True,
2701,0.13329714257513695,0.5038874490929286,1361,0.3666487068965517,0.7669780873354811,True,
2702,0.1333464936090411,0.5040710584752035,1362,0.36691810344827586,0.7669141440030687,True,
2703,0.13339584464294527,0.5042545320014798,1363,0.3671875,0.766039202473438,True,
2704,0.13344519567684943,0.5040680473372781,1363,0.3671875,0.7654265563379203,True,
2706,0.13354389774465775,0.5040650406504065,1364,0.36745689655172414,0.7653871907175255,True,
2709,0.13369195084637023,0.5042451088962717,1366,0.36799568965517243,0.7650977003708713,True,
2716,0.13403740808369935,0.5040500736377025,1369,0.3688038793103448,0.7648965266298413,True,
2717,0.1340867591176035,0.5042326094957674,1370,0.36907327586206895,0.7644672111639174,True,
2719,0.13418546118541183,0.5042294961382862,1371,0.3693426724137931,0.7643537881172374,True,
2724,0.13443221635493263,0.5040381791483113,1373,0.3698814655172414,0.7639661064046206,True,
2727,0.1345802694566451,0.5038503850385039,1374,0.3701508620689655,0.7635178133456751,True,
2747,0.13556729013472832,0.5038223516563524,1384,0.3728448275862069,0.7627442690823865,True,
2766,0.13650495977890736,0.5036153289949385,1393,0.37526939655172414,0.7623630575909697,True,
2770,0.136702363914524,0.5032490974729242,1394,0.3755387931034483,0.7608682746974966,True,
2776,0.13699847011794897,0.502521613832853,1395,0.37580818965517243,0.7608618793896434,True,
2785,0.1374426294230864,0.5016157989228007,1397,0.37634698275862066,0.7608102552223518,True,
2790,0.1376893845926072,0.5007168458781363,1397,0.37634698275862066,0.7604192638893907,True,
2792,0.13778808666041553,0.5010744985673352,1399,0.37688577586206895,0.7600167043524785,True,
2794,0.13788678872822385,0.5010737294201861,1400,0.3771551724137931,0.7599724597432234,True,
2799,0.13813354389774465,0.5012504465880672,1403,0.3779633620689655,0.7596331222867597,True,
2808,0.1385777032028821,0.5010683760683761,1407,0.37904094827586204,0.7596318936508716,True,
2815,0.13892316044021122,0.5008880994671403,1410,0.3798491379310345,0.7595787601131074,True,
2819,0.13912056457582786,0.5001773678609436,1410,0.3798491379310345,0.7589736584816741,True,
2821,0.13921926664363618,0.500177242112726,1411,0.3801185344827586,0.7587953486746334,True,
2826,0.13946602181315698,0.4996461429582449,1412,0.38038793103448276,0.7581294516453678,True,
2865,0.14139071213541923,0.49842931937172774,1428,0.38469827586206895,0.7575743106782031,True,
2868,0.14153876523713171,0.49860529986053,1430,0.38523706896551724,0.7570561941239203,True,
2869,0.14158811627103587,0.49878006273963055,1431,0.3855064655172414,0.7564756872418907,True,
2871,0.1416868183388442,0.498780912574016,1432,0.3857758620689655,0.7562068188697469,True,
2880,0.14213097764398164,0.4982638888888889,1435,0.38658405172413796,0.7561616355606823,True,
2881,0.1421803286778858,0.49809094064560916,1435,0.38658405172413796,0.7559981124623375,True,
2882,0.14222967971178996,0.49791811242192924,1435,0.38658405172413796,0.7558448342601767,True,
2887,0.14247643488131076,0.4974021475580187,1436,0.38685344827586204,0.7551793650346145,True,
2888,0.14252578591521492,0.49722991689750695,1436,0.38685344827586204,0.7549684875076218,True,
2891,0.1426738390169274,0.49705984088550675,1437,0.3871228448275862,0.7548615000028954,True,
2892,0.14272319005083156,0.4972337482710927,1438,0.38739224137931033,0.7546271651117885,True,
2905,0.14336475349158564,0.49672977624784853,1443,0.38873922413793105,0.7545998868288355,True,
2906,0.1434141045254898,0.4965588437715072,1443,0.38873922413793105,0.7536092311393124,True,
2952,0.14568425208508118,0.4949186991869919,1461,0.3935883620689655,0.7535547847249243,True,
2957,0.14593100725460198,0.4947582008792695,1463,0.3941271551724138,0.7533967738128517,True,
2959,0.1460297093224103,0.49509969584319025,1465,0.39466594827586204,0.7533808169780413,True,
2967,0.14642451759364358,0.4947758678800135,1468,0.3954741379310345,0.753063081147688,True,
2975,0.14681932586487687,0.49445378151260505,1471,0.3962823275862069,0.7530479712530983,True,
2976,0.14686867689878103,0.49428763440860213,1471,0.3962823275862069,0.7525239599027373,True,
2981,0.14711543206830183,0.4937940288493794,1472,0.39655172413793105,0.7523301248011097,True,
2983,0.14721413413611015,0.49346295675494467,1472,0.39655172413793105,0.7520342914875353,True,
2993,0.14770764447515175,0.4931506849315068,1476,0.39762931034482757,0.7510760001897704,True,
2996,0.14785569757686423,0.493324432576769,1478,0.39816810344827586,0.7509161587250358,True,
2997,0.1479050486107684,0.4931598264931598,1478,0.39816810344827586,0.750872057647668,True,
2999,0.1480037506785767,0.49316438812937646,1479,0.3984375,0.7503596274239063,True,
3001,0.14810245274638503,0.4931689436854382,1480,0.39870689655172414,0.7499279398945266,True,
3008,0.14844790998371415,0.49268617021276595,1482,0.39924568965517243,0.7497644973418819,True,
3009,0.14849726101761831,0.49252243270189433,1482,0.39924568965517243,0.749572464502313,True,
3010,0.14854661205152248,0.4926910299003322,1483,0.3995150862068966,0.7491820184365666,True,
3017,0.1488920692888516,0.49221080543586343,1485,0.4000538793103448,0.7490470437926718,True,
3018,0.14894142032275576,0.49204771371769385,1485,0.4000538793103448,0.7488147964875499,True,
3021,0.14908947342446824,0.4915590863952334,1485,0.4000538793103448,0.7486598635453704,True,
3025,0.14928687756008488,0.4915702479338843,1487,0.4005926724137931,0.7485628848332289,True,
3027,0.1493855796278932,0.49157581764122893,1488,0.40086206896551724,0.7482787313975832,True,
3038,0.14992844100083896,0.49177090190915074,1494,0.40247844827586204,0.7469377082924359,True,
3040,0.15002714306864728,0.49144736842105263,1494,0.40247844827586204,0.7464763447213384,True,
3041,0.15007649410255144,0.49128576126274254,1494,0.40247844827586204,0.7463199295915165,True,
3043,0.15017519617035976,0.4912914886625041,1495,0.4027478448275862,0.745883322262879,True,
3047,0.1503726003059764,0.49163111256974074,1498,0.4035560344827586,0.7458330396729803,True,
3048,0.15042195133988057,0.4914698162729659,1498,0.4035560344827586,0.7457585067003291,True,
3049,0.15047130237378473,0.4913086257789439,1498,0.4035560344827586,0.7455805503565042,True,
3050,0.1505206534076889,0.4914754098360656,1499,0.40382543103448276,0.7453322640567369,True,
3052,0.1506193554754972,0.49148099606815204,1500,0.4040948275862069,0.7448714200192559,True,
3055,0.1507674085772097,0.4916530278232406,1502,0.4046336206896552,0.7446888880749625,True,
3059,0.15096481271282633,0.4916639424648578,1504,0.4051724137931034,0.7446806958212516,True,
3061,0.15106351478063465,0.4913426984645541,1504,0.4051724137931034,0.7442804298193364,True,
3068,0.15140897201796377,0.4908735332464146,1506,0.4057112068965517,0.7437526710542879,True,
3122,0.15407392784878843,0.49039077514413837,1531,0.4124461206896552,0.7426355141677893,True,
3124,0.15417262991659675,0.4900768245838668,1531,0.4124461206896552,0.7426284032036987,True,
3125,0.1542219809505009,0.48992,1531,0.4124461206896552,0.7423803468617307,True,
3132,0.15456743818783003,0.4897828863346105,1534,0.41325431034482757,0.7421478280830344,True,
3136,0.15476484232344667,0.48947704081632654,1535,0.4135237068965517,0.7421223179345949,True,
3180,0.15693628781522972,0.4861635220125786,1546,0.41648706896551724,0.741974875866997,True,
3202,0.15802201056112125,0.4840724547158026,1550,0.4175646551724138,0.7418693137937136,True,
3203,0.1580713615950254,0.48392132375897595,1550,0.4175646551724138,0.741652089631714,True,
3207,0.15826876573064205,0.48331774243841596,1550,0.4175646551724138,0.7414675107295933,True,
3211,0.1584661698662587,0.48396138274680783,1554,0.41864224137931033,0.7413645870456049,True,
3213,0.15856487193406701,0.4839713663243075,1555,0.4189116379310345,0.7412798294564267,True,
3261,0.1609337215614667,0.48390064397424104,1578,0.42510775862068967,0.7407012782161275,True,
3268,0.16127917879879583,0.48408812729498163,1582,0.4261853448275862,0.7404086801725763,True,
3314,0.1635493263583872,0.480084490042245,1591,0.4286099137931034,0.7403769168856532,True,
3327,0.1641908897991413,0.4791103095882176,1594,0.42941810344827586,0.7395361329865396,True,
3332,0.1644376449686621,0.4789915966386555,1596,0.42995689655172414,0.7390169406281697,True,
3333,0.16448699600256625,0.47914791479147917,1597,0.4302262931034483,0.7388370015806272,True,
3335,0.16458569807037457,0.4788605697151424,1597,0.4302262931034483,0.738330364939357,True,
3340,0.16483245323989537,0.4787425149700599,1599,0.4307650862068966,0.7379856108474928,True,
3341,0.16488180427379953,0.47889853337324156,1600,0.43103448275862066,0.7360975455449237,True,
3345,0.16507920840941617,0.4789237668161435,1602,0.43157327586206895,0.7359133660855081,True,
3350,0.16532596357893697,0.4791044776119403,1605,0.4323814655172414,0.735814191982708,True,
3353,0.16547401668064946,0.4792722934685356,1607,0.43292025862068967,0.7355506459542718,True,
3354,0.16552336771455362,0.47942754919499103,1608,0.4331896551724138,0.7351098312959945,True,
3362,0.1659181759857869,0.47947650208209397,1612,0.43426724137931033,0.7341988715271454,True,
3363,0.16596752701969106,0.47933392804044006,1612,0.43426724137931033,0.7326754085908679,True,
3370,0.16631298425702018,0.4795252225519288,1616,0.4353448275862069,0.7324370318353056,True,
3372,0.1664116863248285,0.4792408066429419,1616,0.4353448275862069,0.7317950060058038,True,
3375,0.16655973942654098,0.4791111111111111,1617,0.43561422413793105,0.731547148968162,True,
3379,0.16675714356215762,0.4785439479135839,1617,0.43561422413793105,0.7309569056123266,True,
3380,0.16680649459606178,0.4784023668639053,1617,0.43561422413793105,0.7308458817937509,True,
3382,0.1669051966638701,0.47811945594322885,1617,0.43561422413793105,0.7305809296862379,True,
3384,0.16700389873167842,0.4778368794326241,1617,0.43561422413793105,0.730459780271478,True,
3385,0.16705324976558258,0.4776957163958641,1617,0.43561422413793105,0.7303973439217009,True,
3386,0.16710260079948674,0.47755463673951565,1617,0.43561422413793105,0.7301635204922596,True,
3393,0.16744805803681587,0.4768641320365458,1618,0.4358836206896552,0.7301618699746699,True,
3400,0.167793515274145,0.4764705882352941,1620,0.4364224137931034,0.7301253507347745,True,
3402,0.1678922173419533,0.4764844209288654,1621,0.43669181034482757,0.7295323185034179,True,
3407,0.1681389725114741,0.47666568828881717,1624,0.4375,0.7291454948610043,True,
3408,0.16818832354537827,0.4765258215962441,1624,0.4375,0.7289049862729733,True,
3409,0.16823767457928243,0.47638603696098564,1624,0.4375,0.7286116724086809,True,
3449,0.17021171593544884,0.47434038851841115,1636,0.44073275862068967,0.7280865235681862,True,
3457,0.17060652420668213,0.47468903673705526,1641,0.44207974137931033,0.7280100513452874,True,
3461,0.17080392834229877,0.4741404218433979,1641,0.44207974137931033,0.7279221729034653,True,
3467,0.17110003454572373,0.4738967406980098,1643,0.4426185344827586,0.7278755351075874,True,
3469,0.17119873661353205,0.47391179014125107,1644,0.44288793103448276,0.727796480065088,True,
3472,0.17134678971524453,0.4740783410138249,1646,0.44342672413793105,0.7274497921054712,True,
3483,0.1718896510881903,0.4731553258685042,1648,0.44396551724137934,0.7251688212056041,True,
3484,0.17193900212209445,0.4730195177956372,1648,0.44396551724137934,0.72491413240772,True,
3494,0.17243251246113606,0.47309673726388096,1653,0.4453125,0.7247190661558691,True,
3495,0.17248186349504022,0.4732474964234621,1654,0.44558189655172414,0.7241769590381832,True,
3496,0.17253121452894438,0.47339816933638446,1655,0.4458512931034483,0.7239454449396315,True,
3497,0.17258056556284854,0.473262796682871,1655,0.4458512931034483,0.7238755917040184,True,
3499,0.17267926763065686,0.4729922835095742,1655,0.4458512931034483,0.7223973407275037,True,
3500,0.17272861866456102,0.47285714285714286,1655,0.4458512931034483,0.722330395289719,True,
3501,0.17277796969846518,0.472722079405884,1655,0.4458512931034483,0.7214162832029817,True,
3504,0.17292602280017766,0.4723173515981735,1655,0.4458512931034483,0.7202496101492291,True,
3505,0.17297537383408182,0.4724679029957204,1656,0.44612068965517243,0.7198388358277616,True,
3507,0.17307407590189014,0.4724836042201312,1657,0.4463900862068966,0.7190424563274159,True,
3509,0.17317277796969846,0.47221430607010545,1657,0.4463900862068966,0.7188597969677476,True,
3514,0.17341953313921926,0.47154240182128626,1657,0.4463900862068966,0.7188430746085177,True,
3528,0.1741104476138775,0.47250566893424034,1667,0.44908405172413796,0.7183627882050059,True,
3532,0.17430785174949415,0.4731030577576444,1671,0.4501616379310345,0.7177790311700436,True,
3533,0.1743572027833983,0.4729691480328333,1671,0.4501616379310345,0.7175318924410872,True,
3552,0.17529487242757735,0.47184684684684686,1676,0.4515086206896552,0.717234999132024,True,
3555,0.17544292552928983,0.47144866385372713,1676,0.4515086206896552,0.7171737695759821,True,
3557,0.17554162759709815,0.47118358166994656,1676,0.4515086206896552,0.7163506377057965,True,
3566,0.1759857869022356,0.47083567021873246,1679,0.45231681034482757,0.7163080616961525,True,
3567,0.17603513793613976,0.47070367255396695,1679,0.45231681034482757,0.7148020799877877,True,
3568,0.17608448897004392,0.4705717488789238,1679,0.45231681034482757,0.7145138920976243,True,
3608,0.17805853032621033,0.47034368070953436,1697,0.45716594827586204,0.7143300967613897,True,
3609,0.1781078813601145,0.47021335550013854,1697,0.45716594827586204,0.7137341499492572,True,
3610,0.17815723239401865,0.4703601108033241,1698,0.4574353448275862,0.7134654910693501,True,
3613,0.17830528549573113,0.46996955438693605,1698,0.4574353448275862,0.7134166678402497,True,
3617,0.17850268963134777,0.469726292507603,1699,0.45770474137931033,0.7134025845893284,True,
3666,0.18092089029265163,0.4675395526459356,1714,0.46174568965517243,0.7131366069102154,True,
3703,0.18274687854710556,0.4663786119362679,1727,0.4652478448275862,0.7129514168592828,True,
3704,0.18279622958100972,0.4662526997840173,1727,0.4652478448275862,0.7125218463701559,True,
3709,0.18304298475053052,0.46589377190617415,1728,0.46551724137931033,0.7124202926813592,True,
3710,0.18309233578443468,0.4660377358490566,1729,0.4657866379310345,0.7123207539452302,True,
3714,0.18328973992005132,0.4658050619278406,1730,0.4660560344827586,0.7123015048317705,True,
3715,0.18333909095395548,0.46594885598923286,1731,0.46632543103448276,0.7122707906197495,True,
3717,0.1834377930217638,0.4659671778315846,1732,0.4665948275862069,0.7114623637853392,True,
3724,0.18378325025909292,0.4658968850698174,1735,0.46740301724137934,0.711442307803887,True,
3726,0.18388195232690124,0.4656468062265164,1735,0.46740301724137934,0.7112296544122536,True,
3727,0.1839313033608054,0.4657901797692514,1736,0.4676724137931034,0.7111272117913517,True,
3763,0.18570794058135517,0.464257241562583,1747,0.47063577586206895,0.710166897596827,True,
3771,0.18610274885258846,0.4643330681516839,1751,0.4717133620689655,0.7093034197185796,True,
3817,0.18837289641217983,0.46397694524495675,1771,0.4771012931034483,0.708773987158442,True,
3818,0.188422247446084,0.463855421686747,1771,0.4771012931034483,0.70826880025964,True,
3821,0.18857030054779647,0.4640146558492541,1773,0.4776400862068966,0.7078112556016137,True,
3822,0.18861965158170063,0.4638932496075353,1773,0.4776400862068966,0.7076930640228791,True,
3823,0.1886690026156048,0.46377190687941405,1773,0.4776400862068966,0.7076347323115665,True,
3832,0.18911316192074223,0.46346555323590816,1776,0.47844827586206895,0.7074430284095429,True,
3834,0.18921186398855055,0.46322378716744916,1776,0.47844827586206895,0.7061629248925211,True,
3837,0.18935991709026304,0.46338285118582223,1778,0.47898706896551724,0.7059833760411492,True,
3838,0.1894092681241672,0.4635226680562793,1779,0.4792564655172414,0.7058160550546814,True,
3858,0.1903962888022504,0.4629341627786418,1786,0.48114224137931033,0.7054981761247473,True,
3860,0.19049499087005872,0.4626943005181347,1786,0.48114224137931033,0.7048027448952955,True,
3884,0.19167941568375857,0.46086508753862,1790,0.4822198275862069,0.7037019308543553,True,
3903,0.19261708532793761,0.4606712785037151,1798,0.484375,0.703574496443772,True,
3904,0.19266643636184178,0.4605532786885246,1798,0.484375,0.7027419470340157,True,
3916,0.1932586487686917,0.4604187946884576,1803,0.48572198275862066,0.7014853365033019,True,
3922,0.19355475497211666,0.4604793472718001,1806,0.4865301724137931,0.701469079132881,True,
3924,0.19365345703992498,0.4602446483180428,1806,0.4865301724137931,0.7013656870676293,True,
3925,0.19370280807382914,0.4601273885350318,1806,0.4865301724137931,0.7013207193759844,True,
3939,0.19439372254848739,0.45976136075145974,1811,0.4878771551724138,0.70075605332826,True,
3973,0.19607165770122884,0.45909891769443745,1824,0.49137931034482757,0.7004690604689165,True,
3974,0.196121008735133,0.45923502767991947,1825,0.4916487068965517,0.7000259527165517,True,
3978,0.19631841287074964,0.45877325289089993,1825,0.4916487068965517,0.6992085661258142,True,
3979,0.1963677639046538,0.4586579542598643,1825,0.4916487068965517,0.6991469178434682,True,
3980,0.19641711493855796,0.4585427135678392,1825,0.4916487068965517,0.6987097851087939,True,
3986,0.19671322114198292,0.45810336176618166,1826,0.49191810344827586,0.698707774395018,True,
3990,0.19691062527759956,0.45764411027568924,1826,0.49191810344827586,0.6983416013755588,True,
4005,0.19765089078616196,0.45717852684144816,1831,0.4932650862068966,0.6972876284936022,True,
4007,0.19774959285397029,0.4571999001746943,1832,0.49353448275862066,0.6968501027352729,True,
4010,0.19789764595568277,0.4571072319201995,1833,0.4938038793103448,0.6968302582701237,True,
4011,0.19794699698958693,0.4572425828970332,1834,0.49407327586206895,0.6967072946504212,True,
4013,0.19804569905739525,0.4572638923498629,1835,0.4943426724137931,0.6966133407639553,True,
4045,0.19962493214232838,0.45636588380716936,1846,0.4973060344827586,0.6934946785559745,True,
4046,0.19967428317623254,0.45625308947108256,1846,0.4973060344827586,0.6931701365158146,True,
4048,0.19977298524404086,0.45652173913043476,1848,0.4978448275862069,0.6931334763436828,True,
4049,0.19982233627794502,0.456408989874043,1848,0.4978448275862069,0.6926063986750169,True,
4050,0.19987168731184918,0.4562962962962963,1848,0.4978448275862069,0.6924184346276203,True,
4059,0.20031584661698662,0.45651638334565164,1853,0.49919181034482757,0.6921657561352549,True,
4060,0.20036519765089078,0.4564039408866995,1853,0.49919181034482757,0.6916128804726539,True,
4061,0.20041454868479494,0.45653779857178034,1854,0.4994612068965517,0.6908082290808152,True,
4068,0.20076000592212406,0.4557522123893805,1854,0.4994612068965517,0.6899032504505973,True,
4069,0.20080935695602822,0.4558859670680757,1855,0.49973060344827586,0.6897700713792819,True,
4075,0.20110546315945318,0.45521472392638035,1855,0.49973060344827586,0.6894790483163049,True,
4079,0.20130286729506983,0.45476832556999264,1855,0.49973060344827586,0.6889263113555523,True,
4081,0.20140156936287815,0.45454545454545453,1855,0.49973060344827586,0.688517935756224,True,
4083,0.20150027143068647,0.4543228018613764,1855,0.49973060344827586,0.6884108945833886,True,
4085,0.2015989734984948,0.4541003671970624,1855,0.49973060344827586,0.6879091375348854,True,
4090,0.2018457286680156,0.4545232273838631,1859,0.5008081896551724,0.6877091764094976,True,
4116,0.20312885554952376,0.45335276967930027,1866,0.5026939655172413,0.6874279443037301,True,
4117,0.20317820658342792,0.45324265241680833,1866,0.5026939655172413,0.687407443760754,True,
4132,0.20391847209199032,0.45353339787028074,1874,0.5048491379310345,0.6868589722834874,True,
4136,0.20411587622760696,0.45309477756286265,1874,0.5048491379310345,0.6865261469779461,True,
4138,0.20421457829541528,0.4531174480425326,1875,0.5051185344827587,0.6853125970276742,True,
4142,0.20441198243103192,0.45316272332206664,1877,0.5056573275862069,0.6848211183280841,True,
4196,0.20707693826185658,0.45066730219256435,1891,0.5094288793103449,0.6847780793060187,True,
4227,0.20860682031288555,0.4494913650343033,1900,0.5118534482758621,0.6837800677823155,True,
4233,0.2089029265163105,0.4488542404913773,1900,0.5118534482758621,0.6826093593632288,True,
4282,0.21132112717761437,0.4465203176085941,1912,0.5150862068965517,0.6817591352882039,True,
4283,0.21137047821151853,0.4466495447116507,1913,0.5153556034482759,0.6817323901245834,True,
4287,0.21156788234713517,0.4464660601819454,1914,0.515625,0.6809074138711307,True,
4304,0.2124068499235059,0.44632899628252787,1921,0.517510775862069,0.6807151913137505,True,
4311,0.212752307160835,0.44630016237531894,1924,0.5183189655172413,0.6805778770033788,True,
4319,0.2131471154320683,0.4459365593887474,1926,0.5188577586206896,0.6801247456814825,True,
4320,0.21319646646597246,0.44583333333333336,1926,0.5188577586206896,0.6796406139580526,True,
4321,0.21324581749987662,0.4459615829669058,1927,0.5191271551724138,0.6786132517356219,True,
4324,0.2133938706015891,0.44565217391304346,1927,0.5191271551724138,0.6784965027840971,True,
4325,0.21344322163549326,0.4455491329479769,1927,0.5191271551724138,0.6782294474419822,True,
4352,0.21477569955090559,0.4446231617647059,1935,0.5212823275862069,0.6778478888385496,True,
4355,0.21492375265261807,0.44454649827784154,1936,0.521551724137931,0.6763041754127151,True,
4387,0.2165029857375512,0.4435833143378163,1946,0.5242456896551724,0.6760378071415698,True,
4388,0.21655233677145536,0.443482224247949,1946,0.5242456896551724,0.6754230503704621,True,
4392,0.216749740907072,0.44330601092896177,1947,0.5245150862068966,0.6747583723263901,True,
4393,0.21679909194097616,0.44320509902117006,1947,0.5245150862068966,0.6743382133407703,True,
4399,0.21709519814440112,0.442600591043419,1947,0.5245150862068966,0.6740343891511303,True,
4402,0.2172432512461136,0.4425261244888687,1948,0.5247844827586207,0.6705360769248396,True,
4460,0.2201056112125549,0.44103139013452913,1967,0.5299030172413793,0.6687876626317977,True,
4476,0.22089522775502146,0.44168900804289546,1977,0.5325969827586207,0.6682415791602121,True,
4477,0.22094457878892562,0.4415903506812598,1977,0.5325969827586207,0.6680737854883045,True,
4487,0.22143808912796722,0.44127479384889684,1980,0.5334051724137931,0.6669005676157843,True,
4488,0.22148744016187139,0.4413992869875223,1981,0.5336745689655172,0.66649907460642,True,
4489,0.22153679119577555,0.44152372466028067,1982,0.5339439655172413,0.666146709638531,True,
4490,0.2215861422296797,0.4414253897550111,1982,0.5339439655172413,0.6655105973469491,True,
4497,0.22193159946700883,0.4409606404269513,1983,0.5342133620689655,0.6654736000473127,True,
4498,0.221980950500913,0.44086260560249,1983,0.5342133620689655,0.6652954543457861,True,
4501,0.22212900360262547,0.4405687624972228,1983,0.5342133620689655,0.6649489134099416,True,
4502,0.22217835463652963,0.4404709018214127,1983,0.5342133620689655,0.664155346846021,True,
4505,0.2223264077382421,0.44017758046614874,1983,0.5342133620689655,0.6636151761722938,True,
4507,0.22242510980605043,0.44042600399378745,1985,0.5347521551724138,0.6629111747618941,True,
4508,0.2224744608399546,0.44032830523513755,1985,0.5347521551724138,0.6627836897643078,True,
4514,0.22277056704337955,0.4399645547186531,1986,0.5350215517241379,0.6626266840220686,True,
4515,0.2228199180772837,0.4398671096345515,1986,0.5350215517241379,0.662580840672923,True,
4516,0.22286926911118787,0.43976970770593443,1986,0.5350215517241379,0.662101720181016,True,
4564,0.22523811873858757,0.43908851884312006,2004,0.5398706896551724,0.662086142979399,True,
4565,0.22528746977249173,0.4389923329682366,2004,0.5398706896551724,0.6620666207892146,True,
4569,0.22548487390810837,0.43860801050558107,2004,0.5398706896551724,0.6615370596008364,True,
4581,0.2260770863149583,0.4381139489194499,2007,0.5406788793103449,0.6612630682274067,True,
4582,0.22612643734886245,0.438018332605849,2007,0.5406788793103449,0.6582131680673344,True,
4583,0.2261757883827666,0.43814095570586953,2008,0.540948275862069,0.6576475681725498,True,
4589,0.22647189458619157,0.4377860100239704,2009,0.5412176724137931,0.6539954670238699,True,
4598,0.22691605389132902,0.4373640713353632,2011,0.5417564655172413,0.6525324176405539,True,
4604,0.22721216009475398,0.43722849695916594,2013,0.5422952586206896,0.6520405383334161,True,
4614,0.22770567043379558,0.4367143476376246,2015,0.5428340517241379,0.6516186474922677,True,
4615,0.22775502146769974,0.43661971830985913,2015,0.5428340517241379,0.651439762337286,True,
4618,0.22790307456941222,0.43655262018189694,2016,0.5431034482758621,0.6504728538519701,True,
4663,0.23012387109509944,0.4368432339695475,2037,0.548760775862069,0.6500879958248706,True,
4666,0.23027192419681192,0.4367766823831976,2038,0.5490301724137931,0.6496941315122756,True,
4668,0.23037062626462024,0.4365895458440446,2038,0.5490301724137931,0.6476404476979073,True,
4669,0.2304199772985244,0.43671021632041124,2039,0.5492995689655172,0.6473754314031548,True,
4677,0.23081478556975768,0.43617703656189866,2040,0.5495689655172413,0.6464950564428579,True,
4685,0.23120959384099096,0.43543223052294555,2040,0.5495689655172413,0.6446892981543907,True,
4693,0.23160440211222424,0.4355422970381419,2044,0.5506465517241379,0.6428696962031859,True,
4695,0.23170310418003257,0.43578274760383384,2046,0.5511853448275862,0.6427668898452013,True,
4702,0.2320485614173617,0.43534666099532116,2047,0.5514547413793104,0.6425068609471274,True,
4703,0.23209791245126585,0.4352540931320434,2047,0.5514547413793104,0.6409427744507834,True,
4711,0.23249272072249913,0.43493950329017195,2049,0.5519935344827587,0.6405773412681485,True,
4712,0.2325420717564033,0.4350594227504245,2050,0.5522629310344828,0.6390897987736864,True,
4719,0.2328875289937324,0.43462598008052555,2051,0.5525323275862069,0.6384879229870739,True,
4750,0.23441741104476138,0.4328421052631579,2056,0.5538793103448276,0.6332026901257956,True,
4752,0.2345161131125697,0.43265993265993263,2056,0.5538793103448276,0.6308419702864628,True,
4784,0.23609534619750283,0.43122909698996653,2063,0.5557650862068966,0.6306822232060565,True,
4785,0.236144697231407,0.4311389759665622,2063,0.5557650862068966,0.6294772259931305,True,
4786,0.23619404826531115,0.43104889260342666,2063,0.5557650862068966,0.6293284909790958,True,
4787,0.2362433992992153,0.43095884687695846,2063,0.5557650862068966,0.6292726440542937,True,
4816,0.23767457928243596,0.42981727574750833,2070,0.5576508620689655,0.6286818127766359,True,
4821,0.23792133445195676,0.4295789255341215,2071,0.5579202586206896,0.6285530040558158,True,
4824,0.23806938755366924,0.4295190713101161,2072,0.5581896551724138,0.627791316529526,True,
4825,0.2381187385875734,0.4294300518134715,2072,0.5581896551724138,0.6272483292694527,True,
4828,0.23826679168928588,0.4291632145816073,2072,0.5581896551724138,0.6271164795304195,True,
4829,0.23831614272319004,0.4292814247256161,2073,0.5584590517241379,0.6269551227922976,True,
4831,0.23841484479099836,0.42910370523701097,2073,0.5584590517241379,0.626650933579924,True,
4832,0.23846419582490253,0.4292218543046358,2074,0.5587284482758621,0.6260142547464128,True,
4833,0.23851354685880669,0.42933995447961926,2075,0.5589978448275862,0.6254326679325511,True,
4841,0.23890835513003997,0.42863044825449287,2075,0.5589978448275862,0.6252939006055387,True,
4842,0.23895770616394413,0.42874845105328374,2076,0.5592672413793104,0.6250478206071551,True,
4843,0.2390070571978483,0.4286599215362379,2076,0.5592672413793104,0.6247389438329527,True,
4848,0.2392538123673691,0.42863036303630364,2078,0.5598060344827587,0.6234287720965034,True,
4851,0.23940186546908157,0.4283652855081426,2078,0.5598060344827587,0.623105770239134,True,
4858,0.2397473227064107,0.4283655825442569,2081,0.560614224137931,0.6225199822100466,True,
4863,0.2399940778759315,0.4281307834669957,2082,0.5608836206896551,0.6223880909559377,True,
4864,0.24004342890983565,0.42804276315789475,2082,0.5608836206896551,0.6215637358835526,True,
4865,0.24009277994373981,0.4279547790339157,2082,0.5608836206896551,0.6187089748436833,True,
4893,0.2414746088930563,0.42693643981197626,2089,0.5627693965517241,0.6184500959369229,True,
4894,0.24152395992696046,0.4268492031058439,2089,0.5627693965517241,0.6159140151633109,True,
4895,0.24157331096086462,0.42676200204290093,2089,0.5627693965517241,0.6146667737532001,True,
4904,0.24201747026600207,0.4265905383360522,2092,0.5635775862068966,0.613303744778918,True,
4906,0.2421161723338104,0.42662046473705667,2093,0.5638469827586207,0.6131132325304697,True,
4908,0.2422148744016187,0.4264466177669112,2093,0.5638469827586207,0.6128109219371662,True,
4938,0.24369540541874352,0.4250708788983394,2099,0.5654633620689655,0.6120827631547018,True,
4946,0.2440902136899768,0.4247877072381723,2101,0.5660021551724138,0.610405797252552,True,
4947,0.24413956472388096,0.42470183949868606,2101,0.5660021551724138,0.6101778578916555,True,
4948,0.24418891575778512,0.4246160064672595,2101,0.5660021551724138,0.6071494304804719,True,
4949,0.24423826679168928,0.4245302081228531,2101,0.5660021551724138,0.6068731682593901,True,
4951,0.2443369688594976,0.42476267420723085,2103,0.5665409482758621,0.6049622555808036,True,
4968,0.24517593643586832,0.42391304347826086,2106,0.5673491379310345,0.6047812133262185,True,
4969,0.24522528746977248,0.4238277319380157,2106,0.5673491379310345,0.602663780116447,True,
4970,0.24527463850367665,0.42374245472837024,2106,0.5673491379310345,0.602342657724882,True,
4971,0.2453239895375808,0.42365721182860594,2106,0.5673491379310345,0.5987788706683874,True,
4976,0.2455707447071016,0.4234324758842444,2107,0.5676185344827587,0.5977554420346934,True,
4977,0.24562009574100577,0.42334739803094235,2107,0.5676185344827587,0.5977215715397037,True,
4978,0.24566944677490993,0.4232623543591804,2107,0.5676185344827587,0.5968427753639326,True,
4983,0.24591620194443073,0.4230383303230985,2108,0.5678879310344828,0.5950750719465846,True,
4986,0.2460642550461432,0.42278379462494986,2108,0.5678879310344828,0.5938685195646588,True,
4990,0.24626165918175985,0.42244488977955913,2108,0.5678879310344828,0.5938111101493947,True,
4991,0.246311010215664,0.422360248447205,2108,0.5678879310344828,0.5929917827869298,True,
4998,0.24665646745299313,0.421968787515006,2109,0.5681573275862069,0.5928069377797934,True,
4999,0.2467058184868973,0.42208441688337667,2110,0.568426724137931,0.5900375845709981,True,
5001,0.24680452055470561,0.4221155768846231,2111,0.5686961206896551,0.5863573162890969,True,
5005,0.24700192469032226,0.421978021978022,2112,0.5689655172413793,0.5862382053617091,True,
5010,0.24724867985984306,0.4215568862275449,2112,0.5689655172413793,0.5862227977272162,True,
5019,0.2476928391649805,0.42139868499701133,2115,0.5697737068965517,0.5824547580876893,True,
5021,0.24779154123278882,0.42123083051185023,2115,0.5697737068965517,0.5814376419927133,True,
5026,0.24803829640230962,0.42140867489056905,2118,0.5705818965517241,0.5783104410463336,True,
5028,0.24813699847011794,0.4216388225934765,2120,0.5711206896551724,0.5777290766856628,True,
5038,0.24863050880915954,0.42139737991266374,2123,0.5719288793103449,0.576632851696515,True,
5039,0.2486798598430637,0.421313752728716,2123,0.5719288793103449,0.5732194108405825,True,
5041,0.24877856191087203,0.4211465978972426,2123,0.5719288793103449,0.5728415689594872,True,
5043,0.24887726397868035,0.420979575649415,2123,0.5719288793103449,0.5710511935007568,True,
5045,0.24897596604648867,0.42120911793855303,2125,0.5724676724137931,0.56741615392578,True,
5053,0.24937077431772195,0.42113595883633487,2128,0.5732758620689655,0.5670433181344208,True,
5054,0.2494201253516261,0.4212504946576969,2129,0.5735452586206896,0.5646784554150791,True,
5060,0.24971623155505107,0.4207509881422925,2129,0.5735452586206896,0.5637505921215484,True,
5064,0.2499136356906677,0.42041864139020535,2129,0.5735452586206896,0.5625142105455283,True,
5065,0.24996298672457187,0.4203356367226061,2129,0.5735452586206896,0.5589541935681299,True,
5066,0.25001233775847603,0.420252664824319,2129,0.5735452586206896,0.5560329170459554,True,
5068,0.25011103982628435,0.420284135753749,2130,0.5738146551724138,0.555136755993103,True,
5069,0.25016039086018854,0.42020122312093117,2130,0.5738146551724138,0.5549832549806578,True,
5070,0.2502097418940927,0.42011834319526625,2130,0.5738146551724138,0.5469651736438348,True,
5079,0.25065390119923014,0.4195707816499311,2131,0.5740840517241379,0.5468668762244929,True,
5086,0.25099935843655924,0.41899331498230435,2131,0.5740840517241379,0.5437984892885604,True,
5092,0.2512954646399842,0.4184996072270228,2131,0.5740840517241379,0.5421919946410363,True,
5095,0.2514435177416967,0.4182531894013739,2131,0.5740840517241379,0.5420465607937005,True,
5103,0.25183832601293,0.41759749167156573,2131,0.5740840517241379,0.5408822093473349,True,
5105,0.2519370280807383,0.41743388834476003,2131,0.5740840517241379,0.5361113205412523,True,
5106,0.25198637911464244,0.4173521347434391,2131,0.5740840517241379,0.5351800564457757,True,
5113,0.2523318363519716,0.41678075493839234,2131,0.5740840517241379,0.534720109967286,True,
5114,0.2523811873858757,0.4166992569417286,2131,0.5740840517241379,0.5344407883761063,True,
5117,0.25252924048758824,0.4164549540746531,2131,0.5740840517241379,0.5243569824625758,True,
5119,0.25262794255539656,0.41629224457901937,2131,0.5740840517241379,0.5234367249567462,True,
5120,0.2526772935893007,0.4162109375,2131,0.5740840517241379,0.5229453780170061,True,
5121,0.2527266446232049,0.41612966217535635,2131,0.5740840517241379,0.5211524583593198,True,
5125,0.2529240487588215,0.41580487804878047,2131,0.5740840517241379,0.5210322150842291,True,
5137,0.25351626116567144,0.41502822659139577,2132,0.5743534482758621,0.5203665439271574,True,
5138,0.2535656121995756,0.4149474503697937,2132,0.5743534482758621,0.5190408121303824,True,
5139,0.25361496323347976,0.415061295971979,2133,0.5746228448275862,0.5189099407830307,True,
5145,0.2539110694369047,0.4145772594752187,2133,0.5746228448275862,0.5177540921886943,True,
5147,0.25400977150471304,0.41441616475616866,2133,0.5746228448275862,0.5079611403831987,True,
5150,0.2541578246064255,0.4141747572815534,2133,0.5746228448275862,0.5078957606565953,True,
5152,0.2542565266742338,0.4140139751552795,2133,0.5746228448275862,0.5052025723368195,True,
5162,0.2547500370132754,0.4134056567222007,2134,0.5748922413793104,0.5045438031038563,True,
5164,0.25484873908108374,0.41324554608830366,2134,0.5748922413793104,0.5037002860802154,True,
5165,0.25489809011498793,0.41316553727008715,2134,0.5748922413793104,0.4975490571705266,True,
5167,0.25499679218279625,0.4130056125411264,2134,0.5748922413793104,0.4918579839369428,True,
5168,0.2550461432167004,0.41292569659442724,2134,0.5748922413793104,0.49158956957087035,True,
5179,0.2555890045896462,0.41224174551071635,2135,0.5751616379310345,0.4888402942198684,True,
5186,0.25593446182697527,0.41207096027767065,2137,0.5757004310344828,0.48750103184389754,True,
5188,0.2560331638947836,0.4119121048573631,2137,0.5757004310344828,0.4820222840611626,True,
5189,0.2560825149286878,0.41183272306802854,2137,0.5757004310344828,0.4775254651794368,True,
5192,0.25623056803040023,0.41159476117103233,2137,0.5757004310344828,0.47524422552101836,True,
5194,0.25632927009820855,0.41143627262225646,2137,0.5757004310344828,0.4749568113865731,True,
5197,0.25647732319992106,0.4113911872233981,2138,0.5759698275862069,0.46976497318590227,True,
5202,0.25672407836944183,0.41099577085736255,2138,0.5759698275862069,0.4597060840536359,True,
5212,0.25721758870848344,0.4107828089025326,2141,0.5767780172413793,0.45434411557762405,True,
5213,0.2572669397423876,0.41070400920774985,2141,0.5767780172413793,0.45196360565777344,True,
5214,0.25731629077629176,0.4108170310701956,2142,0.5770474137931034,0.4435582762884557,True,
5221,0.2576617480136209,0.4108408350890634,2145,0.5778556034482759,0.442751390764511,True,
5223,0.2577604500814292,0.4106835152211373,2145,0.5778556034482759,0.4422015303544279,True,
5224,0.25780980111533336,0.41060490045941805,2145,0.5778556034482759,0.44179592958684094,True,
5229,0.2580565562848542,0.41059475999235034,2147,0.5783943965517241,0.4366490461176382,True,
5231,0.2581552583526625,0.41043777480405275,2147,0.5783943965517241,0.4335436255434506,True,
5232,0.25820460938656664,0.41035932721712537,2147,0.5783943965517241,0.4325426927309313,True,
5238,0.2585007155899916,0.409889270714013,2147,0.5783943965517241,0.4290706881945506,True,
5241,0.2586487686917041,0.40965464605991225,2147,0.5783943965517241,0.42749920023056254,True,
5245,0.25884617282732075,0.40934223069590087,2147,0.5783943965517241,0.4245927921486531,True,
5246,0.2588955238612249,0.4092642012962257,2147,0.5783943965517241,0.42007529262553983,True,
5250,0.2590929279968415,0.40914285714285714,2148,0.5786637931034483,0.4152721038258055,True,
5252,0.25919163006464985,0.4091774562071592,2149,0.5789331896551724,0.415183671361852,True,
5254,0.25929033213245817,0.40902169775409214,2149,0.5789331896551724,0.41446359844297725,True,
5255,0.25933968316636236,0.4089438629876308,2149,0.5789331896551724,0.41166993371879296,True,
5265,0.25983319350540396,0.40816714150047484,2149,0.5789331896551724,0.40931058111692875,True,
5266,0.2598825445393081,0.4082795290543107,2150,0.5792025862068966,0.4092813823978462,True,
5267,0.2599318955732123,0.4082020125308525,2150,0.5792025862068966,0.40915835628883684,True,
5281,0.2606228100478705,0.4074985798144291,2152,0.5797413793103449,0.408892071074733,True,
5292,0.26116567142081626,0.4070294784580499,2154,0.5802801724137931,0.40848807001142945,True,
5295,0.26131372452252877,0.4067988668555241,2154,0.5802801724137931,0.408233920866485,True,
5296,0.2613630755564329,0.40672205438066467,2154,0.5802801724137931,0.4081583698170902,True,
5302,0.26165918175985786,0.4064503960769521,2155,0.5805495689655172,0.40729622318425185,True,
5310,0.26205399003109114,0.4058380414312618,2155,0.5805495689655172,0.4054925874221841,True,
5347,0.2638799782855451,0.4035907985786422,2158,0.5813577586206896,0.40426127136416984,True,
5350,0.26402803138725756,0.4035514018691589,2159,0.5816271551724138,0.40404174552741096,True,
5360,0.26452154172629916,0.40317164179104475,2161,0.5821659482758621,0.40325732447063867,True,
5364,0.2647189458619158,0.4028709917971663,2161,0.5821659482758621,0.40091082566831904,True,
5370,0.26501505206534076,0.40260707635009313,2162,0.5824353448275862,0.4003270576138386,True,
5377,0.2653605093026699,0.40208294588060256,2162,0.5824353448275862,0.4001955169949792,True,
5378,0.26540986033657404,0.40200818148010414,2162,0.5824353448275862,0.3996485486067966,True,
5390,0.26600207274342397,0.4012987012987013,2163,0.5827047413793104,0.39950075053596945,True,
5396,0.26629817894684893,0.4008524833209785,2163,0.5827047413793104,0.39924098374199846,True,
5414,0.2671864975571238,0.40025858884373844,2167,0.5837823275862069,0.399055098009028,True,
5443,0.2686176775403445,0.3986772000734889,2170,0.5845905172413793,0.39820870804312714,True,
5459,0.26940729408281106,0.3978750686939,2172,0.5851293103448276,0.3981637068782994,True,
5477,0.27029561269308594,0.3967500456454263,2173,0.5853987068965517,0.39727947223496596,True,
5482,0.2705423678626067,0.39675300985041956,2175,0.5859375,0.39634078462052463,True,
5504,0.27162809060849824,0.3957122093023256,2178,0.5867456896551724,0.39584209985836194,True,
5520,0.2724177071509648,0.39492753623188404,2180,0.5872844827586207,0.39478477247793203,True,
5552,0.27399694023589793,0.39355187319884727,2185,0.5886314655172413,0.39312825948209934,True,
5565,0.27463850367665205,0.39335130278526503,2189,0.5897090517241379,0.39279560783632067,True,
5574,0.27508266298178946,0.39289558665231433,2190,0.5899784482758621,0.39236002274298526,True,
5600,0.27636578986329763,0.39107142857142857,2190,0.5899784482758621,0.3899495491897267,True,
5608,0.2767605981345309,0.3910485021398003,2193,0.5907866379310345,0.3896112688799334,True,
5611,0.2769086512362434,0.390839422562823,2193,0.5907866379310345,0.38941050433788826,True,
5637,0.2781917781177516,0.38956891963810536,2196,0.5915948275862069,0.38935447081056657,True,
5658,0.2792281498297389,0.38847649346058677,2198,0.5921336206896551,0.38872377894230054,True,
5699,0.2812515422198095,0.3863835760659765,2202,0.5932112068965517,0.3885067663734348,True,
5703,0.28144894635542617,0.38611257233035245,2202,0.5932112068965517,0.3874344650142392,True,
5724,0.2824853180674135,0.38522012578616355,2205,0.5940193965517241,0.3866557805360394,True,
5726,0.2825840201352218,0.38508557457212717,2205,0.5940193965517241,0.3861825387287623,True,
5843,0.2883580911020086,0.3789149409549889,2214,0.5964439655172413,0.38539348107990684,True,
5857,0.28904900557666685,0.3781799556086734,2215,0.5967133620689655,0.38452643577650675,True,
5882,0.29028278142427083,0.3769126147568854,2217,0.5972521551724138,0.38449871127421825,True,
5929,0.2926022800177664,0.3747680890538033,2222,0.5985991379310345,0.38382998409280183,True,
6003,0.29625425652667425,0.3711477594536065,2228,0.6002155172413793,0.38238888374290797,True,
6051,0.29862310615407395,0.36869938853082135,2231,0.6010237068965517,0.3818349632162685,True,
6052,0.2986724571879781,0.3688037012557832,2232,0.6012931034482759,0.3808729129811757,True,
6078,0.29995558406948625,0.3677196446199408,2235,0.6021012931034483,0.38073215846201264,True,
6084,0.3002516902729112,0.36752136752136755,2236,0.6023706896551724,0.3805427858973414,True,
6087,0.3003997433746237,0.36734023328404797,2236,0.6023706896551724,0.3802476153683624,True,
6153,0.3036569116122983,0.36470014627011216,2244,0.6045258620689655,0.3797827724414104,True,
6169,0.30444652815476486,0.3644026584535581,2248,0.6056034482758621,0.37954987829882264,True,
6237,0.30780239846024776,0.36187269520602855,2257,0.6080280172413793,0.3793835013725838,True,
6256,0.3087400681044268,0.3612531969309463,2260,0.6088362068965517,0.379025762739417,True,
6270,0.309430982579085,0.3609250398724083,2263,0.6096443965517241,0.37881329186695106,True,
6289,0.3103686522232641,0.36047066306249004,2267,0.6107219827586207,0.37833691104897543,True,
6292,0.31051670532497655,0.3602987921169739,2267,0.6107219827586207,0.37719659546321554,True,
6314,0.3116024280708681,0.35920177383592017,2268,0.6109913793103449,0.3770799061528592,True,
6326,0.312194640477718,0.35852039203288016,2268,0.6109913793103449,0.37700985997162256,True,
6332,0.31249074668114296,0.3581806696146557,2268,0.6109913793103449,0.3766242925431604,True,
6401,0.31589596802053005,0.35510076550538977,2273,0.6123383620689655,0.37647972073619373,True,
6403,0.31599467008833837,0.3549898485085116,2273,0.6123383620689655,0.3764250750575833,True,
6404,0.3160440211222425,0.35493441599000625,2273,0.6123383620689655,0.37622983236821284,True,
6412,0.3164388293934758,0.3546475358702433,2274,0.6126077586206896,0.3753342053483938,True,
6550,0.3232492720722499,0.34977099236641224,2291,0.6171875,0.37480790382801404,True,
6662,0.32877658786951586,0.3461422996097268,2306,0.6212284482758621,0.37369247662037486,True,
6731,0.33218180920890295,0.34407963155548954,2316,0.6239224137931034,0.3733883759695124,True,
6733,0.33228051127671127,0.34397742462498143,2316,0.6239224137931034,0.3728681348677224,True,
6790,0.3350935202092484,0.34241531664212077,2325,0.6263469827586207,0.37231885953574795,True,
6849,0.33800523120959386,0.3407796758650898,2334,0.6287715517241379,0.3722014413536786,True,
6859,0.33849874154863546,0.3405744277591486,2336,0.6293103448275862,0.3704464577305365,True,
6924,0.34170655875240585,0.3379549393414211,2340,0.6303879310344828,0.3704228336318467,True,
6930,0.3420026649558308,0.33780663780663783,2341,0.6306573275862069,0.3694829729185994,True,
7053,0.34807284212604256,0.33361690060966964,2353,0.6338900862068966,0.3691001649051293,True,
7076,0.3492079159058382,0.33253250423968345,2353,0.6338900862068966,0.36826960220385996,True,
7149,0.35281054138084195,0.33067561896768777,2364,0.6368534482758621,0.36820580229294037,True,
7150,0.3528598924147461,0.33062937062937064,2364,0.6368534482758621,0.3679941189965321,True,
7153,0.3530079455164586,0.33063050468334965,2365,0.6371228448275862,0.3676906400704367,True,
7184,0.35453782756748753,0.32948218262806234,2367,0.6376616379310345,0.3673359911173518,True,
7185,0.3545871786013917,0.32943632567849684,2367,0.6376616379310345,0.36726051311333424,True,
7312,0.36085475990722005,0.32603938730853393,2384,0.6422413793103449,0.36715715302076,True,
7314,0.36095346197502837,0.32595023243095433,2384,0.6422413793103449,0.3664607572988893,True,
7322,0.36134827024626165,0.32559409997268507,2384,0.6422413793103449,0.36630770286004666,True,
7341,0.3622859398904407,0.3252962811606048,2388,0.6433189655172413,0.3661363320442566,True,
7357,0.3630755564329073,0.3247247519369308,2389,0.6435883620689655,0.3652523832800599,True,
7379,0.3641612791787988,0.3237566065862583,2389,0.6435883620689655,0.36514286839189636,True,
7384,0.3644080343483196,0.3235373781148429,2389,0.6435883620689655,0.36475928516208544,True,
7417,0.3660366184671569,0.32331131185115275,2398,0.6460129310344828,0.36421257856896977,True,
7465,0.3684054680945566,0.3223040857334226,2406,0.6481681034482759,0.36363580984462596,True,
7471,0.36870157429798156,0.32217909249096505,2407,0.6484375,0.3631332885509251,True,
7498,0.37003405221339386,0.3214190450786876,2410,0.6492456896551724,0.36284023746749794,True,
7510,0.3706262646202438,0.3211717709720373,2412,0.6497844827586207,0.3625235151955259,True,
7512,0.3707249666880521,0.3210862619808307,2412,0.6497844827586207,0.3624569288797003,True,
7570,0.3735873266544934,0.31941875825627475,2418,0.6514008620689655,0.3617895005666447,True,
7588,0.3744756452647683,0.31879283078545073,2419,0.6516702586206896,0.36028663107012804,True,
7613,0.3757094211123723,0.3178773151188756,2420,0.6519396551724138,0.36005837968690846,True,
7622,0.37615358041750974,0.3175019679874049,2420,0.6519396551724138,0.3600567582850827,True,
7627,0.37640033558703057,0.31729382457060445,2420,0.6519396551724138,0.35951588762016223,True,
7695,0.37975620589251347,0.31487979207277456,2423,0.6527478448275862,0.35943738723448004,True,
7700,0.38000296106203424,0.31467532467532466,2423,0.6527478448275862,0.3592500156791865,True,
7721,0.38103933277402163,0.31381945343867373,2423,0.6527478448275862,0.35919735796601515,True,
7778,0.38385234170655874,0.31177680637696065,2425,0.6532866379310345,0.3583990490202748,True,
7781,0.38400039480827125,0.31165659940881635,2425,0.6532866379310345,0.3581058229232304,True,
7819,0.38587573409662934,0.31039774907277146,2427,0.6538254310344828,0.3574311336085892,True,
7831,0.38646794650347926,0.3100498020687013,2428,0.6540948275862069,0.3570831899565089,True,
7854,0.3876030202832749,0.3099057804940158,2434,0.6557112068965517,0.3566686319865702,True,
7896,0.38967576370724966,0.30851063829787234,2436,0.65625,0.3565466666060114,True,
7897,0.38972511474115384,0.3084715714828416,2436,0.65625,0.35570452817978937,True,
7914,0.39056408231752454,0.3080616628759161,2438,0.6567887931034483,0.3555362936364562,True,
7919,0.39081083748704537,0.307867154943806,2438,0.6567887931034483,0.35292192996861155,True,
7963,0.3929822829788284,0.30629159864372724,2439,0.6570581896551724,0.35249494013165905,True,
7969,0.3932783891822534,0.30618647258125237,2440,0.6573275862068966,0.35191003784185615,True,
8068,0.3981641415387652,0.3031730292513634,2446,0.6589439655172413,0.3506159163927852,True,
8071,0.39831219464047773,0.3031842398711436,2447,0.6592133620689655,0.35057293756166774,True,
8093,0.39939791738636926,0.3024836278265167,2448,0.6594827586206896,0.34770472510388645,True,
8096,0.3995459704880817,0.30237154150197626,2448,0.6594827586206896,0.347331444971595,True,
8122,0.4008290973695899,0.3015267175572519,2449,0.6597521551724138,0.3464643048783974,True,
8195,0.4044317228445936,0.299450884685784,2454,0.6610991379310345,0.34638066399627715,True,
8223,0.4058135517939101,0.29867444971421625,2456,0.6616379310344828,0.34636234524079523,True,
8240,0.4066525193702808,0.29817961165048545,2457,0.6619073275862069,0.3461722970492096,True,
8312,0.41020579381138034,0.2965591915303176,2465,0.6640625,0.34513085956713463,True,
8319,0.4105512510487095,0.2964298593580959,2466,0.6643318965517241,0.3440849976099092,True,
8320,0.4106006020826136,0.29639423076923077,2466,0.6643318965517241,0.3437914821775662,True,
8391,0.41410452548980903,0.29507805982600405,2476,0.6670258620689655,0.34341609664192135,True,
8392,0.41415387652371316,0.2950428979980934,2476,0.6670258620689655,0.3432331510268137,True,
8393,0.41420322755761735,0.29500774454902895,2476,0.6670258620689655,0.34305560995785084,True,
8486,0.4187928737107042,0.2925995757718595,2483,0.6689116379310345,0.3429380021199072,True,
8571,0.4229877115925579,0.2907478707268697,2492,0.6713362068965517,0.3429228819004126,False,precision
8680,0.4283669742881113,0.2881336405529954,2501,0.673760775862069,0.3428469675385725,False,precision
8700,0.42935399496619453,0.28770114942528735,2503,0.6742995689655172,0.34279748625618756,False,precision
8708,0.4297488032374278,0.2876665135507579,2505,0.6748383620689655,0.3427716602102796,False,precision
8710,0.42984750530523613,0.2876004592422503,2505,0.6748383620689655,0.34242294924306876,False,precision
8712,0.42994620737304445,0.2876492194674013,2506,0.6751077586206896,0.3413201996155267,False,precision
8728,0.430735823915511,0.2873510540788268,2508,0.6756465517241379,0.34106471724605864,False,precision
8755,0.4320683018309234,0.28680753854940033,2511,0.6764547413793104,0.3409772203261509,False,precision
8792,0.4338942900853773,0.2859417652411283,2514,0.6772629310344828,0.3406925494505728,False,precision
8801,0.43433844939051475,0.28564935802749686,2514,0.6772629310344828,0.34056432218437305,False,precision
8826,0.4355722252381187,0.2851801495581237,2517,0.6780711206896551,0.33950766394964493,False,precision
8844,0.4364605438483936,0.2848258706467662,2519,0.6786099137931034,0.33938835342197765,False,precision
8855,0.4370034052213394,0.284472049689441,2519,0.6786099137931034,0.3391233136233875,False,precision
8859,0.43720080935695604,0.28445648493057907,2520,0.6788793103448276,0.33824970594785136,False,precision
8863,0.4373982134925727,0.28444093422091843,2521,0.6791487068965517,0.3379652234503783,False,precision
8872,0.4378423727977101,0.2841523895401262,2521,0.6791487068965517,0.33767426720952454,False,precision
8888,0.43863198934017666,0.28364086408640865,2521,0.6791487068965517,0.3369170725611022,False,precision
8948,0.4415930513744263,0.28240947697809565,2527,0.6807650862068966,0.3365377130847778,False,precision
9054,0.4468242609682673,0.2803180914512923,2538,0.6837284482758621,0.33586134082307384,False,precision
9086,0.4484034940532004,0.2795509575170592,2540,0.6842672413793104,0.33557770943545556,False,precision
9141,0.45111780091792925,0.27863472267804396,2547,0.6861530172413793,0.3353006953534018,False,precision
9142,0.4511671519518334,0.27860424414788887,2547,0.6861530172413793,0.3352340572716612,False,precision
9150,0.45156196022306666,0.2785792349726776,2549,0.6866918103448276,0.33515594380320884,False,precision
9156,0.4518580664264916,0.27850589777195284,2550,0.6869612068965517,0.3350478889607051,False,precision
9166,0.4523515767655332,0.2782020510582588,2550,0.6869612068965517,0.33443619511579686,False,precision
9175,0.4527957360706707,0.2779291553133515,2550,0.6869612068965517,0.3344031059545287,False,precision
9201,0.45407886295217886,0.2773611563960439,2552,0.6875,0.3340545361196464,False,precision
9226,0.45531263879978284,0.27704313895512683,2556,0.6885775862068966,0.3332401282435438,False,precision
9242,0.4561022553422494,0.2765635143908245,2556,0.6885775862068966,0.33285438963698666,False,precision
9269,0.45743473325766176,0.2759736756931708,2558,0.6891163793103449,0.3325956979885197,False,precision
9329,0.4603957952919114,0.27430592775217066,2559,0.689385775862069,0.33255485919123273,False,precision
9335,0.46069190149533634,0.27412961971076594,2559,0.689385775862069,0.33238536846615535,False,precision
9372,0.46251788974979025,0.27358087921468205,2564,0.6907327586206896,0.3309882558782295,False,precision
9425,0.46513349454671077,0.2724668435013263,2568,0.6918103448275862,0.3307267673796568,False,precision
9444,0.4660711641908898,0.2719186785260483,2568,0.6918103448275862,0.32995571071784724,False,precision
9509,0.46927898139466023,0.2702702702702703,2570,0.6923491379310345,0.3294669266874276,False,precision
9564,0.471993288259389,0.2691342534504391,2574,0.693426724137931,0.32939148768479154,False,precision
9573,0.4724374475645265,0.268985688916745,2575,0.6936961206896551,0.32935904267285,False,precision
9574,0.4724867985984306,0.26895759348234805,2575,0.6936961206896551,0.3292407915535973,False,precision
9608,0.4741647337511721,0.26842214820982513,2579,0.6947737068965517,0.3290360639321921,False,precision
9623,0.4749049992597345,0.26810765873428244,2580,0.6950431034482759,0.3289287798029747,False,precision
9634,0.47544786063268024,0.26790533527091553,2581,0.6953125,0.3287362611572524,False,precision
9647,0.47608942407343435,0.2676479734632528,2582,0.6955818965517241,0.32765449460471324,False,precision
9655,0.47648423234466764,0.26742620403935785,2582,0.6955818965517241,0.3271510126889464,False,precision
9656,0.47653358337857177,0.26750207125103564,2583,0.6958512931034483,0.32521649941719977,False,precision
9657,0.47658293441247596,0.2674743709226468,2583,0.6958512931034483,0.32513825168183935,False,precision
9665,0.47697774268370924,0.26745990688049665,2585,0.6963900862068966,0.32407912001721206,False,precision
9671,0.4772738488871342,0.267293971667873,2585,0.6963900862068966,0.3240033485456824,False,precision
9691,0.4782608695652174,0.26684552677742235,2586,0.6966594827586207,0.3231604527474602,False,precision
9692,0.47831022059912154,0.2668179942220388,2586,0.6966594827586207,0.3230691091386043,False,precision
9710,0.4791985392093964,0.26642636457260555,2587,0.6969288793103449,0.3225039483240407,False,precision
9727,0.4800375067857672,0.26606353449162123,2588,0.697198275862069,0.3213932929501359,False,precision
9730,0.48018555988747963,0.2660842754367934,2589,0.6974676724137931,0.32130466948482506,False,precision
9765,0.48191284607412527,0.26554019457245265,2593,0.6985452586206896,0.3211041910249273,False,precision
9776,0.482455707447071,0.26524140752864156,2593,0.6985452586206896,0.3206479825451197,False,precision
9782,0.48275181365049596,0.26507871600899613,2593,0.6985452586206896,0.32056682020328275,False,precision
9805,0.4838868874302917,0.26466088730239673,2595,0.6990840517241379,0.3200984587931645,False,precision
9818,0.48452845087104573,0.2643104501935221,2595,0.6990840517241379,0.32007598266381204,False,precision
9819,0.4845778019049499,0.2642835319278949,2595,0.6990840517241379,0.3198791781294322,False,precision
9832,0.485219365345704,0.26403580146460537,2596,0.6993534482758621,0.3192490109376023,False,precision
9861,0.48665054532892466,0.26356353311023223,2599,0.7001616379310345,0.3188676380987575,False,precision
9868,0.48699600256625375,0.26337657073368465,2599,0.7001616379310345,0.31865051005401246,False,precision
9871,0.48714405566796626,0.2632965251747543,2599,0.7001616379310345,0.3184757820383856,False,precision
9887,0.4879336722104328,0.2631738646707798,2602,0.7009698275862069,0.31821007521104017,False,precision
9889,0.48803237427824114,0.2631206390939428,2602,0.7009698275862069,0.3181381656892252,False,precision
9912,0.4891674480580368,0.26261097659402743,2603,0.701239224137931,0.3180473973353054,False,precision
9919,0.48951290529536595,0.26242564774674865,2603,0.701239224137931,0.3175950940247759,False,precision
9977,0.49237526526180725,0.26160168387290766,2610,0.703125,0.31746626051605464,False,precision
9998,0.4934116369737946,0.26125225045009004,2612,0.7036637931034483,0.31713304514582324,False,precision
10001,0.4935596900755071,0.26117388261173885,2612,0.7036637931034483,0.31665538609103033,False,precision
10002,0.49360904110941123,0.26124775044991,2613,0.7039331896551724,0.31659500180554356,False,precision
10004,0.49370774317721955,0.26119552179128347,2613,0.7039331896551724,0.3162400547430819,False,precision
10019,0.494448008685782,0.2609042818644575,2614,0.7042025862068966,0.31493473473252087,False,precision
10037,0.49533632729605687,0.26053601673806914,2615,0.7044719827586207,0.31472589716218624,False,precision
10040,0.4954843803977693,0.2604581673306773,2615,0.7044719827586207,0.3136180893725351,False,precision
10067,0.4968168583131817,0.2598589450680441,2616,0.7047413793103449,0.3136149088988167,False,precision
10068,0.4968662093470858,0.2598331346841478,2616,0.7047413793103449,0.3126728253454571,False,precision
10081,0.4975077727878399,0.2594980656680885,2616,0.7047413793103449,0.3125017124571251,False,precision
10086,0.4977545279573607,0.2593694229625223,2616,0.7047413793103449,0.3121257993993631,False,precision
10097,0.4982973893303065,0.25918589680103,2617,0.705010775862069,0.3115290847063503,False,precision
10117,0.4992844100083897,0.2586735198181279,2617,0.705010775862069,0.310823401078564,False,precision
10118,0.4993337610422938,0.2586479541411346,2617,0.705010775862069,0.3102831900950932,False,precision
10130,0.49992597344914375,0.2585389930898322,2619,0.7055495689655172,0.3094988659673336,False,precision
10164,0.5016039086018852,0.25777253049980325,2620,0.7058189655172413,0.30934314363509896,False,precision
10166,0.5017026106696936,0.2577218178241196,2620,0.7058189655172413,0.3084385073209586,False,precision
10182,0.5024922272121601,0.25741504615989,2621,0.7060883620689655,0.3081139923889269,False,precision
10194,0.5030844396190101,0.25711202668236216,2621,0.7060883620689655,0.3074158783670929,False,precision
10221,0.5044169175344223,0.2565306721455826,2622,0.7063577586206896,0.30731607479443607,False,precision
10231,0.504910427873464,0.25637767569152575,2623,0.7066271551724138,0.3068297647498105,False,precision
10234,0.5050584809751765,0.2564002345124096,2624,0.7068965517241379,0.30654221504240686,False,precision
10235,0.5051078320090806,0.2563751831949194,2624,0.7068965517241379,0.30651221672079965,False,precision
10238,0.5052558851107931,0.25630005860519633,2624,0.7068965517241379,0.3055867357308391,False,precision
10239,0.5053052361446972,0.2562750268580916,2624,0.7068965517241379,0.30489840909062965,False,precision
10244,0.505551991314218,0.2561499414291292,2624,0.7068965517241379,0.3044384080076407,False,precision
10246,0.5056506933820264,0.2560999414405622,2624,0.7068965517241379,0.30412156754638464,False,precision
10268,0.5067364161279179,0.25574600701207634,2626,0.7074353448275862,0.3040149338699881,False,precision
10270,0.5068351181957262,0.25569620253164554,2626,0.7074353448275862,0.3039975229812642,False,precision
10283,0.5074766816364803,0.2553729456384324,2626,0.7074353448275862,0.30352635425125435,False,precision
10295,0.5080688940433302,0.2550752792617776,2626,0.7074353448275862,0.3021751690944022,False,precision
10302,0.5084143512806594,0.2549019607843137,2626,0.7074353448275862,0.30187126795984026,False,precision
10305,0.5085624043823718,0.25482775351770987,2626,0.7074353448275862,0.3013739839214658,False,precision
10333,0.5099442333316883,0.2542340075486306,2627,0.7077047413793104,0.3007517688610319,False,precision
10344,0.510487094704634,0.25396365042536734,2627,0.7077047413793104,0.30042881179622083,False,precision
10348,0.5106844988402507,0.2538654812524159,2627,0.7077047413793104,0.2996670116755814,False,precision
10352,0.5108819029758673,0.25386398763523954,2628,0.7079741379310345,0.29949074355735855,False,precision
10355,0.5110299560775798,0.25379043940125545,2628,0.7079741379310345,0.2993592128270176,False,precision
10373,0.5119182746878547,0.25344644750795337,2629,0.7082435344827587,0.2983883417624658,False,precision
10383,0.5124117850268963,0.2532986612732351,2630,0.7085129310344828,0.2974362962963774,False,precision
10393,0.5129052953659379,0.2530549408255557,2630,0.7085129310344828,0.2972279598229365,False,precision
10396,0.5130533484676504,0.2529819161215852,2630,0.7085129310344828,0.2966950116162484,False,precision
10398,0.5131520505354588,0.25293325639546066,2630,0.7085129310344828,0.2962928938061061,False,precision
10403,0.5133988057049795,0.2528116889358839,2630,0.7085129310344828,0.29611207561810404,False,precision
10418,0.514139071213542,0.25263966212324823,2632,0.709051724137931,0.29540212898105334,False,precision
10430,0.5147312836203919,0.2523489932885906,2632,0.709051724137931,0.2948036271615042,False,precision
10444,0.5154221980950501,0.2520107238605898,2632,0.709051724137931,0.2945786958354187,False,precision
10464,0.5164092187731333,0.25172018348623854,2634,0.7095905172413793,0.29403213358493724,False,precision
10465,0.5164585698070374,0.2516961299569995,2634,0.7095905172413793,0.2937840376395857,False,precision
10468,0.5166066229087499,0.2516239969430646,2634,0.7095905172413793,0.2930417605649872,False,precision
10472,0.5168040270443666,0.25152788388082503,2634,0.7095905172413793,0.2928433274039788,False,precision
10485,0.5174455904851206,0.2512160228898426,2634,0.7095905172413793,0.292692915394395,False,precision
10488,0.5175936435868331,0.2511441647597254,2634,0.7095905172413793,0.2920005564803145,False,precision
10513,0.5188274194344371,0.2505469418814801,2634,0.7095905172413793,0.29114208436210326,False,precision
10514,0.5188767704683414,0.25052311204108807,2634,0.7095905172413793,0.28981898838507414,False,precision
10520,0.5191728766717663,0.25038022813688215,2634,0.7095905172413793,0.2890483874744226,False,precision
10530,0.5196663870108079,0.2501424501424501,2634,0.7095905172413793,0.2885882274643673,False,precision
10539,0.5201105463159453,0.25002372141569407,2635,0.7098599137931034,0.28849091680065114,False,precision
10568,0.521541726299166,0.2494322482967449,2636,0.7101293103448276,0.28806172286895876,False,precision
10570,0.5216404283669743,0.24938505203405867,2636,0.7101293103448276,0.28736810977406296,False,precision
10594,0.5228248531806742,0.2490088729469511,2638,0.7106681034482759,0.28718022504423646,False,precision
10603,0.5232690124858116,0.24889182306894275,2639,0.7109375,0.28706994711851613,False,precision
10606,0.5234170655875241,0.2488214218366962,2639,0.7109375,0.28662197821802926,False,precision
10615,0.5238612248926615,0.24861045690061234,2639,0.7109375,0.2858162637879384,False,precision
10653,0.5257365641810196,0.2478175161926218,2640,0.7112068965517241,0.28553915030665117,False,precision
10657,0.5259339683166362,0.24772450032842264,2640,0.7112068965517241,0.2848884589691255,False,precision
10690,0.5275625524354736,0.2469597754911132,2640,0.7112068965517241,0.2847915249113423,False,precision
10713,0.5286976262152692,0.2467096051526183,2643,0.7120150862068966,0.2847179154252203,False,precision
10716,0.5288456793169817,0.24673385591638672,2644,0.7122844827586207,0.28459066008974127,False,precision
10724,0.529240487588215,0.24664304364043269,2645,0.7125538793103449,0.2845606503417227,False,precision
10846,0.5352613137245226,0.24488290614051264,2656,0.7155172413793104,0.28453537960920394,False,precision
10854,0.5356561219957559,0.2447024138566427,2656,0.7155172413793104,0.284512270353744,False,precision
10868,0.536347036470414,0.2443871917556128,2656,0.7155172413793104,0.28439578845245256,False,precision
10890,0.5374327592163056,0.24398530762167125,2657,0.7157866379310345,0.284013045382197,False,precision
10898,0.5378275674875389,0.24380620297302258,2657,0.7157866379310345,0.2834411950804632,False,precision
11028,0.5442432018950797,0.24174827711280378,2666,0.7182112068965517,0.28315445915740983,False,precision
11042,0.544934116369738,0.24144176779568918,2666,0.7182112068965517,0.28273332292372133,False,precision
11086,0.547105561861521,0.240754104275663,2669,0.7190193965517241,0.2823777522541713,False,precision
11131,0.5493263583872082,0.2400503099451981,2672,0.7198275862068966,0.28234386068714257,False,precision
11151,0.5503133790652914,0.23961976504349386,2672,0.7198275862068966,0.2822282895555909,False,precision
11246,0.5550017272861867,0.23804019206829094,2677,0.7211745689655172,0.2821764718790334,False,precision
11372,0.5612199575581108,0.23601829053816392,2684,0.7230603448275862,0.28210079340623917,False,precision
11506,0.5678329961012684,0.23396488788458195,2692,0.7252155172413793,0.28134502583891974,False,precision
11556,0.5703005477964763,0.23303911388023538,2693,0.7254849137931034,0.28126226312230834,False,precision
11669,0.5758772146276464,0.23138229496957752,2700,0.7273706896551724,0.28116787925203834,False,precision
11707,0.5777525539160046,0.23088750320321175,2703,0.7281788793103449,0.2810916145260991,False,precision
11729,0.578838276661896,0.23045442919259954,2703,0.7281788793103449,0.2805714159569577,False,precision
11863,0.5854513152050536,0.22894714659023857,2716,0.7316810344827587,0.28051861858829064,False,precision
11864,0.5855006662389577,0.2289278489548213,2716,0.7316810344827587,0.2801686292573694,False,precision
11866,0.5855993683067661,0.22888926344176638,2716,0.7316810344827587,0.27976303428057386,False,precision
11888,0.5866850910526575,0.22854979811574697,2717,0.7319504310344828,0.2796157051374515,False,precision
11978,0.591126684104032,0.22716647186508598,2721,0.7330280172413793,0.2794770790898033,False,precision
12001,0.5922617578838276,0.2268977585201233,2723,0.7335668103448276,0.27947098967344797,False,precision
12047,0.594531905443419,0.2265294264132149,2729,0.7351831896551724,0.2793267211315303,False,precision
12051,0.5947293095790357,0.22645423616297403,2729,0.7351831896551724,0.27901287881959963,False,precision
12100,0.5971475102403395,0.2256198347107438,2730,0.7354525862068966,0.2790043415195949,False,precision
12129,0.5985786902235601,0.22524527990765933,2732,0.7359913793103449,0.2788473510018337,False,precision
12138,0.5990228495286977,0.22507826660075794,2732,0.7359913793103449,0.2785687156253389,False,precision
12275,0.6057839411735676,0.2234623217922607,2743,0.7389547413793104,0.2784312818880588,False,precision
12364,0.6101761831910378,0.22225816887738595,2748,0.740301724137931,0.27840142352713404,False,precision
12420,0.6129398410896708,0.2217391304347826,2754,0.7419181034482759,0.2782936496038571,False,precision
12550,0.6193554754972117,0.2200796812749004,2762,0.744073275862069,0.2781144260862578,False,precision
12600,0.6218230271924197,0.2196031746031746,2767,0.7454202586206896,0.27811302949500294,False,precision
12610,0.6223165375314613,0.21942902458366376,2767,0.7454202586206896,0.27795291150802565,False,precision
12722,0.6278438533287273,0.21851910077031914,2780,0.7489224137931034,0.2776147504420133,False,precision
12725,0.6279919064304397,0.21854616895874263,2781,0.7491918103448276,0.2774298442839678,False,precision
12735,0.6284854167694813,0.21853160581075776,2783,0.7497306034482759,0.276826605336947,False,precision
12738,0.6286334698711938,0.21848013816925735,2783,0.7497306034482759,0.2767953470811186,False,precision
12854,0.6343581898040764,0.21720865100357864,2792,0.7521551724137931,0.27679280724900307,False,precision
12881,0.6356906677194887,0.21690862510674638,2794,0.7526939655172413,0.27656641757767325,False,precision
12891,0.6361841780585303,0.21674036149251416,2794,0.7526939655172413,0.27644305855105583,False,precision
12913,0.6372699008044218,0.21660342290714785,2797,0.7535021551724138,0.2763795924269779,False,precision
12918,0.6375166559739427,0.21651958507508903,2797,0.7535021551724138,0.2763561981177581,False,precision
12932,0.6382075704486009,0.2162851840395917,2797,0.7535021551724138,0.27633282808883475,False,precision
12934,0.6383062725164093,0.21625173960105148,2797,0.7535021551724138,0.27620389374288673,False,precision
13037,0.6433894290085377,0.21508015647771728,2804,0.7553879310344828,0.27604952765196256,False,precision
13083,0.6456595765681291,0.21462967209355652,2808,0.7564655172413793,0.2760188274129707,False,precision
13088,0.6459063317376499,0.21462408312958436,2809,0.7567349137931034,0.2756928340844631,False,precision
13089,0.645955682771554,0.21460768584307433,2809,0.7567349137931034,0.2756881622580632,False,precision
13093,0.6461530869071707,0.2145421217444436,2809,0.7567349137931034,0.2754734410650159,False,precision
13103,0.6466465972462123,0.21437838662901626,2809,0.7567349137931034,0.27529697160932487,False,precision
13114,0.6471894586191581,0.21427482080219612,2810,0.7570043103448276,0.27502128125336056,False,precision
13199,0.6513842965010117,0.21312220622774453,2813,0.7578125,0.274929462980025,False,precision
13272,0.6549869219760154,0.2121760096443641,2816,0.7586206896551724,0.27449508759362107,False,precision
13330,0.6578492819424567,0.21147786946736685,2819,0.7594288793103449,0.27446353570215026,False,precision
13331,0.6578986329763609,0.21146200585102393,2819,0.7594288793103449,0.2732967994354938,False,precision
13335,0.6580960371119775,0.21147356580427445,2820,0.759698275862069,0.2729581541847544,False,precision
13341,0.6583921433154024,0.21137845738700248,2820,0.759698275862069,0.2728908513166939,False,precision
13353,0.6589843557222523,0.2113382760428368,2822,0.7602370689655172,0.272849148595178,False,precision
13357,0.659181759857869,0.21134985400913378,2823,0.7605064655172413,0.2725348762251326,False,precision
13360,0.6593298129595815,0.21130239520958083,2823,0.7605064655172413,0.27250301245012226,False,precision
13406,0.6615999605191729,0.21087572728628973,2827,0.7615840517241379,0.27225900697554334,False,precision
13417,0.6621428218921186,0.2107028396810017,2827,0.7615840517241379,0.27191047268847796,False,precision
13425,0.6625376301633519,0.21057728119180633,2827,0.7615840517241379,0.271699491680131,False,precision
13437,0.6631298425702018,0.21038922378507108,2827,0.7615840517241379,0.27164245479074345,False,precision
13459,0.6642155653160934,0.2100453228323055,2827,0.7615840517241379,0.2707959495675574,False,precision
13475,0.66500518185856,0.2099443413729128,2829,0.7621228448275862,0.2707842238684771,False,precision
13524,0.6674233825198638,0.20970127181307305,2836,0.7640086206896551,0.2704367465556403,False,precision
13527,0.6675714356215763,0.2096547645449841,2836,0.7640086206896551,0.2703577896372041,False,precision
13530,0.6677194887232888,0.20960827790096082,2836,0.7640086206896551,0.27012556007676486,False,precision
13552,0.6688052114691803,0.2093417945690673,2837,0.7642780172413793,0.26996675636731543,False,precision
13583,0.6703350935202093,0.20893764264153722,2838,0.7645474137931034,0.2699151251767731,False,precision
13586,0.6704831466219218,0.20889150596201972,2838,0.7645474137931034,0.2696364564482372,False,precision
13587,0.6705324976558259,0.20887613159637888,2838,0.7645474137931034,0.2695085508545306,False,precision
13591,0.6707299017914425,0.20888823486130528,2839,0.7648168103448276,0.26886090645241095,False,precision
13607,0.6715195183339091,0.20871610200632026,2840,0.7650862068965517,0.2686642055249489,False,precision
13619,0.672111730740759,0.2085321976650268,2840,0.7650862068965517,0.26862508033580107,False,precision
13732,0.6776883975719291,0.20776288960093212,2853,0.7685883620689655,0.2684388959384927,False,precision
13763,0.6792182796229581,0.20765821405216886,2858,0.7699353448275862,0.2682331814382261,False,precision
13773,0.6797117899619997,0.20750744209685618,2858,0.7699353448275862,0.26822722873610144,False,precision
13785,0.6803040023688496,0.20747188973521943,2860,0.7704741379310345,0.26812050094219175,False,precision
13786,0.6803533534027538,0.20745684027274047,2860,0.7704741379310345,0.2676699453495196,False,precision
13791,0.6806001085722746,0.20738162569791893,2860,0.7704741379310345,0.2676211704845778,False,precision
13825,0.682278043725016,0.20687160940325497,2860,0.7704741379310345,0.26740206397680116,False,precision
13854,0.6837092237082367,0.20643857369712718,2860,0.7704741379310345,0.26717741906882087,False,precision
13985,0.6901742091496816,0.20500536288880944,2867,0.7723599137931034,0.26686121090812015,False,precision
14005,0.6911612298277648,0.20485540878257766,2869,0.7728987068965517,0.26681054088733763,False,precision
14021,0.6919508463702314,0.20462163897011626,2869,0.7728987068965517,0.26646031997933106,False,precision
14022,0.6920001974041357,0.2046070460704607,2869,0.7728987068965517,0.2662904687384697,False,precision
14105,0.6960963332181809,0.20375753278979086,2874,0.7742456896551724,0.2661225916464609,False,precision
14111,0.6963924394216059,0.2036708950464177,2874,0.7742456896551724,0.26589516802110874,False,precision
14113,0.6964911414894142,0.20364203216892227,2874,0.7742456896551724,0.26515450898544046,False,precision
14227,0.7021171593544885,0.20229141772685738,2878,0.775323275862069,0.26473271896727824,False,precision
14230,0.702265212456201,0.2022487702037948,2878,0.775323275862069,0.2643141589134066,False,precision
14231,0.7023145634901051,0.20223455835851312,2878,0.775323275862069,0.2642502176839005,False,precision
14234,0.7024626165918176,0.20219193480399045,2878,0.775323275862069,0.2642171786587412,False,precision
14235,0.7025119676257218,0.20217773094485422,2878,0.775323275862069,0.2641357607674801,False,precision
14246,0.7030548289986676,0.2020216201038888,2878,0.775323275862069,0.2631024076811829,False,precision
14258,0.7036470414055175,0.20192172815261608,2879,0.7755926724137931,0.26287018420314645,False,precision
14271,0.7042886048462715,0.20173778992362132,2879,0.7755926724137931,0.26230805655318074,False,precision
14279,0.7046834131175048,0.2016247636389103,2879,0.7755926724137931,0.26161564960099415,False,precision
14288,0.7051275724226422,0.20156774916013437,2880,0.7758620689655172,0.26142706507487196,False,precision
14363,0.7088288999654543,0.2010721994012393,2888,0.7780172413793104,0.26117045888891277,False,precision
14369,0.7091250061688792,0.2009882385691419,2888,0.7780172413793104,0.2610495105314049,False,precision
14370,0.7091743572027834,0.20097425191370913,2888,0.7780172413793104,0.2606716148415342,False,precision
14373,0.7093224103044958,0.20093230362485215,2888,0.7780172413793104,0.26045680099253976,False,precision
14377,0.7095198144401125,0.20094595534534326,2889,0.7782866379310345,0.26031947800098926,False,precision
14391,0.7102107289147708,0.2008199569175179,2890,0.7785560344827587,0.26009928091070944,False,precision
14397,0.7105068351181957,0.20080572341460026,2891,0.7788254310344828,0.2594497388278659,False,precision
14401,0.7107042392538123,0.2007499479202833,2891,0.7788254310344828,0.25924578015659716,False,precision
14404,0.7108522923555248,0.20070813662871426,2891,0.7788254310344828,0.2591872374149186,False,precision
14412,0.7112471006267581,0.2006661115736886,2892,0.7790948275862069,0.2590675947836763,False,precision
14435,0.7123821744065538,0.2004849324558365,2894,0.7796336206896551,0.2586141905272145,False,precision
14438,0.7125302275082663,0.20044327469178558,2894,0.7796336206896551,0.25860390576472,False,precision
14564,0.7187484577801905,0.19925844548201044,2902,0.7817887931034483,0.2585740554009869,False,precision
14568,0.7189458619158071,0.19920373421197143,2902,0.7817887931034483,0.2584710031727024,False,precision
14573,0.7191926170853279,0.19920400741096547,2903,0.7820581896551724,0.25824149730707957,False,precision
14582,0.7196367763904654,0.19908105883966534,2903,0.7820581896551724,0.2580878252968876,False,precision
14604,0.7207224991363569,0.19878115584771294,2903,0.7820581896551724,0.2576525682948302,False,precision
14612,0.7211173074075902,0.19867232411716398,2903,0.7820581896551724,0.2572936231358698,False,precision
14629,0.7219562749839609,0.19857816665527378,2905,0.7825969827586207,0.25715772279594423,False,precision
14645,0.7227458915264274,0.19849778081256403,2907,0.783135775862069,0.25698169122710096,False,precision
14680,0.7244731777130731,0.19809264305177113,2908,0.7834051724137931,0.25685887872695484,False,precision
14685,0.7247199328825938,0.19802519577800476,2908,0.7834051724137931,0.2566032112321194,False,precision
14703,0.7256082514928688,0.19785077875263551,2909,0.7836745689655172,0.2563788546392351,False,precision
14713,0.7261017618319103,0.19778427241215252,2910,0.7839439655172413,0.2563631122859779,False,precision
14736,0.727236835611706,0.19767915309446255,2913,0.7847521551724138,0.25528129179813686,False,precision
14743,0.7275822928490352,0.197653123516245,2914,0.7850215517241379,0.25491839021279433,False,precision
14752,0.7280264521541726,0.19753253796095444,2914,0.7850215517241379,0.2546803221526358,False,precision
14753,0.7280758031880767,0.19751914864773265,2914,0.7850215517241379,0.2544458756345959,False,precision
14783,0.7295563342052016,0.19725360211053236,2916,0.7855603448275862,0.2540868748976157,False,precision
14789,0.7298524404086265,0.1972411927784164,2917,0.7858297413793104,0.25327722008169706,False,precision
14797,0.7302472486798598,0.19720213556802055,2918,0.7860991379310345,0.25320733901524634,False,precision
14808,0.7307901100528056,0.1971231766612642,2919,0.7863685344827587,0.2530982348216706,False,precision
14809,0.7308394610867097,0.19710986562225674,2919,0.7863685344827587,0.25298184233050525,False,precision
14827,0.7317277796969847,0.19687057395292373,2919,0.7863685344827587,0.2527633272888289,False,precision
14857,0.7332083107141094,0.1965403513495322,2920,0.7866379310344828,0.2522708721498287,False,precision
14863,0.7335044169175344,0.19646101056314338,2920,0.7866379310344828,0.2517731721736593,False,precision
14888,0.7347381927651384,0.1963326168726491,2923,0.7874461206896551,0.2517422596157757,False,precision
14896,0.7351330010363717,0.19636143931256714,2925,0.7879849137931034,0.2514384187662074,False,precision
14932,0.7369096382569215,0.1959549959817841,2926,0.7882543103448276,0.2514274462351895,False,precision
14940,0.7373044465281547,0.19591700133868808,2927,0.7885237068965517,0.2505959719122525,False,precision
14946,0.7376005527315798,0.19583835139836744,2927,0.7885237068965517,0.25034758537080937,False,precision
14949,0.7377486058332922,0.19579905010368587,2927,0.7885237068965517,0.250149667081459,False,precision
14980,0.7392784878843212,0.19559412550066757,2930,0.7893318965517241,0.24991035823558858,False,precision
14982,0.7393771899521295,0.19563476171405686,2931,0.7896012931034483,0.24987517122516784,False,precision
15001,0.7403148595963085,0.19538697420171988,2931,0.7896012931034483,0.24980181563420098,False,precision
15243,0.7522578098011153,0.19300662599225873,2942,0.7925646551724138,0.24925405650068835,False,precision
15247,0.752455213936732,0.19302157801534728,2943,0.7928340517241379,0.24887979001373275,False,precision
15276,0.7538863939199526,0.19265514532600156,2943,0.7928340517241379,0.24859436563627355,False,precision
15285,0.75433055322509,0.19254170755642788,2943,0.7928340517241379,0.2480816781604014,False,precision
15287,0.7544292552928984,0.19251651730228297,2943,0.7928340517241379,0.24757021840820842,False,precision
15322,0.756156541479544,0.19233781490667015,2947,0.7939116379310345,0.24718734851616161,False,precision
15324,0.7562552435473523,0.19231271208561734,2947,0.7939116379310345,0.24711821542854592,False,precision
15331,0.7566007007846814,0.19222490378970714,2947,0.7939116379310345,0.24681401943051448,False,precision
15338,0.7569461580220106,0.19220237319076802,2948,0.7941810344827587,0.24663969832593566,False,precision
15346,0.7573409662932439,0.1921673400234589,2949,0.7944504310344828,0.24643035472008706,False,precision
15379,0.7589695504120811,0.19175499057155862,2949,0.7944504310344828,0.24614217006864963,False,precision
15393,0.7596604648867393,0.19158058857922433,2949,0.7944504310344828,0.24570978304958133,False,precision
15413,0.7606474855648225,0.19139687276973982,2950,0.7947198275862069,0.2455688376961533,False,precision
15438,0.7618812614124266,0.19115170358854774,2951,0.794989224137931,0.244435595334254,False,precision
15647,0.7721956274983961,0.189173643509938,2960,0.7974137931034483,0.24437420321790604,False,precision
15662,0.7729358930069585,0.1890563146469161,2961,0.7976831896551724,0.24422576674969237,False,precision
15664,0.7730345950747668,0.18915985699693566,2963,0.7982219827586207,0.24399140607011957,False,precision
15892,0.7842866308049153,0.1872640322174679,2976,0.8017241379310345,0.24391299367523187,False,precision
16016,0.7904061590090312,0.18656343656343657,2988,0.8049568965517241,0.2432626079575716,False,precision
16022,0.7907022652124562,0.1864935713394083,2988,0.8049568965517241,0.2432474862370265,False,precision
16047,0.7919360410600602,0.1862030286034773,2988,0.8049568965517241,0.2429164690686117,False,precision
16067,0.7929230617381434,0.1860334847824734,2989,0.8052262931034483,0.2428826368736243,False,precision
16075,0.7933178700093767,0.1860031104199067,2990,0.8054956896551724,0.24261201585007688,False,precision
16087,0.7939100824162266,0.18605084851122025,2993,0.8063038793103449,0.24257231157894413,False,precision
16211,0.8000296106203425,0.1854296465363025,3006,0.8098060344827587,0.24245967832513793,False,precision
16212,0.8000789616542466,0.18541820873427092,3006,0.8098060344827587,0.24201830317647455,False,precision
16216,0.8002763657898633,0.18537247163295512,3006,0.8098060344827587,0.24150848468977257,False,precision
16218,0.8003750678576717,0.1853496115427303,3006,0.8098060344827587,0.2412975949490037,False,precision
16230,0.8009672802645216,0.18521256931608132,3006,0.8098060344827587,0.24077946474723586,False,precision
16242,0.8015594926713715,0.18513729836227066,3007,0.8100754310344828,0.24050783768323736,False,precision
16280,0.8034348319597295,0.18476658476658478,3008,0.8103448275862069,0.24038989293130775,False,precision
16499,0.8142427083847407,0.18292017698042307,3018,0.8130387931034483,0.24030700236903565,False,precision
16503,0.8144401125203573,0.18287584075622615,3018,0.8130387931034483,0.24011778902475595,False,precision
16618,0.8201154814193358,0.18173065350824408,3020,0.8135775862068966,0.23999417841716097,False,precision
16625,0.8204609386566648,0.18165413533834587,3020,0.8135775862068966,0.23948251598620607,False,precision
16632,0.820806395893994,0.1816979316979317,3022,0.8141163793103449,0.2388960309781827,False,precision
16654,0.8218921186398855,0.18151795364477002,3023,0.814385775862069,0.2387150561606503,False,precision
16845,0.8313181661155801,0.18005342831700802,3033,0.8170797413793104,0.2387085314441466,False,precision
16849,0.8315155702511967,0.18001068312659504,3033,0.8170797413793104,0.23870238726140122,False,precision
16896,0.8338350688446923,0.17956912878787878,3034,0.8173491379310345,0.23828312213733327,False,precision
16898,0.8339337709125006,0.17954787548822346,3034,0.8173491379310345,0.2382061314355636,False,precision
16934,0.8357104081330504,0.17934333293964805,3037,0.8181573275862069,0.2380621463683916,False,precision
16952,0.8365987267433252,0.1792708824917414,3039,0.8186961206896551,0.23805147191853607,False,precision
16960,0.8369935350145585,0.179186320754717,3039,0.8186961206896551,0.23757221915819102,False,precision
16975,0.837733800523121,0.17908689248895435,3040,0.8189655172413793,0.23656319440616816,False,precision
16978,0.8378818536248335,0.17905524796795855,3040,0.8189655172413793,0.2364735391907619,False,precision
17241,0.8508611755416275,0.17719389826576185,3055,0.8230064655172413,0.2362984737716319,False,precision
17242,0.8509105265755318,0.17718362138962998,3055,0.8230064655172413,0.2360956958837102,False,precision
17261,0.8518481962197108,0.17704652105903482,3056,0.8232758620689655,0.23605143927088487,False,precision
17262,0.851897547253615,0.1770362646275055,3056,0.8232758620689655,0.23604149073899577,False,precision
17269,0.852243004490944,0.17696450286640802,3056,0.8232758620689655,0.23597758155431262,False,precision
17504,0.8638404974584217,0.17521709323583182,3067,0.826239224137931,0.23582335703708251,False,precision
17554,0.8663080491536298,0.174888914207588,3070,0.8270474137931034,0.23540751015067293,False,precision
17558,0.8665054532892464,0.1748490716482515,3070,0.8270474137931034,0.23540375371351807,False,precision
17580,0.8675911760351379,0.1748009101251422,3073,0.8278556034482759,0.2352307911895138,False,precision
17581,0.867640527069042,0.17479096752175644,3073,0.8278556034482759,0.23481806398096755,False,precision
17597,0.8684301436115086,0.1746320395521964,3073,0.8278556034482759,0.23446019049402594,False,precision
17640,0.8705522380693875,0.17431972789115646,3075,0.8283943965517241,0.23418387981097505,False,precision
17655,0.87129250357795,0.17417162276975362,3075,0.8283943965517241,0.23365446323106276,False,precision
17672,0.8721314711543207,0.17400407424173833,3075,0.8283943965517241,0.23355294512223404,False,precision
17709,0.8739574594087746,0.173696990230956,3076,0.8286637931034483,0.2333395816549768,False,precision
17715,0.8742535656121996,0.17363815975162292,3076,0.8286637931034483,0.23279925006956412,False,precision
17722,0.8745990228495287,0.17356957454011962,3076,0.8286637931034483,0.23257028684725903,False,precision
17741,0.8755366924937077,0.17338368750352293,3076,0.8286637931034483,0.23255235442602507,False,precision
17744,0.8756847455954202,0.17335437330928766,3076,0.8286637931034483,0.2322708183243075,False,precision
17745,0.8757340966293243,0.17334460411383487,3076,0.8286637931034483,0.23173144792087005,False,precision
17749,0.875931500764941,0.1733055383401882,3076,0.8286637931034483,0.2315856280447572,False,precision
17804,0.8786458076296698,0.17299483262188273,3080,0.8297413793103449,0.231564877361145,False,precision
17809,0.8788925627991906,0.17294626312538605,3080,0.8297413793103449,0.23152506235388282,False,precision
17819,0.8793860731382322,0.17296144564790392,3082,0.8302801724137931,0.2314005882935288,False,precision
17821,0.8794847752060405,0.17294203467818867,3082,0.8302801724137931,0.2310151447156251,False,precision
17835,0.8801756896806988,0.1728623493131483,3083,0.8305495689655172,0.23097835509809456,False,precision
17836,0.880225040714603,0.1728526575465351,3083,0.8305495689655172,0.23052222270736147,False,precision
17842,0.880521146918028,0.17279452976123752,3083,0.8305495689655172,0.2304617199338841,False,precision
17846,0.8807185510536446,0.17275579961896223,3083,0.8305495689655172,0.23034793577300175,False,precision
17876,0.8821990820707694,0.17246587603490715,3083,0.8305495689655172,0.2302282624589604,False,precision
18128,0.8946355426146178,0.17100617828773168,3100,0.8351293103448276,0.2300574254963721,False,precision
18142,0.895326457089276,0.17092933524418477,3101,0.8353987068965517,0.2299087202652598,False,precision
18159,0.8961654246656467,0.17076931549094113,3101,0.8353987068965517,0.2298801544715579,False,precision
18160,0.8962147756995509,0.17075991189427311,3101,0.8353987068965517,0.22933403321884516,False,precision
18392,0.9076642155653161,0.16931274467159635,3114,0.8389008620689655,0.22817504069152764,False,precision
18406,0.9083551300399744,0.16918396175160275,3114,0.8389008620689655,0.2280479110675565,False,precision
18458,0.9109213838029907,0.16886986672445553,3117,0.8397090517241379,0.2280160404643222,False,precision
18462,0.9111187879386073,0.1688332791680208,3117,0.8397090517241379,0.2279927135048383,False,precision
18463,0.9111681389725115,0.16882413475599847,3117,0.8397090517241379,0.22753763145098285,False,precision
18471,0.9115629472437448,0.16875101510475882,3117,0.8397090517241379,0.22751573518885135,False,precision
18488,0.9124019148201155,0.16870402423193423,3119,0.8402478448275862,0.22688771311090075,False,precision
18509,0.9134382865321028,0.1686206710249068,3121,0.8407866379310345,0.22655394889319588,False,precision
18544,0.9151655727187484,0.1684641932700604,3124,0.8415948275862069,0.22630016476522385,False,precision
18566,0.91625129546464,0.16826456964343423,3124,0.8415948275862069,0.22627242015713925,False,precision
18572,0.9165474016680649,0.1683178979108335,3126,0.8421336206896551,0.22601983092266742,False,precision
18827,0.9291319153136258,0.16699421044244966,3144,0.8469827586206896,0.22422135743052501,False,precision
18859,0.930711148398559,0.1667108542340527,3144,0.8469827586206896,0.22405212049310333,False,precision
18860,0.9307604994324631,0.16670201484623542,3144,0.8469827586206896,0.22396295075111447,False,precision
18861,0.9308098504663672,0.16669317639573725,3144,0.8469827586206896,0.22394030515373484,False,precision
18878,0.931648818042738,0.16654306600275454,3144,0.8469827586206896,0.2236442756424315,False,precision
18880,0.9317475201105463,0.16652542372881357,3144,0.8469827586206896,0.22340177484848975,False,precision
18887,0.9320929773478754,0.16646370519404882,3144,0.8469827586206896,0.22299184542107442,False,precision
18890,0.932241030449588,0.16649020645844362,3145,0.8472521551724138,0.2219605899490463,False,precision
18896,0.9325371366530129,0.16649026248941576,3146,0.8475215517241379,0.22182692024549155,False,precision
18897,0.932586487686917,0.1664814520823411,3146,0.8475215517241379,0.22017236492496364,False,precision
18914,0.9334254552632878,0.16633181770117372,3146,0.8475215517241379,0.21958397952711461,False,precision
18932,0.9343137738735626,0.1661736742024086,3146,0.8475215517241379,0.21911737559772146,False,precision
18959,0.935646251788975,0.16614800358668705,3150,0.8485991379310345,0.218599259266385,False,precision
19044,0.9398410896708286,0.16566897710565007,3155,0.8499461206896551,0.21801966481754403,False,precision
19045,0.9398904407047327,0.16566027828826463,3155,0.8499461206896551,0.21793062465611365,False,precision
19046,0.939939791738637,0.16565158038433267,3155,0.8499461206896551,0.2177277068670566,False,precision
19064,0.9408281103489118,0.1654951741502308,3155,0.8499461206896551,0.21747940978773522,False,precision
19066,0.9409268124167202,0.16547781390957725,3155,0.8499461206896551,0.21733903031269672,False,precision
19077,0.9414696737896658,0.16543481679509356,3156,0.8502155172413793,0.21696575802304416,False,precision
19185,0.9467995854513152,0.16481626270523847,3162,0.8518318965517241,0.21591268103792305,False,precision
19210,0.9480333612989192,0.16460176991150444,3162,0.8518318965517241,0.21329352398740387,False,precision
19315,0.953215219858856,0.16401760289930106,3168,0.853448275862069,0.2131413506510384,False,precision
19319,0.9534126239944727,0.1639836430457063,3168,0.853448275862069,0.21210479645033414,False,precision
19324,0.9536593791639935,0.163941212999379,3168,0.853448275862069,0.2108331324411315,False,precision
19414,0.9581009722153679,0.16343875553724116,3173,0.8547952586206896,0.2105304686669649,False,precision
19425,0.9586438335883136,0.1633976833976834,3174,0.8550646551724138,0.21025724054466516,False,precision
19443,0.9595321521985886,0.16334927737489072,3176,0.8556034482758621,0.20998288162462778,False,precision
19449,0.9598282584020135,0.16329888426140163,3176,0.8556034482758621,0.20983906243407097,False,precision
19451,0.9599269604698218,0.16328209346563158,3176,0.8556034482758621,0.20799653034161608,False,precision
19487,0.9617035976903716,0.16303176476625442,3177,0.8558728448275862,0.20786398632259914,False,precision
19507,0.9626906183684548,0.16291587635207874,3178,0.8561422413793104,0.20753279313776,False,precision
19535,0.9640724473177713,0.16278474532889686,3180,0.8566810344827587,0.20710469190640118,False,precision
19566,0.9656023293688003,0.16252683226004294,3180,0.8566810344827587,0.20631055708316415,False,precision
19567,0.9656516804027044,0.16251852608984516,3180,0.8566810344827587,0.20626907340984005,False,precision
19600,0.9672802645215417,0.16229591836734694,3181,0.8569504310344828,0.2052908566706306,False,precision
19606,0.9675763707249667,0.16224625114760788,3181,0.8569504310344828,0.20491006367329187,False,precision
19631,0.9688101465725707,0.16214151087565584,3183,0.857489224137931,0.20422605038874903,False,precision
19667,0.9705867837931205,0.1620481008796461,3187,0.8585668103448276,0.2042121507142869,False,precision
19708,0.972610176183191,0.16181246194438806,3189,0.8591056034482759,0.20414653256973894,False,precision
19710,0.9727088782509994,0.16179604261796043,3189,0.8591056034482759,0.20401497615098615,False,precision
19724,0.9733997927256576,0.16168120056783614,3189,0.8591056034482759,0.20330127661881306,False,precision
19750,0.9746829196071658,0.16162025316455697,3192,0.8599137931034483,0.20160075215669107,False,precision
19787,0.9765089078616197,0.16136857532723506,3193,0.8601831896551724,0.20076286173046562,False,precision
19790,0.9766569609633322,0.16134411318847902,3193,0.8601831896551724,0.20028578005636047,False,precision
19806,0.9774465775057988,0.16131475310511967,3195,0.8607219827586207,0.20010382866628315,False,precision
19816,0.9779400878448403,0.16123334679047235,3195,0.8607219827586207,0.19982618433460633,False,precision
19847,0.9794699698958693,0.16103189398901596,3196,0.8609913793103449,0.197473516994717,False,precision
19888,0.9814933622859399,0.16080048270313757,3198,0.8615301724137931,0.19725159423475336,False,precision
19893,0.9817401174554606,0.16076006635499926,3198,0.8615301724137931,0.1940191581174298,False,precision
19932,0.9836648077777229,0.16054585591009432,3200,0.8620689655172413,0.19239026846051938,False,precision
19935,0.9838128608794354,0.16052169551040882,3200,0.8620689655172413,0.18729549681190644,False,precision
19953,0.9847011794897103,0.1604270034581266,3201,0.8623383620689655,0.1871286406683484,False,precision
19972,0.9856388491338893,0.1602743841377929,3201,0.8623383620689655,0.18561930856247436,False,precision
19993,0.9866752208458767,0.16010603711298954,3201,0.8623383620689655,0.1852213795992697,False,precision
20003,0.9871687311849183,0.1600259961005849,3201,0.8623383620689655,0.1850422344891565,False,precision
20027,0.9883531559986182,0.15983422379787288,3201,0.8623383620689655,0.18129022105249495,False,precision
20040,0.9889947194393722,0.1597305389221557,3201,0.8623383620689655,0.17232708124690527,False,precision
20041,0.9890440704732764,0.1597225687340951,3201,0.8623383620689655,0.1715003328806049,False,precision
20065,0.9902284952869762,0.1595813605781211,3202,0.8626077586206896,0.16459378278577602,False,precision
20076,0.990771356659922,0.15949392309224944,3202,0.8626077586206896,0.1641655858182759,False,precision
20084,0.9911661649311553,0.1594303923521211,3202,0.8626077586206896,0.16412251024452326,False,precision
20107,0.992301238710951,0.15929775700004972,3203,0.8628771551724138,0.11214365988479226,False,precision
20144,0.9941272269654049,0.159005162827641,3203,0.8628771551724138,0.10783793596588072,False,precision
20177,0.9957558110842422,0.15874510581355009,3203,0.8628771551724138,0.10715370479004668,False,precision
20207,0.997236342101367,0.15850942742613947,3203,0.8628771551724138,0.10419262113008458,False,precision
20234,0.9985688200167794,0.15829791440150243,3203,0.8628771551724138,0.07089063979865888,False,precision
20263,1.0,0.15812071262892957,3204,0.8631465517241379,0.07089063979865887,False,precision
